pid,h,observed,load,to,title,actual,snap,proj,eps
09TPIT0170,4,True,False,Oncor Electric Deliv,Tyler Bullard Road terminal equipment,2010-11-02,2009-11-01,2010-05-01,-2
10TPIT0119,4,True,False,Bandera Electric,Add 2nd Autotransformer at Bandera,2010-11-10,2009-11-01,2010-06-01,-2
10TPIT0118,4,True,False,Bandera Electric,Bandera-Verde Creek Rebuild,2010-11-10,2009-11-01,2010-06-01,-2
07TPIT0034,4,True,False,Bandera Electric,Medina Lake-Pipe Creek Rebuild (formally (Medina Lake-CPS Ca,2010-11-10,2009-11-01,2010-05-01,-2
09TPIT0018,4,True,False,BRAZOS,Reagor Springs to India Rebuild/Upgrade,2010-11-11,2009-11-01,2010-02-01,-3
10TPIT0132,4,True,False,CNP,Britmore - Addicks Ckt.09 Reconductor,2010-11-29,2009-11-01,2010-12-31,0
11TPIT0095,4,True,False,Oncor Electric Deliv,Renner SVC Phase II,2010-12-01,2009-11-01,2011-05-01,2
10TPIT0101,4,True,False,Oncor Electric Deliv,Willow Creek - Parker 345 kV line,2010-12-01,2009-11-01,2010-12-01,0
11TPIT0073,4,True,False,CNP,Kirby - Garrott Ckt. 37,2010-12-19,2009-11-01,2010-11-06,0
08TPIT0009,4,True,False,Oncor Electric Deliv,Hutto Switch - Round Rock NE - Round Rock 138 kV line,2010-12-22,2009-11-01,2010-05-01,-2
09TPIT0173,4,True,False,Oncor Electric Deliv,Waco West - Waco Woodway - Waco Atco 138 kV line,2010-12-29,2009-11-01,2010-10-01,-1
09TPIT0077,4,True,False,GARLAND,McCree-Shiloh 138 kV line,2010-12-31,2009-11-01,2010-05-31,-2
10TPIT0114,4,True,False,TMPA,Roanoke Tap to West Denton 345kV CREZ Circuit,2010-12-31,2009-11-01,2010-06-24,-2
06TPIT0167,4,True,False,STEC,MVEC Merett-MVEC Pharr,2011-01-01,2009-11-01,2010-04-30,-3
09TPIT0022,4,True,False,Oncor Electric Deliv,Killeen Switch - S. Harker Heights 138 kV line ,2011-01-01,2009-11-01,2011-05-01,1
10TPIT0108,4,True,False,COCS/BTU,Dowling Rd Substation Additions,2011-01-11,2009-11-01,2010-05-01,-3
08TPIT0032,4,True,False,LCRA TSC,Gilleland 345/138kV autotransformer,2011-01-11,2009-11-01,2011-12-01,3
08TPIT0042,4,True,False,BRAZOS,Seaton to Barclay Rebuild,2011-01-20,2009-11-01,2010-05-01,-3
09TPIT0119,4,True,False,Oncor Electric Deliv,Whitesboro SE - Gordonville 138 kV tap line,2011-01-25,2009-11-01,2010-05-01,-3
08TPIT0020,4,True,False,LCRA TSC,Zorn/Clear Springs-Gilleland Creek-Hutto Switch 345-kV line,2011-02-01,2009-11-01,2011-12-01,3
09TPIT0098,4,True,False,AEP/TCC,"Dilley, add 138 kV terminal ",2011-02-11,2009-11-01,2010-05-01,-3
07TPIT0055,4,True,False,BRAZOS,Frisco to Kruegerville Rebuild,2011-02-16,2009-11-01,2011-06-01,1
08TPIT0085,4,True,False,STEC,Palo Duro Switching Station,2011-02-17,2009-11-01,2010-05-01,-3
08TPIT0094,4,True,False,STEC,Palo Duro to AEP Dilley SS 138 kV Line,2011-02-17,2009-11-01,2010-05-01,-3
09TPIT0189,4,True,False,STEC,Pearsall to Dilley 69 kV Line,2011-02-25,2009-11-01,2010-05-01,-3
10TPIT0076,4,True,False,BRAZOS,Stephenville to Granbury 138KV Conversion ,2011-02-25,2009-11-01,2010-06-01,-3
10TPIT0050,4,True,False,BTU,Rayburn Substation,2011-03-01,2009-11-01,2010-05-10,-3
11TPIT0088,4,True,False,AEP/ETT,La Quinta: Configure station to 3 breaker ring bus,2011-03-01,2009-11-01,2011-06-30,1
10TPIT0021,4,True,False,Oncor Electric Deliv,Krum West Switch - NW Carrollton 345 kV circuit (Oncor Elect,2011-03-01,2009-11-01,2010-06-01,-3
08TPIT0162,4,True,False,CNP,Convert Alta Loma 69/138kV dual voltage substation to a 138k,2011-03-02,2010-03-01,2011-05-31,1
12TPIT0055,4,True,False,CPS,Hill Country to Stonegate - 138 kV 2nd Circuit,2011-03-08,2010-03-01,2012-06-01,5
07TPIT0018,4,True,False,Oncor Electric Deliv,Lewisville Switch (Brazos) - Highland (TNMP) 138 kV line  (O,2011-03-14,2010-03-01,2015-05-01,17
06TPIT9999,4,True,False,STEC,Sioux-Gandy 138kV Line,2011-03-16,2010-03-01,2010-06-01,-3
10TPIT0123,4,True,False,STEC,Sioux 138 kV substation,2011-03-16,2010-03-01,2010-06-01,-3
08TPIT0068,4,True,False,Oncor Electric Deliv,Collin - Frisco (Brazos) 138 kV line,2011-03-18,2010-03-01,2013-05-01,9
11TPIT0093,4,True,False,Oncor Electric Deliv,Saginaw Switch capacitors,2011-03-29,2010-03-01,2011-05-01,1
11TPIT0053,4,True,False,Oncor Electric Deliv,Gresham Road 138 kV Switching Station,2011-04-01,2010-03-01,2011-05-01,1
09TPIT0105,4,True,False,Oncor Electric Deliv,Rattlesnake Road Switch - Lake Creek 345 kV line,2011-04-04,2010-03-01,2011-05-01,0
10TPIT0047,4,True,False,CNP,Zenith 345kV Switching Station,2011-04-06,2010-03-01,2011-05-31,0
11TPIT0112,4,True,False,CNP,Hockley - Peters Ckt.58,2011-04-20,2010-03-01,2011-05-31,0
10TPIT0044,4,True,False,CPS,Marbach substation removal - Reconfigure 138kV lines at Marb,2011-04-21,2010-03-01,2011-01-05,-1
11TPIT0051,4,True,False,AEP/ETT,"Riley, Build 345 kV switch station, cutting in the existing ",2011-04-28,2010-03-01,2011-05-31,0
11TPIT0054,4,True,False,Oncor Electric Deliv,Abilene South - Leon 138 kV line (Oncor Electric Delivery's ,2011-05-01,2010-03-01,2011-06-01,0
09TPIT0101,4,True,False,AEP/TCC,"Oleander, Construct 138/69 kV Substation",2011-05-02,2010-03-01,2011-06-01,0
11TPIT0094,4,True,False,Oncor Electric Deliv,Venus Switch capacitors,2011-05-04,2010-03-01,2011-05-01,0
07TPIT7777,4,True,False,STEC,MVEC Pharr-Alberta Switch,2011-05-06,2010-03-01,2010-11-01,-2
11TPIT0056,4,True,False,AEP/TNC,"Cisco, Convert station to 138 kV",2011-05-06,2010-03-01,2011-06-30,0
11TPIT0090,4,True,False,Oncor Electric Deliv,Benbrook Switch capacitors,2011-05-13,2010-03-01,2011-05-01,0
11TPIT0091,4,True,False,Oncor Electric Deliv,Elkton Switch capacitors,2011-05-13,2010-03-01,2011-05-01,0
10TPIT0141,4,True,False,BRAZOS,Olney to Rice,2011-05-16,2010-03-01,2010-11-16,-2
10TPIT0069,4,True,False,AEP/ETT/TCC,"Thomaston: Install 138 kV PST, Add 3-28.8 MVAR Cap Banks, Re",2011-05-19,2010-03-01,2011-05-31,0
11TPIT0005,4,True,False,CPS,Talley Rd - New 138kV Substation,2011-05-26,2010-03-01,2011-06-01,0
11TPIT0021,4,True,False,BRAZOS,Nassau Bay to Nassau Bay Sw. Rebuild,2011-05-30,2010-03-01,2010-09-01,-3
11TPIT0039,4,True,False,CPS,Dresden to LA Heights - 138kV line upgrade,2011-05-31,2010-03-01,2011-06-01,0
11TPIT0087,4,True,False,AEP/TNC,"Putnam, Recofigure Station",2011-05-31,2010-03-01,2011-05-31,0
11TPIT0102,4,True,False,BRAZOS,Waples to Hood Conversion,2011-05-31,2010-03-01,2011-03-04,-1
11TPIT0035,4,True,False,GARLAND,"McCree 69 kV, install 18.0 MVAR Cap Bank",2011-06-01,2010-03-01,2011-05-31,0
11TPIT0044,4,True,False,AEP/ETT/TCC,Highway 9 to Valero West 69 kV transmission line upgrades,2011-06-01,2010-03-01,2012-04-23,4
09TPIT0130,4,True,False,GARLAND,"Newman 138 kV, install 24.0 MVAR Cap Bank",2011-06-01,2010-03-01,2010-10-29,-2
11TPIT0075,4,True,False,CPS,Kirby to Tuttle - 138 kV Circuit,2011-06-01,2010-03-01,2011-01-31,-1
05TPIT0068,4,True,False,PEC,Marshall Ford-Buttercup,2011-06-01,2010-03-01,2011-06-01,0
11TPIT0080,4,True,False,Oncor Electric Deliv,Killeen Switch - Killeen South - Killeen Fort Hood West Tap ,2011-06-01,2010-03-01,2011-05-01,0
11TPIT0067,4,True,False,Oncor Electric Deliv,Tonkawa Switch,2011-06-01,2010-03-01,2011-02-01,-1
11TPIT0068,4,True,False,Oncor Electric Deliv,Tonkawa - Sweetwater East 345 kV line,2011-06-01,2010-03-01,2011-05-01,0
11TPIT0069,4,True,False,Oncor Electric Deliv,Sweetwater East Switch,2011-06-01,2010-03-01,2011-05-01,0
12TPIT0040,4,True,False,Oncor Electric Deliv,Scurry County South Switch (Central A) ,2011-06-01,2010-03-01,2011-09-01,1
12TPIT0041,4,True,False,Oncor Electric Deliv,Dermott Switch (Central B) ,2011-06-01,2010-03-01,2011-09-01,1
12TPIT0042,4,True,False,Oncor Electric Deliv,Scurry County South Switch (Central A) - Tonkawa 345 kV line,2011-06-01,2010-03-01,2011-09-01,1
11TPIT0118,4,True,False,GVEC,Cheapside - New Substation,2011-06-03,2010-06-01,2011-11-30,2
08TPIT0080,4,True,False,AEP/ETT,"Abilene South to Tuscola, Rebuild 69 kV line",2011-06-06,2010-06-01,2011-12-31,2
10TPIT0087,4,True,False,AEP/ETT/ONCOR,"Putnam to Leon, Convert 69 kV line to 138 kV",2011-06-07,2010-06-01,2011-06-30,0
10TPIT0065,4,True,False,BTU,Dansby Substation,2011-06-11,2010-06-01,2011-02-28,-1
11TPIT0030,4,True,False,BTU,Thompson Creek Substation,2011-06-11,2010-06-01,2011-02-28,-1
05TPIT0172,4,True,False,BTU,"Thompson Creek to Dansby 138, New line construction",2011-06-20,2010-06-01,2011-02-28,-1
11TPIT0120,4,True,False,Oncor Electric Deliv,Pegasus 138 kV Tap and Point of Interconnection,2011-06-23,2010-06-01,2011-05-01,0
12TPIT0066,4,True,False,Oncor Electric Deliv,Laguna Vista 138 kV tap lines,2011-06-23,2010-06-01,2011-05-01,0
07TPIT0026,4,True,False,BRAZOS,Booneville to Hearne Southwest Rebuild,2011-07-07,2010-06-01,2011-03-16,-2
07TPIT0086,4,True,False,AUSTIN ENERGY,Circuit 978 (Seaholm to Warren) Reconductor,2011-08-01,2010-06-01,2012-04-01,2
11TPIT0106,4,True,False,AEP/ETT/TCC,Pelican 138 kV:  Build 4 Breaker  ring Bus,2011-09-28,2010-09-01,2011-10-31,1
10TPIT0022,4,True,False,AUSTIN ENERGY,Ckt 918 Oak Hill to Brodie Lane Reconductor,2011-10-01,2010-09-01,2014-06-01,11
10TPIT0026,4,True,False,AUSTIN ENERGY,Mueller 138kV substation,2011-10-01,2010-09-01,2011-10-01,0
09TPIT0176,4,True,False,PEC,Bertram-Andice,2011-10-10,2010-09-01,2011-05-01,-2
10TPIT0078,4,True,False,BRAZOS,Granbury to Glen Rose Rebuild,2011-10-17,2010-09-01,2011-09-01,-1
12TPIT0070,4,True,False,AEP/ETT,"Ballinger to Winters, Rebuild 69 kV line",2011-10-22,2010-09-01,2011-12-31,0
11TPIT0099,4,True,False,Oncor Electric Deliv,Temple Switch circuit breaker,2011-11-01,2010-09-01,2011-12-01,0
11TPIT0092,4,True,False,Oncor Electric Deliv,Handley SES capacitors,2011-11-05,2010-09-01,2011-05-01,-2
11TPIT0092,8,True,False,Oncor Electric Deliv,Handley SES capacitors,2011-11-05,2009-11-01,2011-05-01,-2
09TPIT0103,4,True,False,AEP/TNC,"Alamito Creek, add 2nd 138/69 kV auto",2011-11-10,2010-09-01,2011-03-31,-3
09TPIT0103,8,True,False,AEP/TNC,"Alamito Creek, add 2nd 138/69 kV auto",2011-11-10,2009-11-01,2010-12-31,-4
11TPIT0104,4,True,False,AEP/ETT/TCC,Move Hearn Rd to the Lon Hill to Upriver 69 kV line,2011-11-11,2010-09-01,2011-05-30,-2
11TPIT0103,4,True,False,AEP/TCC,Remove Hearn Rd from Lon Hill to Sinton 69 kV Line ,2011-11-11,2010-09-01,2011-11-30,0
12TPIT0024,4,True,False,LCRA TSC,Kendall Autotransformer Replacement,2011-11-17,2010-09-01,2011-12-22,0
12TPIT0024,8,True,False,LCRA TSC,Kendall Autotransformer Replacement,2011-11-17,2009-11-01,2012-12-30,4
10TPIT0064,4,True,False,GVEC,Parkway(7611) - Schertz(7610) Transmission Line,2011-11-18,2010-09-01,2011-12-15,0
10TPIT0064,8,True,False,GVEC,Parkway(7611) - Schertz(7610) Transmission Line,2011-11-18,2009-11-01,2011-12-15,0
11TPIT0042,4,True,False,AEP/TCC,"Gila to Highway 9 138kV, Re-connect existing Highway 9 to Nu",2011-11-18,2010-09-01,2012-04-12,2
11TPIT0042,8,True,False,AEP/TCC,"Gila to Highway 9 138kV, Re-connect existing Highway 9 to Nu",2011-11-18,2009-11-01,2011-12-01,0
11TPIT0058,4,True,False,AEP/ETT,"Paducah Clare to Paducah City, Rebuild 69 kV line",2011-11-22,2010-09-01,2012-06-30,2
11TPIT0058,8,True,False,AEP/ETT,"Paducah Clare to Paducah City, Rebuild 69 kV line",2011-11-22,2009-11-01,2011-12-31,0
12TPIT0076,4,True,False,AEP/ETT,"Oklaunion, Expand 345 kV switch station for the addition of ",2011-11-30,2010-09-01,2012-05-31,2
11TPIT0052,4,True,False,AEP/ETT,"Riley, Build a new Riley to Oklaunion 345 kV line ",2011-11-30,2010-09-01,2012-04-30,2
11TPIT0052,8,True,False,AEP/ETT,"Riley, Build a new Riley to Oklaunion 345 kV line ",2011-11-30,2009-11-01,2012-05-31,2
08TPIT0133,4,True,False,AEP/ETT,Rocksprings Station:  Install 69 KV Ring Bus,2011-12-01,2010-09-01,2011-12-31,0
08TPIT0133,8,True,False,AEP/ETT,Rocksprings Station:  Install 69 KV Ring Bus,2011-12-01,2009-11-01,2012-12-31,4
09TPIT0214,4,True,False,STEC,Alberta Switch 138kV Substation,2011-12-01,2010-09-01,2011-06-01,-2
09TPIT0214,8,True,False,STEC,Alberta Switch 138kV Substation,2011-12-01,2009-11-01,2011-01-01,-3
10TPIT0103,4,True,False,Oncor Electric Deliv,Bowman Switch terminal equipment,2011-12-01,2010-09-01,2011-12-01,0
10TPIT0103,8,True,False,Oncor Electric Deliv,Bowman Switch terminal equipment,2011-12-01,2009-11-01,2011-12-01,0
10TPIT0104,4,True,False,Oncor Electric Deliv,Bowman Switch terminal equipment,2011-12-01,2010-09-01,2011-12-01,0
10TPIT0104,8,True,False,Oncor Electric Deliv,Bowman Switch terminal equipment,2011-12-01,2009-11-01,2011-12-01,0
11TPIT0061,4,True,False,Oncor Electric Deliv,Bowman - Riley (Oklaunion) 345 kV line (Oncor Electric Deliv,2011-12-01,2010-09-01,2011-12-01,0
11TPIT0061,8,True,False,Oncor Electric Deliv,Bowman - Riley (Oklaunion) 345 kV line (Oncor Electric Deliv,2011-12-01,2009-11-01,2011-12-01,0
11TPIT0062,4,True,False,Oncor Electric Deliv,Sweetwater East - Central Bluff 345 kV line,2011-12-01,2010-09-01,2011-12-01,0
11TPIT0062,8,True,False,Oncor Electric Deliv,Sweetwater East - Central Bluff 345 kV line,2011-12-01,2009-11-01,2011-12-01,0
11TPIT0063,4,True,False,Oncor Electric Deliv,Central Bluff Switch,2011-12-01,2010-09-01,2011-12-01,0
11TPIT0063,8,True,False,Oncor Electric Deliv,Central Bluff Switch,2011-12-01,2009-11-01,2011-12-01,0
11TPIT0064,4,True,False,Oncor Electric Deliv,Central Bluff - Bluff Creek 345 kV line,2011-12-01,2010-09-01,2011-12-01,0
11TPIT0064,8,True,False,Oncor Electric Deliv,Central Bluff - Bluff Creek 345 kV line,2011-12-01,2009-11-01,2011-12-01,0
11TPIT0070,4,True,False,Oncor Electric Deliv,Dermott Switch (Central B) - Scurry County South Switch (Cen,2011-12-01,2010-09-01,2011-12-01,0
11TPIT0070,8,True,False,Oncor Electric Deliv,Dermott Switch (Central B) - Scurry County South Switch (Cen,2011-12-01,2009-11-01,2011-09-01,-1
11TPIT0098,4,True,False,Oncor Electric Deliv,Bowman Switch,2011-12-01,2010-09-01,2011-12-01,0
11TPIT0098,8,True,False,Oncor Electric Deliv,Bowman Switch,2011-12-01,2009-11-01,2011-12-01,0
12TPIT0069,4,True,False,AEP/ETT/TCC,Barney Davis to Alazan 138 kV line rebuild,2011-12-09,2010-12-01,2011-12-31,0
12TPIT0032,4,True,False,LCRA TSC,Fort Mason to Pitsburg,2011-12-14,2010-12-01,2011-11-01,0
12TPIT0032,8,True,False,LCRA TSC,Fort Mason to Pitsburg,2011-12-14,2009-11-01,2012-12-30,4
11TPIT0144,4,True,False,AEP/ETT,"Rough Canyon to Hamilton Road, Rebuild 69 kV as 138 kV, ener",2011-12-20,2010-12-01,2011-12-31,0
11TPIT0060,4,True,False,Oncor Electric Deliv,Lamesa - Ackerly Vealmoor 69 kV line,2011-12-29,2010-12-01,2011-12-01,0
11TPIT0060,8,True,False,Oncor Electric Deliv,Lamesa - Ackerly Vealmoor 69 kV line,2011-12-29,2009-11-01,2011-12-01,0
10TPIT0090,4,True,False,Oncor Electric Deliv,Copperas Cove - Killeen Clark Road Tap - Killeen Fort Hood W,2011-12-29,2010-12-01,2011-12-01,0
10TPIT0090,8,True,False,Oncor Electric Deliv,Copperas Cove - Killeen Clark Road Tap - Killeen Fort Hood W,2011-12-29,2009-11-01,2011-05-01,-2
12TPIT0091,4,True,False,Oncor Electric Deliv,Garvey Road 345 kV Switching Station,2011-12-29,2010-12-01,2012-01-01,0
10TPIT0037,4,True,False,Oncor Electric Deliv,Bell County East - TNP One 345 kV line and Bell County East ,2011-12-30,2010-12-01,2011-12-01,0
10TPIT0037,8,True,False,Oncor Electric Deliv,Bell County East - TNP One 345 kV line and Bell County East ,2011-12-30,2009-11-01,2011-05-01,-2
09TPIT0031,4,True,False,AUSTIN ENERGY,Circuit 972 (McNeil to Howard Lane) Reconductor,2012-01-01,2010-12-01,2014-06-01,10
09TPIT0031,8,True,False,AUSTIN ENERGY,Circuit 972 (McNeil to Howard Lane) Reconductor,2012-01-01,2009-11-01,2014-06-01,10
12TPIT0065,4,True,False,AEP/ETT,"Comstock, Convert station to 138 kV",2012-01-19,2010-12-01,2012-02-28,0
12TPIT0065,8,True,False,AEP/ETT,"Comstock, Convert station to 138 kV",2012-01-19,2009-11-01,2012-02-28,0
12TPIT0064,4,True,False,AEP/ETT,"Rough Canyon, Convert station to 138 kV",2012-01-19,2010-12-01,2012-02-28,0
12TPIT0064,8,True,False,AEP/ETT,"Rough Canyon, Convert station to 138 kV",2012-01-19,2009-11-01,2012-02-28,0
10TPIT0089,4,True,False,AEP/ETT,"Illinois #4 to Hamilton Rd., Convert 69 kV to 138 kV",2012-01-19,2010-12-01,2012-02-28,0
10TPIT0089,8,True,False,AEP/ETT,"Illinois #4 to Hamilton Rd., Convert 69 kV to 138 kV",2012-01-19,2009-11-01,2012-02-28,0
10TPIT0088,4,True,False,AEP/ETT,"Ft. Lancaster to Illinois #4, Convert 69 KV to 138 kV ",2012-01-19,2010-12-01,2012-02-28,0
10TPIT0088,8,True,False,AEP/ETT,"Ft. Lancaster to Illinois #4, Convert 69 KV to 138 kV ",2012-01-19,2009-11-01,2012-02-28,0
10TPIT0039,4,True,False,TNMP,East Bell County - TNP One 345 kV Line Project,2012-01-20,2010-12-01,2011-05-11,-3
10TPIT0039,8,True,False,TNMP,East Bell County - TNP One 345 kV Line Project,2012-01-20,2009-11-01,2011-05-11,-3
11TPIT0154,4,True,False,AEP/TCC,Montell: Construct 69 kV Substation Including Motor Operated,2012-01-23,2010-12-01,2011-10-01,-2
11TPIT0089,4,True,False,Oncor Electric Deliv,Cottonwood Road 69 kV Switch,2012-01-30,2010-12-01,2011-05-01,-3
11TPIT0089,8,True,False,Oncor Electric Deliv,Cottonwood Road 69 kV Switch,2012-01-30,2009-11-01,2011-05-01,-3
09TPIT0054,4,True,False,CPS,LA Heights - 138kV Breaker Installations,2012-02-01,2010-12-01,2011-06-01,-3
09TPIT0054,8,True,False,CPS,LA Heights - 138kV Breaker Installations,2012-02-01,2009-11-01,2011-06-01,-3
14TPIT0018,4,True,False,TNMP,Upgrade North Alvin-Hastings,2012-02-01,2010-12-01,2014-05-30,9
11TPIT0086,4,True,False,AEP/TCC,Bruni 138kV Station: Install  breaker,2012-02-06,2010-12-01,2011-11-30,-1
11TPIT0086,8,True,False,AEP/TCC,Bruni 138kV Station: Install  breaker,2012-02-06,2009-11-01,2011-04-30,-3
11TPIT0140,4,True,False,CNP,Convert Kirby Substation into a double tap substation,2012-02-08,2010-12-01,2011-12-31,-1
11TPIT0041,4,True,False,AEP/ETT/TCC,"Gila 138kV: Construct new 138 kV, 6 breaker Ring Bus ",2012-02-10,2010-12-01,2012-02-28,0
11TPIT0041,8,True,False,AEP/ETT/TCC,"Gila 138kV: Construct new 138 kV, 6 breaker Ring Bus ",2012-02-10,2009-11-01,2011-06-01,-3
12TPIT0086,4,True,False,AEP/ETT,"Hamilton Road, expand station",2012-02-16,2010-12-01,2012-02-28,0
05TPIT0079,4,True,False,AEP/TCC/ETT/LCRA,Port Aransas: add 3 breaker 69 kv bus and 1-14.4 MVAR 69 kV ,2012-02-17,2010-12-01,2012-06-30,1
05TPIT0079,8,True,False,AEP/TCC/ETT/LCRA,Port Aransas: add 3 breaker 69 kv bus and 1-14.4 MVAR 69 kV ,2012-02-17,2009-11-01,2011-12-30,-1
10TPIT0045,4,True,False,CPS,Mauermann Rd - New 138kV Substation,2012-02-22,2010-12-01,2012-02-22,0
10TPIT0045,8,True,False,CPS,Mauermann Rd - New 138kV Substation,2012-02-22,2009-11-01,2011-06-01,-3
10TPIT0080,4,True,False,BRAZOS,Olney to South Bend Switch Rebuild,2012-02-28,2010-12-01,2011-06-01,-3
10TPIT0080,8,True,False,BRAZOS,Olney to South Bend Switch Rebuild,2012-02-28,2009-11-01,2010-06-01,-7
12TPIT0063,4,True,False,TNMP,Rebuild Heights-Lamarque 69kV line,2012-03-01,2011-03-01,2012-03-01,0
12TPIT0063,8,True,False,TNMP,Rebuild Heights-Lamarque 69kV line,2012-03-01,2010-03-01,2012-12-01,3
06TPIT0112,4,True,False,AUSTIN ENERGY,Lakeway second circuit from LCRA tap to the substation.,2012-03-01,2011-03-01,2012-05-01,1
06TPIT0112,8,True,False,AUSTIN ENERGY,Lakeway second circuit from LCRA tap to the substation.,2012-03-01,2010-03-01,2010-07-01,-7
10TPIT0122,4,True,False,AEP/TCC,Formosa: Interconnect New Generation at Formosa Substation,2012-03-01,2011-03-01,2011-12-31,-1
10TPIT0122,8,True,False,AEP/TCC,Formosa: Interconnect New Generation at Formosa Substation,2012-03-01,2010-03-01,2010-05-31,-7
10TPIT0018,4,True,False,Oncor Electric Deliv,Austin Ranch - Colony 138 kV line,2012-03-01,2011-03-01,2012-05-01,1
10TPIT0018,8,True,False,Oncor Electric Deliv,Austin Ranch - Colony 138 kV line,2012-03-01,2010-03-01,2011-05-01,-3
11TPIT0129,4,True,False,GVEC,Pilot Grove - New Substation,2012-03-06,2011-03-01,2011-12-30,-1
10TPIT0011,4,True,False,BRAZOS,Olney to Lake Kemp Switch Rebuild,2012-03-21,2011-03-01,2011-12-27,-1
10TPIT0011,8,True,False,BRAZOS,Olney to Lake Kemp Switch Rebuild,2012-03-21,2010-03-01,2010-10-01,-6
12TPIT0103,4,True,False,AEP/TCC,Las Pulgas: Construct 138 kV Tap Station for WF Interconnect,2012-04-10,2011-03-01,2012-04-30,0
10TPIT0084,4,True,False,AEP/ETT,Magruder: Add 1-14.4 MVAR 69 kV Cap Bank,2012-04-23,2011-03-01,2012-05-31,0
10TPIT0084,8,True,False,AEP/ETT,Magruder: Add 1-14.4 MVAR 69 kV Cap Bank,2012-04-23,2010-03-01,2012-05-31,0
11TPIT0057,4,True,False,AEP/ETT,"Matador to Paducah Clare, Rebuild 69 kV line",2012-04-30,2011-03-01,2012-06-30,0
11TPIT0057,8,True,False,AEP/ETT,"Matador to Paducah Clare, Rebuild 69 kV line",2012-04-30,2010-03-01,2012-03-31,-1
12TPIT0046,4,True,False,CNP,Zenith 138kV ,2012-04-30,2011-03-01,2012-05-31,0
12TPIT0046,8,True,False,CNP,Zenith 138kV ,2012-04-30,2010-03-01,2012-05-31,0
08TPIT0034,4,True,False,AUSTIN ENERGY,McNeil to Summit Reconductor,2012-05-01,2011-03-01,2012-05-01,0
08TPIT0034,8,True,False,AUSTIN ENERGY,McNeil to Summit Reconductor,2012-05-01,2010-03-01,2013-06-01,4
10TPIT0024,4,True,False,AUSTIN ENERGY,Stoney Ridge 138kV substation (original title is Linda Vista,2012-05-01,2011-03-01,2011-12-01,-2
10TPIT0024,8,True,False,AUSTIN ENERGY,Stoney Ridge 138kV substation (original title is Linda Vista,2012-05-01,2010-03-01,2012-06-01,0
10TPIT0109,4,True,False,Oncor Electric Deliv,Burwick Switching Station,2012-05-01,2011-03-01,2012-05-01,0
10TPIT0109,8,True,False,Oncor Electric Deliv,Burwick Switching Station,2012-05-01,2010-03-01,2011-07-01,-4
12TPIT0067,4,True,False,Oncor Electric Deliv,Anna Switch 345/138 kV autotransformer replacement,2012-05-01,2011-03-01,2013-05-01,4
12TPIT0067,8,True,False,Oncor Electric Deliv,Anna Switch 345/138 kV autotransformer replacement,2012-05-01,2010-03-01,2012-05-01,0
12TPIT0106,4,True,False,Oncor Electric Deliv,Southeast Nacogdoches 345/138 kV autotransformer,2012-05-01,2011-03-01,2012-05-01,0
07TPIT0251,4,True,False,AEP/TCC,Victoria Power Plant: Install 1-28.8 MVAR 69 kV Cap Bank,2012-05-04,2011-03-01,2014-09-30,9
07TPIT0251,8,True,False,AEP/TCC,Victoria Power Plant: Install 1-28.8 MVAR 69 kV Cap Bank,2012-05-04,2010-03-01,2012-03-31,-1
09TPIT0132,4,True,False,DENTON,Bonnie Brae Substation Construction,2012-05-12,2011-03-01,2012-04-28,0
09TPIT0132,8,True,False,DENTON,Bonnie Brae Substation Construction,2012-05-12,2010-03-01,2011-06-01,-4
10TPIT0079,4,True,False,BRAZOS,Morris Sheppard to Oran Rebuild,2012-05-21,2010-12-01,2010-12-16,-6
10TPIT0079,8,True,False,BRAZOS,Morris Sheppard to Oran Rebuild,2012-05-21,2010-03-01,2010-10-15,-6
12TPIT0018,4,True,False,Oncor Electric Deliv,Bonham Switch 69 kV capacitors,2012-06-01,2011-06-01,2012-05-01,0
12TPIT0018,8,True,False,Oncor Electric Deliv,Bonham Switch 69 kV capacitors,2012-06-01,2010-06-01,2013-05-01,4
12TPIT0120,4,True,False,Oncor Electric Deliv,Seymour 69 kV capacitors,2012-06-01,2011-06-01,2012-05-01,0
12TPIT0125,4,True,False,CPS,Westside MLSE Upgrade - 138 kV Substation Equipment Upgrade,2012-06-01,2011-06-01,2012-06-01,0
13TPIT0068,4,True,False,CPS,Reconfigure Helotes to Bandera - 138kV Circuit,2012-06-01,2011-06-01,2012-05-01,0
13TPIT0068,8,True,False,CPS,Reconfigure Helotes to Bandera - 138kV Circuit,2012-06-01,2010-06-01,2011-12-01,-2
08TPIT0107,4,True,False,Oncor Electric Deliv,Leon - Flat Creek 138 kV line,2012-06-01,2011-06-01,2012-05-01,0
08TPIT0107,8,True,False,Oncor Electric Deliv,Leon - Flat Creek 138 kV line,2012-06-01,2010-06-01,2013-05-01,4
11TPIT0031,4,True,False,Oncor Electric Deliv,Celina SE 138 kV capacitors,2012-06-01,2011-06-01,2013-05-01,4
11TPIT0031,8,True,False,Oncor Electric Deliv,Celina SE 138 kV capacitors,2012-06-01,2010-06-01,2013-05-01,4
11TPIT0065,4,True,False,Oncor Electric Deliv,Ector County North Switch (West B) - Moss 138 kV line,2012-06-01,2011-06-01,2012-06-01,0
11TPIT0066,4,True,False,Oncor Electric Deliv,Ector County North Switch (West B) ,2012-06-01,2011-06-01,2012-06-01,0
11TPIT0100,4,True,False,Oncor Electric Deliv,Moss Switch,2012-06-01,2011-06-01,2012-06-01,0
12TPIT0124,4,True,False,CPS,Skyline to Marion - 345 kV Substation Equipment Upgrade,2012-06-01,2011-06-01,2012-06-01,0
10TPIT0041,4,True,False,Oncor Electric Deliv,Temple Switch - Salado Switch 345 kV line,2012-06-01,2011-06-01,2012-05-01,0
10TPIT0041,8,True,False,Oncor Electric Deliv,Temple Switch - Salado Switch 345 kV line,2012-06-01,2010-06-01,2012-05-01,0
11TPIT0047,4,True,False,Oncor Electric Deliv,Twin Buttes - Brown 345 kV line (Oncor Electric Delivery sec,2012-06-01,2011-06-01,2012-06-01,0
11TPIT0047,8,True,False,Oncor Electric Deliv,Twin Buttes - Brown 345 kV line (Oncor Electric Delivery sec,2012-06-01,2010-06-01,2011-12-01,-2
12TPIT0043,4,True,False,Oncor Electric Deliv,Bluff Creek - Brown 345 kV line,2012-06-01,2011-06-01,2012-06-01,0
12TPIT0043,8,True,False,Oncor Electric Deliv,Bluff Creek - Brown 345 kV line,2012-06-01,2010-06-01,2012-07-01,0
12TPIT0044,4,True,False,Oncor Electric Deliv,Central Bluff - Brown 345 kV line,2012-06-01,2011-06-01,2012-07-01,0
12TPIT0044,8,True,False,Oncor Electric Deliv,Central Bluff - Brown 345 kV line,2012-06-01,2010-06-01,2012-07-01,0
12TPIT0045,4,True,False,Oncor Electric Deliv,Brown Switch,2012-06-01,2011-06-01,2012-06-01,0
12TPIT0045,8,True,False,Oncor Electric Deliv,Brown Switch,2012-06-01,2010-06-01,2012-06-01,0
10TPIT0051,4,True,False,AEP/ETT,"Alamito Creek to Gonzales, Replace existing 69kV line with n",2012-06-12,2011-06-01,2012-05-31,0
10TPIT0051,8,True,False,AEP/ETT,"Alamito Creek to Gonzales, Replace existing 69kV line with n",2012-06-12,2010-06-01,2012-05-31,0
11TPIT0115,4,True,True,BRAZOS,Reagor Springs to Purdon Rebuild,2012-06-18,2011-06-01,2011-12-14,-2
11TPIT0115,8,True,True,BRAZOS,Reagor Springs to Purdon Rebuild,2012-06-18,2010-06-01,2011-12-01,-2
11TPIT0016,4,True,False,GARLAND,GPLTemp-Shiloh 69kV line and Shiloh 138kV substation rebuild,2012-06-20,2011-06-01,2012-06-16,0
11TPIT0016,8,True,False,GARLAND,GPLTemp-Shiloh 69kV line and Shiloh 138kV substation rebuild,2012-06-20,2010-06-01,2012-05-31,0
12TPIT0114,4,True,False,GVEC,Lost Creek - New Substation,2012-06-26,2011-06-01,2012-07-15,1
13TPIT0044,4,True,False,CPS,Hill Country - Install Fourth 345/138 kV Autotransformer,2012-06-28,2011-06-01,2012-06-01,0
13TPIT0044,8,True,False,CPS,Hill Country - Install Fourth 345/138 kV Autotransformer,2012-06-28,2010-06-01,2013-06-01,4
12TPIT0082,4,True,False,CPS,Hotwells - New 138kV Substation,2012-06-29,2011-06-01,2012-07-01,0
14TPIT0013,4,True,False,Oncor Electric Deliv,Norwood - East Levee 138 kV line,2012-07-01,2011-06-01,2014-05-01,8
14TPIT0013,8,True,False,Oncor Electric Deliv,Norwood - East Levee 138 kV line,2012-07-01,2010-06-01,2014-05-01,8
11TPIT0101,4,True,False,BRAZOS,Reno to Rhome Rebuild,2012-07-02,2011-06-01,2011-12-21,-3
11TPIT0101,8,True,False,BRAZOS,Reno to Rhome Rebuild,2012-07-02,2010-06-01,2011-11-01,-3
11TPIT0081,4,True,False,GARLAND,Plastipak-Shiloh 138 kV line,2012-07-11,2011-06-01,2012-07-12,0
11TPIT0081,8,True,False,GARLAND,Plastipak-Shiloh 138 kV line,2012-07-11,2010-06-01,2011-05-31,-5
09TPIT0125,4,True,False,AEP/ETT,"East Abilene, Build new 138 kV switch station, terminate new",2012-07-12,2011-06-01,2012-10-31,1
09TPIT0125,8,True,False,AEP/ETT,"East Abilene, Build new 138 kV switch station, terminate new",2012-07-12,2010-06-01,2012-10-31,1
13TPIT0014,4,True,False,BRAZOS,East Bridgeport Capacitor Bank,2012-07-13,2011-06-01,2012-06-15,-1
13TPIT0014,8,True,False,BRAZOS,East Bridgeport Capacitor Bank,2012-07-13,2010-06-01,2012-06-15,-1
12TPIT0110,4,True,False,LCRA TSC,Hollmig,2012-07-17,2011-06-01,2012-06-01,-1
07TPIT0042,4,True,False,BRAZOS,2nd Lewisville Auto,2012-07-17,2011-06-01,2012-02-17,-2
07TPIT0042,8,True,False,BRAZOS,2nd Lewisville Auto,2012-07-17,2010-06-01,2012-06-15,-1
13TPIT0078,4,True,False,LCRA TSC,Kendall Autotransformer Addition,2012-08-24,2011-06-01,2012-07-01,-1
12TPIT0104,4,True,False,AEP/TCC,Rio Hondo: Add 138 kV double breaker terminal for WF Interco,2012-10-24,2011-09-01,2012-09-30,-1
12TPIT0087,4,True,False,GVEC,Wilson Substation,2012-10-30,2011-09-01,2012-08-31,-1
12TPIT0087,8,True,False,GVEC,Wilson Substation,2012-10-30,2010-09-01,2012-07-15,-1
09TPIT0121,4,True,False,Oncor Electric Deliv,Sun Switch - Sacroc 138 kV line,2012-11-01,2011-09-01,2012-12-01,0
09TPIT0121,8,True,False,Oncor Electric Deliv,Sun Switch - Sacroc 138 kV line,2012-11-01,2010-09-01,2013-05-01,2
09TPIT0121,12,True,False,Oncor Electric Deliv,Sun Switch - Sacroc 138 kV line,2012-11-01,2009-11-01,2012-05-01,-2
14TPIT0037,4,True,False,Oncor Electric Deliv,Mount Enterprise Switching Station and 345 kV line,2012-11-01,2011-09-01,2012-12-01,0
10TPIT0125,4,True,False,Oncor Electric Deliv,Killeen Switch ,2012-12-01,2011-12-01,2012-12-01,0
10TPIT0125,8,True,False,Oncor Electric Deliv,Killeen Switch ,2012-12-01,2010-12-01,2012-12-01,0
10TPIT0125,12,True,False,Oncor Electric Deliv,Killeen Switch ,2012-12-01,2009-11-01,2010-12-01,-8
12TPIT0036,4,True,False,Oncor Electric Deliv,Brown - Newton 345 kV line,2012-12-01,2011-12-01,2012-12-01,0
12TPIT0036,8,True,False,Oncor Electric Deliv,Brown - Newton 345 kV line,2012-12-01,2010-12-01,2012-12-01,0
12TPIT0036,12,True,False,Oncor Electric Deliv,Brown - Newton 345 kV line,2012-12-01,2009-11-01,2012-12-01,0
12TPIT0037,4,True,False,Oncor Electric Deliv,Newton - Killeen Switch 345 kV line,2012-12-01,2011-12-01,2012-12-01,0
12TPIT0037,8,True,False,Oncor Electric Deliv,Newton - Killeen Switch 345 kV line,2012-12-01,2010-12-01,2012-12-01,0
12TPIT0037,12,True,False,Oncor Electric Deliv,Newton - Killeen Switch 345 kV line,2012-12-01,2009-11-01,2012-12-01,0
12TPIT0038,4,True,False,Oncor Electric Deliv,Brown - Killeen Switch 345 kV line,2012-12-01,2011-12-01,2012-12-01,0
12TPIT0038,8,True,False,Oncor Electric Deliv,Brown - Killeen Switch 345 kV line,2012-12-01,2010-12-01,2012-12-01,0
12TPIT0038,12,True,False,Oncor Electric Deliv,Brown - Killeen Switch 345 kV line,2012-12-01,2009-11-01,2012-12-01,0
12TPIT0039,4,True,False,Oncor Electric Deliv,Newton Relay Booster Station,2012-12-01,2011-12-01,2012-12-01,0
12TPIT0039,8,True,False,Oncor Electric Deliv,Newton Relay Booster Station,2012-12-01,2010-12-01,2012-12-01,0
12TPIT0039,12,True,False,Oncor Electric Deliv,Newton Relay Booster Station,2012-12-01,2009-11-01,2012-09-01,-1
12TPIT0095b,4,True,False,CNP,South Lane - West Columbia Ckts. 04 & 60,2012-12-05,2011-12-01,2012-07-31,-1
12TPIT0095c,4,True,False,CNP,South Lane - West Columbia Ckts. 04 & 60,2012-12-05,2011-12-01,2012-11-30,0
10TPIT0012,4,True,False,BRAZOS,Barclay to Silver City Rebuild,2012-12-20,2011-12-01,2012-02-24,-3
10TPIT0012,8,True,False,BRAZOS,Barclay to Silver City Rebuild,2012-12-20,2010-12-01,2011-04-01,-7
10TPIT0012,12,True,False,BRAZOS,Barclay to Silver City Rebuild,2012-12-20,2009-11-01,2011-06-01,-6
13TPIT0071,4,True,True,AUSTIN ENERGY,Bullick Hollow 138kV Substation,2013-01-01,2011-12-01,2013-01-01,0
13TPIT0071,8,True,True,AUSTIN ENERGY,Bullick Hollow 138kV Substation,2013-01-01,2010-12-01,2013-01-01,0
11TPIT0040,4,True,False,AEP/TCC,Uvalde 138 kV Substation Upgrade,2013-01-20,2011-12-01,2012-12-01,-1
11TPIT0040,8,True,False,AEP/TCC,Uvalde 138 kV Substation Upgrade,2013-01-20,2010-12-01,2012-12-01,-1
11TPIT0040,12,True,False,AEP/TCC,Uvalde 138 kV Substation Upgrade,2013-01-20,2009-11-01,2012-05-01,-3
12TPIT0068,4,True,False,BRAZOS,South Bend Switch to Morris Sheppard Rebuild ,2013-01-28,2011-12-01,2013-01-16,0
12TPIT0068,8,True,False,BRAZOS,South Bend Switch to Morris Sheppard Rebuild ,2013-01-28,2010-12-01,2012-06-15,-3
13TPIT0118,4,True,False,AEP/TCC,EL Campo: Add 138kV bay and breaker,2013-01-30,2011-12-01,2013-01-30,0
13TPIT0140,4,True,False,GVEC,Smiley Substation Addition,2013-03-01,2011-12-01,2013-05-31,1
11TPIT0110b,4,True,False,STEC,Valverde-AEP Weslaco Switch,2013-03-01,2011-12-01,2012-06-01,-3
13TPIT0134,4,True,False,Oncor Electric Deliv,Cumby Switch,2013-03-01,2011-12-01,2013-05-01,1
13TPIT0163,4,True,False,Oncor Electric Deliv,Payne Switch,2013-04-01,2012-03-01,2013-05-01,1
12TPIT0171,4,True,False,CNP,HO Clarke - Knight Ckt. 08,2013-04-15,2012-03-01,2012-11-30,-2
10TPIT0115,4,True,True,TMPA,Gibbons Creek Substation Upgrade Project,2013-05-11,2011-03-01,2011-05-01,-8
10TPIT0115,8,True,True,TMPA,Gibbons Creek Substation Upgrade Project,2013-05-11,2011-03-01,2011-05-01,-8
10TPIT0115,12,True,True,TMPA,Gibbons Creek Substation Upgrade Project,2013-05-11,2010-03-01,2011-05-01,-8
12TPIT0175,4,True,False,COCS,Switch Station Entergy Tie,2013-05-13,2012-03-01,2012-06-12,-4
08TPIT0092,4,True,False,AEP TCC,North Victoria to Victoria: Reconductor 69 kV Line,2012-02-15,2010-12-01,2012-03-31,0
08TPIT0092,8,True,False,AEP TCC,North Victoria to Victoria: Reconductor 69 kV Line,2012-02-15,2009-11-01,2012-06-30,1
12TPIT0034,4,True,False,AEP TNC,"Illinois #4, Build new three breaker ring bus and add 138-69",2012-04-30,2011-03-01,2012-02-28,-1
12TPIT0034,8,True,False,AEP TNC,"Illinois #4, Build new three breaker ring bus and add 138-69",2012-04-30,2010-03-01,2011-02-28,-5
10TPIT0032,4,True,False,ONCOR,Arco (TMPA) - Krugerville 138 kV line,2012-05-15,2011-03-01,2012-05-01,0
10TPIT0032,8,True,False,ONCOR,Arco (TMPA) - Krugerville 138 kV line,2012-05-15,2010-03-01,2011-05-01,-4
12TPIT0072,4,True,False,LCRA,Ferguson to Wirtz,2012-06-01,2011-06-01,2012-06-01,0
12TPIT0072,8,True,False,LCRA,Ferguson to Wirtz,2012-06-01,2010-06-01,2012-06-01,0
12TPIT0096,4,True,False,STEC,Pearsall auto upgrade,2012-06-01,2011-06-01,2012-05-01,0
12TPIT0107,4,True,False,AEN,AMD to Pedernales New Circuit,2012-06-29,2011-06-01,2012-03-01,-1
12TPIT0094,4,True,False,CNP,De-energization of Crosby - Mont Belvieu Ckt. 43,2012-07-30,2011-06-01,2012-06-30,-1
12TPIT0073,4,True,False,GVEC,Nordheim West - New Substation (Formerly FM 239),2012-08-01,2011-06-01,2012-05-31,-1
12TPIT0073,8,True,False,GVEC,Nordheim West - New Substation (Formerly FM 239),2012-08-01,2010-06-01,2012-06-15,-1
11TPIT0096,4,True,False,ONCOR,Elm Mott Switch circuit breaker,2012-09-19,2011-09-01,2012-05-01,-1
11TPIT0096,8,True,False,ONCOR,Elm Mott Switch circuit breaker,2012-09-19,2010-09-01,2012-05-01,-1
12TPIT0117,4,True,False,ONCOR,Temple Switch shunt reactors,2012-09-20,2011-09-01,2011-12-01,-3
12TPIT0115,4,True,True,PEC,Bullick Hollow Substation (7535),2012-10-10,2011-09-01,2012-10-10,0
12TPIT0028,4,True,False,LCRA,Twin Buttes to Big Hill,2012-10-12,2011-09-01,2012-11-14,0
12TPIT0028,8,True,False,LCRA,Twin Buttes to Big Hill,2012-10-12,2010-09-01,2012-11-14,0
10TPIT0086,4,True,False,AEP TNC,"East Abilene to Putnam, Add 138 kV to existing 69 kV line",2012-10-31,2011-09-01,2012-10-31,0
10TPIT0086,8,True,False,AEP TNC,"East Abilene to Putnam, Add 138 kV to existing 69 kV line",2012-10-31,2010-09-01,2012-10-31,0
11TPIT0162,4,True,True,STEC,Cordele 69 kV Substation,2012-11-13,2011-09-01,2012-06-01,-2
12TPIT0129,4,True,False,CNP,Industrial Substation Conversion,2012-11-29,2011-09-01,2012-11-30,0
14TPIT0030,4,True,False,CNP,Bellaire - HO Clarke Ckt. 09,2012-12-01,2011-12-01,2012-12-31,0
14TPIT0030,8,True,False,CNP,Bellaire - HO Clarke Ckt. 09,2012-12-01,2010-12-01,2014-06-01,6
12TPIT0151,4,True,False,STEC,Hillje Capacitor,2012-12-10,2011-12-01,2012-05-01,-2
11TPIT0026,4,True,False,CPS,Cagnon - Install a Third 345kV Autotransformer ,2012-12-12,2011-12-01,2012-09-27,-1
11TPIT0026,8,True,False,CPS,Cagnon - Install a Third 345kV Autotransformer ,2012-12-12,2010-12-01,2013-06-01,2
11TPIT0026,12,True,False,CPS,Cagnon - Install a Third 345kV Autotransformer ,2012-12-12,2009-11-01,2014-06-01,6
09TPIT0120,4,True,False,ONCOR,Sun Switch - Golden - Sacroc 138 kV line,2012-12-15,2011-12-01,2012-05-01,-2
09TPIT0120,8,True,False,ONCOR,Sun Switch - Golden - Sacroc 138 kV line,2012-12-15,2010-12-01,2013-05-01,2
09TPIT0120,12,True,False,ONCOR,Sun Switch - Golden - Sacroc 138 kV line,2012-12-15,2009-11-01,2011-05-01,-6
11TPIT0059,4,True,False,ONCOR,Odessa EHV Switch ,2012-12-15,2011-12-01,2012-12-01,0
11TPIT0059,8,True,False,ONCOR,Odessa EHV Switch ,2012-12-15,2010-12-01,2011-12-01,-4
12TPIT0121,4,True,False,ONCOR,Oran 138-69 kV autotransformer,2012-12-15,2011-12-01,2012-12-01,0
12TPIT0152,4,True,False,STEC,Louise Capacitor,2012-12-17,2011-12-01,2012-05-01,-2
12TPIT0130,4,True,False,CNP,Oates Substation Conversion,2012-12-30,2011-12-01,2012-12-31,0
12TPIT0167,4,True,False,CNP,Crockett - Hardy Ckt. 91,2012-12-30,2011-12-01,2012-12-31,0
12TPIT0169,4,True,False,CNP,Bellaire - Ulrich Ckt. 35,2012-12-30,2011-12-01,2012-12-31,0
07TPIT0027,4,True,False,CPS,CPS Lytle to ETT Lytle: Build 138 kV Line and CPS Lytle Subs,2012-12-31,2011-12-01,2012-12-31,0
07TPIT0027,8,True,False,CPS,CPS Lytle to ETT Lytle: Build 138 kV Line and CPS Lytle Subs,2012-12-31,2010-12-01,2013-05-31,2
07TPIT0027,12,True,False,CPS,CPS Lytle to ETT Lytle: Build 138 kV Line and CPS Lytle Subs,2012-12-31,2009-11-01,2012-04-30,-2
12TPIT0095d,4,True,False,CNP,South Lane - West Columbia Ckts. 04 and 60,2012-12-31,2011-12-01,2012-11-30,0
12TPIT0108,4,True,False,AEP TNC,Wolfgang: Build new Switch Tap,2012-12-31,2011-12-01,2012-12-31,0
13TPIT0079,4,True,False,TNMP,Alvin-North Alvin rebuild,2012-12-31,2011-12-01,2014-08-31,7
15TPIT0014,4,True,False,TNMP,Wink-Cochise-Pecos 69kV rebuild,2012-12-31,2011-12-01,2014-05-31,6
08TPIT0018,4,True,False,ETT,"Uvalde to Castroville, build 138 kV line, double circuit cap",2013-04-02,2012-03-01,2012-12-31,-2
08TPIT0018,8,True,False,ETT,"Uvalde to Castroville, build 138 kV line, double circuit cap",2013-04-02,2011-03-01,2012-12-31,-2
08TPIT0018,12,True,False,ETT,"Uvalde to Castroville, build 138 kV line, double circuit cap",2013-04-02,2010-03-01,2012-05-01,-4
08TPIT0109,4,True,False,ONCOR,Payne - Collin Switching Station 138 kV line,2014-01-15,2012-12-01,2014-05-01,1
08TPIT0109,8,True,False,ONCOR,Payne - Collin Switching Station 138 kV line,2014-01-15,2011-12-01,2020-05-01,25
08TPIT0109,12,True,False,ONCOR,Payne - Collin Switching Station 138 kV line,2014-01-15,2010-12-01,2017-05-01,13
14TPIT0058,4,True,False,CNP,Mont Belvieu Area Upgrades,2013-01-31,2011-12-01,2014-05-31,5
15TPIT0034,4,True,False,CNP,Freeport Area Upgrades and Conversion to 138kV,2014-01-31,2012-12-01,2015-05-31,5
10TPIT0074,4,True,False,PEC,Buttercup-Whitestone,2013-01-01,2011-12-01,2012-02-16,-4
10TPIT0074,8,True,False,PEC,Buttercup-Whitestone,2013-01-01,2010-12-01,2014-06-30,5
10TPIT0074,12,True,False,PEC,Buttercup-Whitestone,2013-01-01,2009-11-01,2010-07-01,-11
13TPIT0066,4,True,False,NBU,E C Mornhinweg,2013-01-01,2011-12-01,2012-12-01,-1
13TPIT0066,8,True,False,NBU,E C Mornhinweg,2013-01-01,2010-12-01,2012-08-01,-2
10TPIT0073,4,True,False,PEC,Buda-Rutherford,2013-01-01,2011-12-01,2012-02-16,-4
10TPIT0073,8,True,False,PEC,Buda-Rutherford,2013-01-01,2010-12-01,2011-05-30,-7
10TPIT0073,12,True,False,PEC,Buda-Rutherford,2013-01-01,2009-11-01,2010-06-30,-11
09TPIT0060,4,True,False,PEC,Buda-Turnersville,2013-01-01,2011-12-01,2012-02-16,-4
09TPIT0060,8,True,False,PEC,Buda-Turnersville,2013-01-01,2010-12-01,2011-05-30,-7
09TPIT0060,12,True,False,PEC,Buda-Turnersville,2013-01-01,2009-11-01,2010-03-01,-12
13TPIT0101,4,True,False,LCRATSC,Winchester Terminal Equipment Upgrade,2013-01-01,2011-12-01,2012-06-01,-3
12TPIT0137,4,True,False,AEP TCC,New Barksdale: Construct new 69 kV  Substation including box,2013-01-02,2011-12-01,2012-10-31,-1
13TPIT0143,4,True,False,LCRATSC,El Campo - Ricebird - Nada Transmission Line Upgrade and Sub,2013-01-03,2011-12-01,2013-01-01,0
10TPIT0082,4,True,False,BEPC,Carlton Switch to Mountary Rebuild,2013-01-14,2011-12-01,2012-10-12,-1
10TPIT0082,8,True,False,BEPC,Carlton Switch to Mountary Rebuild,2013-01-14,2010-12-01,2011-10-04,-5
10TPIT0082,12,True,False,BEPC,Carlton Switch to Mountary Rebuild,2013-01-14,2009-11-01,2011-06-01,-7
12TPIT0153,4,True,False,STEC,Cotulla Capacitor,2013-01-27,2011-12-01,2012-05-01,-3
12TPIT0132,4,True,True,CNP,BARNES 138kV Substation,2013-01-31,2011-12-01,2012-12-31,-1
13TPIT0144,4,True,False,GOLDENSPREAD,Central Dawson 69 kV POI/South Lamesa Sub,2013-02-01,2011-12-01,2013-05-31,1
15TPIT0012,4,True,False,BEPC,Petteway to Ben Hur,2013-02-21,2011-12-01,2012-06-22,-3
15TPIT0012,8,True,False,BEPC,Petteway to Ben Hur,2013-02-21,2010-12-01,2015-06-01,9
13TPIT0048,4,True,False,LST,Scurry County (Central A) -  West Shackelford (Central C),2013-03-01,2011-12-01,2013-03-01,0
13TPIT0048,8,True,False,LST,Scurry County (Central A) -  West Shackelford (Central C),2013-03-01,2011-03-01,2013-03-01,0
13TPIT0048,12,True,False,LST,Scurry County (Central A) -  West Shackelford (Central C),2013-03-01,2010-03-01,2013-03-01,0
12TPIT0172,4,True,False,GOLDENSPREAD,Western Dawson 138 kV POI/Patricia Sub,2013-03-01,2011-12-01,2012-12-31,-1
12TPIT0126,4,True,False,TNMP,Pyote cap bank,2013-03-01,2011-12-01,2012-05-31,-3
12TPIT0097,4,True,True,STEC,Cross substation,2013-03-01,2011-12-01,2012-06-01,-3
12TPIT0097,8,True,True,STEC,Cross substation,2013-03-01,2011-03-01,2012-06-01,-3
12TPIT0050,4,True,False,SLU,Silverton Collection Station,2013-03-01,2011-12-01,2013-03-01,0
12TPIT0050,8,True,False,SLU,Silverton Collection Station,2013-03-01,2011-03-01,2013-03-01,0
12TPIT0050,12,True,False,SLU,Silverton Collection Station,2013-03-01,2010-03-01,2012-08-12,-2
13TPIT0049,4,True,False,LST,West Shackelford (Central C) - Sam Switch/Navarro,2013-03-01,2011-12-01,2013-03-01,0
13TPIT0049,8,True,False,LST,West Shackelford (Central C) - Sam Switch/Navarro,2013-03-01,2011-03-01,2013-03-01,0
13TPIT0049,12,True,False,LST,West Shackelford (Central C) - Sam Switch/Navarro,2013-03-01,2010-03-01,2013-03-01,0
12TPIT0135,4,True,False,BEPC,Spring to Bridgeport Switch,2013-03-02,2012-03-01,2012-12-03,-1
11TPIT0076,4,True,False,LST,Cottonwood 345 kV Station and Cotttonwood to Dermott 345 kV ,2013-03-15,2012-03-01,2012-12-30,-1
11TPIT0076,8,True,False,LST,Cottonwood 345 kV Station and Cotttonwood to Dermott 345 kV ,2013-03-15,2011-03-01,2012-12-30,-1
11TPIT0076,12,True,False,LST,Cottonwood 345 kV Station and Cotttonwood to Dermott 345 kV ,2013-03-15,2010-03-01,2012-12-30,-1
12TPIT0049,4,True,False,SLU,LS04 Silverton to Cottonwood,2013-03-15,2012-03-01,2013-03-01,0
12TPIT0049,8,True,False,SLU,LS04 Silverton to Cottonwood,2013-03-15,2011-03-01,2013-03-01,0
12TPIT0049,12,True,False,SLU,LS04 Silverton to Cottonwood,2013-03-15,2010-03-01,2012-08-01,-2
15TPIT0015,4,True,False,TNMP,Hastings-Friendswood rebuild,2013-03-15,2012-03-01,2014-08-31,6
15TPIT0015,8,True,False,TNMP,Hastings-Friendswood rebuild,2013-03-15,2011-03-01,2015-05-30,9
13TPIT0120,4,True,False,STEC,Ricebird Station and autotransformer.,2013-03-16,2012-03-01,2013-01-31,0
13TPIT0117,4,True,False,AEP TCC,Sunniland 69 kV substation: STEC Interconnect,2013-03-31,2012-03-01,2013-02-25,0
11TPIT0079,4,True,False,ETT,nan,2013-03-31,2012-03-01,2013-06-01,1
11TPIT0079,8,True,False,ETT,nan,2013-03-31,2011-03-01,2013-06-01,1
11TPIT0079,12,True,False,ETT,nan,2013-03-31,2010-03-01,2012-12-31,-1
07TPIT0250,4,True,False,AEP TCC,Lone Tree:  Install 1-14.4 MVAR 69 kV Cap Banks,2013-03-31,2012-03-01,2013-12-31,3
07TPIT0250,8,True,False,AEP TCC,Lone Tree:  Install 1-14.4 MVAR 69 kV Cap Banks,2013-03-31,2011-03-01,2013-12-31,3
07TPIT0250,12,True,False,AEP TCC,Lone Tree:  Install 1-14.4 MVAR 69 kV Cap Banks,2013-03-31,2010-03-01,2013-12-31,3
11TPIT0077,4,True,False,ETT,"Riley, add two 130.9 MVar capacitors",2013-03-31,2012-03-01,2013-06-30,1
11TPIT0077,8,True,False,ETT,"Riley, add two 130.9 MVar capacitors",2013-03-31,2011-03-01,2013-04-01,0
11TPIT0077,12,True,False,ETT,"Riley, add two 130.9 MVar capacitors",2013-03-31,2010-03-01,2012-12-31,-1
11TPIT0078,4,True,False,ETT,"Riley, add four 50 MVar reactors",2013-03-31,2012-03-01,2013-06-01,1
11TPIT0078,8,True,False,ETT,"Riley, add four 50 MVar reactors",2013-03-31,2011-03-01,2013-06-01,1
11TPIT0078,12,True,False,ETT,"Riley, add four 50 MVar reactors",2013-03-31,2010-03-01,2012-12-31,-1
13TPIT0122,4,True,False,STEC,Choate Station and Autotransformer,2013-04-01,2012-03-01,2013-01-31,0
12TPIT0149,4,True,False,STEC,Cordele Capacitor,2013-04-01,2012-03-01,2012-06-01,-3
10TPIT0070,4,True,False,AEP TCC,AEP_10TPIT0070_Magr-Vict,2013-04-01,2012-03-01,2013-03-31,0
10TPIT0070,8,True,False,AEP TCC,AEP_10TPIT0070_Magr-Vict,2013-04-01,2011-03-01,2013-03-31,0
10TPIT0070,12,True,False,AEP TCC,AEP_10TPIT0070_Magr-Vict,2013-04-01,2010-03-01,2013-03-31,0
11TPIT0134,4,True,False,BEPC,Dye Mound Capacitor Bank,2013-04-11,2012-03-01,2020-12-01,30
11TPIT0134,8,True,False,BEPC,Dye Mound Capacitor Bank,2013-04-11,2011-03-01,2011-11-14,-6
11TPIT0167,4,True,False,AEP TCC,AEP_11TPIT0167_Lyssy update line,2013-04-30,2011-12-01,2012-02-25,-5
11TPIT0167,8,True,False,AEP TCC,AEP_11TPIT0167_Lyssy update line,2013-04-30,2011-03-01,2011-12-31,-6
12TPIT0102,4,True,False,AEP TCC,AEP_12TPIT0102_Lone_tree_FosterTap,2013-04-30,2012-03-01,2012-08-31,-3
12TPIT0102,8,True,False,AEP TCC,AEP_12TPIT0102_Lone_tree_FosterTap,2013-04-30,2011-03-01,2012-08-31,-3
12TPIT0188,4,True,False,AEP TCC,AEP_12TPIT0188_update Mayo,2013-04-30,2012-03-01,2012-12-31,-2
13TPIT0141,4,True,True,CNP,NORTON 138kV Substation,2013-04-30,2012-03-01,2013-01-31,-1
06TPIT0057,4,True,False,AEP TCC,AEP_06TPIT0057_Magr_line update,2013-04-30,2012-03-01,2012-05-31,-4
06TPIT0057,8,True,False,AEP TCC,AEP_06TPIT0057_Magr_line update,2013-04-30,2011-03-01,2014-09-30,5
06TPIT0057,12,True,False,AEP TCC,AEP_06TPIT0057_Magr_line update,2013-04-30,2010-03-01,2012-05-31,-4
11TPIT0024,4,True,False,CPS,TCC - 138kV Line Reroutes,2013-05-01,2012-03-01,2012-08-31,-3
11TPIT0024,8,True,False,CPS,TCC - 138kV Line Reroutes,2013-05-01,2011-03-01,2012-06-01,-4
11TPIT0024,12,True,False,CPS,TCC - 138kV Line Reroutes,2013-05-01,2010-03-01,2012-06-01,-4
13TPIT0091,4,True,False,LCRATSC,Big Hill Reactive Devices,2013-05-01,2012-03-01,2012-10-01,-2
13TPIT0077,4,True,False,LCRATSC,Kendall to Miller Creek to Paleface,2013-05-02,2012-03-01,2013-07-01,0
13TPIT0077,8,True,False,LCRATSC,Kendall to Miller Creek to Paleface,2013-05-02,2011-03-01,2013-12-31,2
13TPIT0129,4,True,False,STEC,George West to Tilden Rebuild,2013-05-10,2012-03-01,2013-01-01,-1
12TPIT0158,4,True,False,ONCOR,Permian Basin terminal equipment,2013-05-15,2012-03-01,2012-05-01,-4
13TPIT0102,4,True,False,CNP,Greens Bayou Autotransformer Upgrade,2013-05-29,2012-03-01,2013-05-31,0
13TPIT0103,4,True,False,CNP,Obrien Autotransformer Upgrade,2013-05-29,2012-03-01,2013-05-31,0
12TPIT0128,4,True,False,CNP,WA Parish - Sienna Ckt. 02,2013-05-30,2012-03-01,2012-12-31,-2
13TPIT0115,4,True,False,AEP TNC,Barnhart SWTEC: Add 3.6 Mvar capacitor bank,2013-05-31,2012-03-01,2013-05-31,0
13TPIT0046,4,True,False,LCRATSC,Flatonia-Yoakum Gartner Road,2013-05-31,2012-03-01,2013-05-01,0
13TPIT0046,8,True,False,LCRATSC,Flatonia-Yoakum Gartner Road,2013-05-31,2011-03-01,2013-05-01,0
13TPIT0046,12,True,False,LCRATSC,Flatonia-Yoakum Gartner Road,2013-05-31,2010-03-01,2013-06-30,0
13TPIT0111,4,True,False,CNP,WA Parish Split Bus,2013-05-31,2012-03-01,2013-12-31,2
12TPIT0183,4,True,False,ETT,Gonzales: Add terminal position and rebuild 2.43 mile 69 kV ,2013-05-31,2012-03-01,2012-12-31,-2
15TPIT0006,4,True,False,CPS,Bandera to Broadview - 138kV substation equipment upgrade,2013-06-01,2012-03-01,2013-06-01,0
15TPIT0006,8,True,False,CPS,Bandera to Broadview - 138kV substation equipment upgrade,2013-06-01,2011-06-01,2015-06-01,8
13TPIT0069,4,True,False,CPS,Panther Springs - New 138kV Substation,2013-06-01,2012-03-01,2013-06-01,0
13TPIT0069,8,True,False,CPS,Panther Springs - New 138kV Substation,2013-06-01,2011-06-01,2013-06-01,0
13TPIT0039,4,True,False,ONCOR,Willow Creek - Hicks Switch 345 kV line,2013-06-01,2012-03-01,2013-06-01,0
13TPIT0039,8,True,False,ONCOR,Willow Creek - Hicks Switch 345 kV line,2013-06-01,2011-06-01,2013-06-01,0
13TPIT0039,12,True,False,ONCOR,Willow Creek - Hicks Switch 345 kV line,2013-06-01,2010-06-01,2013-06-01,0
13TPIT0096,4,True,False,ONCOR,Krum West Switch reactors,2013-06-01,2012-03-01,2013-06-01,0
13TPIT0096,8,True,False,ONCOR,Krum West Switch reactors,2013-06-01,2011-06-01,2013-12-01,2
11TPIT0085,4,True,False,STEC,Doedyns-Sioux 138kV Line,2013-06-01,2012-03-01,2013-02-01,-1
11TPIT0085,8,True,False,STEC,Doedyns-Sioux 138kV Line,2013-06-01,2011-06-01,2012-05-01,-4
11TPIT0085,12,True,False,STEC,Doedyns-Sioux 138kV Line,2013-06-01,2010-06-01,2011-03-01,-9
13TPIT0038,4,True,False,ONCOR,Hicks Switch  ,2013-06-01,2012-03-01,2013-06-01,0
13TPIT0038,8,True,False,ONCOR,Hicks Switch  ,2013-06-01,2011-06-01,2013-06-01,0
13TPIT0038,12,True,False,ONCOR,Hicks Switch  ,2013-06-01,2010-06-01,2013-06-01,0
13TPIT0012,4,True,False,LCRATSC,Zorn Autotransformer Addition,2013-06-01,2012-03-01,2013-05-01,0
13TPIT0012,8,True,False,LCRATSC,Zorn Autotransformer Addition,2013-06-01,2011-06-01,2013-03-01,-1
13TPIT0012,12,True,False,LCRATSC,Zorn Autotransformer Addition,2013-06-01,2010-06-01,2012-12-13,-2
13TPIT0099,4,True,False,TNMP,League City-Magnolia rebuild,2013-06-01,2012-03-01,2013-11-30,2
13TPIT0164,4,True,True,STEC,Big Oak 69 kV Substation,2013-06-03,2012-06-01,2013-06-01,0
11TPIT0133,4,True,False,BEPC,Bowie to Montague Rebuild,2013-06-10,2012-06-01,2013-09-20,1
11TPIT0133,8,True,False,BEPC,Bowie to Montague Rebuild,2013-06-10,2011-06-01,2011-11-21,-6
12TPIT0157,4,True,False,STEC,West Sinton Capacitor,2013-06-14,2012-06-01,2012-12-01,-2
13TPIT0092,4,True,False,ONCOR,Killeen Switch - Killeen Elms Road - Harker Heights 138 kV l,2013-06-14,2012-06-01,2013-06-01,0
13TPIT0092,8,True,False,ONCOR,Killeen Switch - Killeen Elms Road - Harker Heights 138 kV l,2013-06-14,2011-06-01,2013-05-01,0
13TPIT0040,4,True,False,ONCOR,Willow Creek Switch circuit breakers,2013-06-15,2012-06-01,2013-06-01,0
13TPIT0040,8,True,False,ONCOR,Willow Creek Switch circuit breakers,2013-06-15,2011-06-01,2013-12-01,2
13TPIT0040,12,True,False,ONCOR,Willow Creek Switch circuit breakers,2013-06-15,2010-06-01,2013-06-01,0
13TPIT0037,4,True,False,ONCOR,Krum West Switch,2013-06-15,2012-06-01,2013-06-01,0
13TPIT0037,8,True,False,ONCOR,Krum West Switch,2013-06-15,2011-06-01,2013-06-01,0
13TPIT0037,12,True,False,ONCOR,Krum West Switch,2013-06-15,2010-06-01,2013-06-01,0
13TPIT0135,4,True,False,ONCOR,Holt Switch - Goldsmith - Goldsmith South 138 kV line,2013-06-15,2012-06-01,2013-05-01,0
13TPIT0074,4,True,False,ONCOR,Willow Creek Switch ,2013-06-15,2012-06-01,2013-12-01,2
13TPIT0074,8,True,False,ONCOR,Willow Creek Switch ,2013-06-15,2011-06-01,2013-12-01,2
13TPIT0036,4,True,False,ONCOR,Krum West - Riley (Oklaunion) 345 kV line (Oncor Electric De,2013-06-15,2012-06-01,2013-06-01,0
13TPIT0036,8,True,False,ONCOR,Krum West - Riley (Oklaunion) 345 kV line (Oncor Electric De,2013-06-15,2011-06-01,2013-06-01,0
13TPIT0036,12,True,False,ONCOR,Krum West - Riley (Oklaunion) 345 kV line (Oncor Electric De,2013-06-15,2010-06-01,2013-06-01,0
12TPIT0053,4,True,False,SLU,Nazareth Collection Station,2013-06-20,2012-06-01,2013-05-01,0
12TPIT0053,8,True,False,SLU,Nazareth Collection Station,2013-06-20,2011-06-01,2013-05-01,0
12TPIT0053,12,True,False,SLU,Nazareth Collection Station,2013-06-20,2010-06-01,2012-09-01,-3
12TPIT0051,4,True,False,SLU,LS01 Silverton to Nazareth,2013-06-20,2012-06-01,2013-05-01,0
12TPIT0051,8,True,False,SLU,LS01 Silverton to Nazareth,2013-06-20,2011-06-01,2013-05-01,0
12TPIT0051,12,True,False,SLU,LS01 Silverton to Nazareth,2013-06-20,2010-06-01,2012-09-01,-3
13TPIT0028,4,True,False,ETT,"Tesla, add four 50 MVar reactors",2013-06-30,2012-06-01,2013-03-27,-1
13TPIT0028,8,True,False,ETT,"Tesla, add four 50 MVar reactors",2013-06-30,2011-06-01,2013-03-27,-1
13TPIT0028,12,True,False,ETT,"Tesla, add four 50 MVar reactors",2013-06-30,2010-06-01,2012-05-31,-4
12TPIT0022,4,True,False,LCRATSC,North McCamey Autotransformer Addition,2013-07-01,2012-06-01,2013-05-01,0
12TPIT0022,8,True,False,LCRATSC,North McCamey Autotransformer Addition,2013-07-01,2011-06-01,2013-06-30,0
12TPIT0022,12,True,False,LCRATSC,North McCamey Autotransformer Addition,2013-07-01,2010-06-01,2013-06-30,0
10TPIT0031,4,True,False,AEN,Dunlap 138/345kV Autotransformer Project,2013-07-16,2012-06-01,2013-05-01,-1
10TPIT0031,8,True,False,AEN,Dunlap 138/345kV Autotransformer Project,2013-07-16,2011-06-01,2013-03-01,-2
10TPIT0031,12,True,False,AEN,Dunlap 138/345kV Autotransformer Project,2013-07-16,2010-06-01,2013-06-01,-1
12TPIT0052,4,True,False,SLU,LS02 Nazareth to Hereford,2013-07-20,2012-06-01,2013-07-01,-1
12TPIT0052,8,True,False,SLU,LS02 Nazareth to Hereford,2013-07-20,2011-06-01,2013-07-01,-1
12TPIT0052,12,True,False,SLU,LS02 Nazareth to Hereford,2013-07-20,2010-06-01,2012-09-01,-4
12TPIT0048,4,True,False,SLU,Hereford Collection Station,2013-07-20,2012-06-01,2013-07-01,-1
12TPIT0048,8,True,False,SLU,Hereford Collection Station,2013-07-20,2011-06-01,2013-07-01,-1
12TPIT0048,12,True,False,SLU,Hereford Collection Station,2013-07-20,2010-06-01,2012-09-01,-4
13TPIT0090,4,True,False,ETT,"Hamilton Road, add dynamic reactive compensation",2013-07-26,2012-06-01,2013-10-31,1
13TPIT0090,8,True,False,ETT,"Hamilton Road, add dynamic reactive compensation",2013-07-26,2011-06-01,2013-10-31,1
13TPIT0052,4,True,False,CTT,"Gray Substation (Panhandle B-B), build new collector substat",2013-07-31,2012-06-01,2013-03-09,-2
13TPIT0052,8,True,False,CTT,"Gray Substation (Panhandle B-B), build new collector substat",2013-07-31,2011-06-01,2013-03-09,-2
13TPIT0052,12,True,False,CTT,"Gray Substation (Panhandle B-B), build new collector substat",2013-07-31,2010-06-01,2013-03-09,-2
13TPIT0020,4,True,False,ETT,Tesla to Edith Clarke double circuit 345 kV line,2013-07-31,2012-06-01,2013-03-27,-2
13TPIT0020,8,True,False,ETT,Tesla to Edith Clarke double circuit 345 kV line,2013-07-31,2011-06-01,2013-03-27,-2
13TPIT0020,12,True,False,ETT,Tesla to Edith Clarke double circuit 345 kV line,2013-07-31,2010-06-01,2013-05-31,-1
13TPIT0026,4,True,False,ETT,Tesla 345 kV station,2013-07-31,2012-06-01,2013-03-01,-2
13TPIT0026,8,True,False,ETT,Tesla 345 kV station,2013-07-31,2011-06-01,2013-03-01,-2
13TPIT0026,12,True,False,ETT,Tesla 345 kV station,2013-07-31,2010-06-01,2012-05-31,-5
13TPIT0024,4,True,False,ETT,"Edith Clarke, add two 130.9 MVar capacitors",2013-07-31,2012-06-01,2013-03-31,-2
13TPIT0024,8,True,False,ETT,"Edith Clarke, add two 130.9 MVar capacitors",2013-07-31,2011-06-01,2013-01-01,-2
13TPIT0024,12,True,False,ETT,"Edith Clarke, add two 130.9 MVar capacitors",2013-07-31,2010-06-01,2012-07-31,-4
13TPIT0027,4,True,False,ETT,"Tesla, add two 130.9 MVar capacitors",2013-07-31,2012-06-01,2013-03-31,-2
13TPIT0027,8,True,False,ETT,"Tesla, add two 130.9 MVar capacitors",2013-07-31,2011-06-01,2013-03-31,-2
13TPIT0027,12,True,False,ETT,"Tesla, add two 130.9 MVar capacitors",2013-07-31,2010-06-01,2012-05-31,-5
13TPIT0019,4,True,False,ETT,Riley to Edith Clarke double circuit 345 kV line,2013-07-31,2012-06-01,2013-03-25,-2
13TPIT0019,8,True,False,ETT,Riley to Edith Clarke double circuit 345 kV line,2013-07-31,2011-06-01,2013-03-25,-2
13TPIT0019,12,True,False,ETT,Riley to Edith Clarke double circuit 345 kV line,2013-07-31,2010-06-01,2013-06-30,-1
13TPIT0025,4,True,False,ETT,"Edith Clarke, add four 50 MVar reactors",2013-07-31,2012-06-01,2013-03-31,-2
13TPIT0025,8,True,False,ETT,"Edith Clarke, add four 50 MVar reactors",2013-07-31,2011-06-01,2013-07-31,0
13TPIT0025,12,True,False,ETT,"Edith Clarke, add four 50 MVar reactors",2013-07-31,2010-06-01,2012-07-31,-4
13TPIT0051,4,True,False,CTT,"Gray to Tesla, build double circuit 345 kV line",2013-07-31,2012-06-01,2013-03-09,-2
13TPIT0051,8,True,False,CTT,"Gray to Tesla, build double circuit 345 kV line",2013-07-31,2011-06-01,2013-03-09,-2
13TPIT0051,12,True,False,CTT,"Gray to Tesla, build double circuit 345 kV line",2013-07-31,2010-06-01,2013-03-09,-2
13TPIT0053,4,True,False,CTT,"Gray Substation (Panhandle B-B), build 150 to 200 MVAR of Re",2013-07-31,2012-06-01,2013-03-09,-2
13TPIT0053,8,True,False,CTT,"Gray Substation (Panhandle B-B), build 150 to 200 MVAR of Re",2013-07-31,2011-06-01,2013-03-09,-2
13TPIT0053,12,True,False,CTT,"Gray Substation (Panhandle B-B), build 150 to 200 MVAR of Re",2013-07-31,2010-06-01,2013-03-09,-2
13TPIT0023,4,True,False,ETT,Edith Clarke 345 kV station,2013-07-31,2012-06-01,2013-03-25,-2
13TPIT0023,8,True,False,ETT,Edith Clarke 345 kV station,2013-07-31,2011-06-01,2013-03-25,-2
13TPIT0023,12,True,False,ETT,Edith Clarke 345 kV station,2013-07-31,2010-06-01,2012-07-31,-4
13TPIT0127,4,True,False,STEC,Tilden 138 kV Substation,2013-08-01,2012-06-01,2013-01-01,-2
09TPIT0032,4,True,False,AEN,Williamson 31.2 Mvar Capacitor bank,2013-08-15,2012-06-01,2014-02-01,2
09TPIT0032,8,True,False,AEN,Williamson 31.2 Mvar Capacitor bank,2013-08-15,2011-06-01,2012-06-01,-5
09TPIT0032,12,True,False,AEN,Williamson 31.2 Mvar Capacitor bank,2013-08-15,2010-06-01,2012-06-01,-5
13TPIT0093,4,True,False,ONCOR,Willow Valley Switch,2013-08-15,2012-06-01,2013-06-01,-1
13TPIT0093,8,True,False,ONCOR,Willow Valley Switch,2013-08-15,2011-06-01,2013-12-01,1
13TPIT0042,4,True,False,SLU,LS03 White Deer to Hereford,2013-08-30,2012-06-01,2013-09-01,0
13TPIT0042,8,True,False,SLU,LS03 White Deer to Hereford,2013-08-30,2011-06-01,2013-09-01,0
13TPIT0042,12,True,False,SLU,LS03 White Deer to Hereford,2013-08-30,2010-06-01,2013-02-01,-2
13TPIT0150,4,True,False,SBEC,Glidden to Colorado Transmission upgrade,2013-08-30,2012-06-01,2013-01-01,-2
13TPIT0054,4,True,False,CTT,"Gray to Alibates, build double circuit 345 kV line",2013-08-30,2012-06-01,2013-09-12,0
13TPIT0054,8,True,False,CTT,"Gray to Alibates, build double circuit 345 kV line",2013-08-30,2011-06-01,2013-03-11,-2
13TPIT0054,12,True,False,CTT,"Gray to Alibates, build double circuit 345 kV line",2013-08-30,2010-06-01,2013-03-11,-2
13TPIT0132,4,True,False,STEC,Freer Capacitor,2013-08-30,2012-06-01,2013-01-01,-2
13TPIT0043,4,True,False,SLU,White Deer Collection Station,2013-08-30,2012-06-01,2013-09-01,0
13TPIT0043,8,True,False,SLU,White Deer Collection Station,2013-08-30,2011-06-01,2013-09-01,0
13TPIT0043,12,True,False,SLU,White Deer Collection Station,2013-08-30,2010-06-01,2013-02-01,-2
13TPIT0022,4,True,False,ETT,Tesla to Riley double circuit 345 kV line,2013-08-31,2012-06-01,2013-06-01,-1
13TPIT0022,8,True,False,ETT,Tesla to Riley double circuit 345 kV line,2013-08-31,2011-06-01,2013-06-30,-1
13TPIT0022,12,True,False,ETT,Tesla to Riley double circuit 345 kV line,2013-08-31,2010-06-01,2013-05-31,-1
13TPIT0016,4,True,True,BRYN,Greens Prairie to Wellborn Transmission,2013-09-01,2012-06-01,2013-07-31,0
13TPIT0016,8,True,True,BRYN,Greens Prairie to Wellborn Transmission,2013-09-01,2011-09-01,2013-09-10,0
13TPIT0016,12,True,True,BRYN,Greens Prairie to Wellborn Transmission,2013-09-01,2010-09-01,2013-09-10,0
12TPIT0029,4,True,False,LCRATSC,Big Hill to Kendall 345kV,2013-09-01,2012-06-01,2013-10-01,0
12TPIT0029,8,True,False,LCRATSC,Big Hill to Kendall 345kV,2013-09-01,2011-09-01,2013-09-01,0
12TPIT0029,12,True,False,LCRATSC,Big Hill to Kendall 345kV,2013-09-01,2010-09-01,2013-12-30,1
10TPIT0048,4,True,False,BRYN,Koppe Bridge Substation,2013-09-01,2012-06-01,2013-05-31,-1
10TPIT0048,8,True,False,BRYN,Koppe Bridge Substation,2013-09-01,2011-09-01,2012-03-28,-6
10TPIT0048,12,True,False,BRYN,Koppe Bridge Substation,2013-09-01,2010-09-01,2013-09-10,0
11TPIT0111,4,True,False,BRYN,Snook to Koppe Bridge Transmission Line,2013-09-01,2012-06-01,2013-03-31,-2
11TPIT0111,8,True,False,BRYN,Snook to Koppe Bridge Transmission Line,2013-09-01,2011-09-01,2012-03-28,-6
11TPIT0111,12,True,False,BRYN,Snook to Koppe Bridge Transmission Line,2013-09-01,2010-09-01,2011-03-30,-10
13TPIT0017,4,True,False,BRYN,Greens Prairie Substation,2013-09-01,2012-06-01,2013-07-31,0
13TPIT0017,8,True,False,BRYN,Greens Prairie Substation,2013-09-01,2011-09-01,2013-09-10,0
13TPIT0017,12,True,False,BRYN,Greens Prairie Substation,2013-09-01,2010-09-01,2013-09-10,0
13TPIT0083,4,True,False,BRYN,Snook Substation,2013-09-01,2012-06-01,2013-05-31,-1
13TPIT0083,8,True,False,BRYN,Snook Substation,2013-09-01,2011-09-01,2013-09-01,0
10TPIT0049,4,True,True,BRYN,Koppe Bridge to Wellborn Transmission,2013-09-01,2012-06-01,2013-07-31,0
10TPIT0049,8,True,True,BRYN,Koppe Bridge to Wellborn Transmission,2013-09-01,2011-09-01,2012-12-12,-3
10TPIT0049,12,True,True,BRYN,Koppe Bridge to Wellborn Transmission,2013-09-01,2010-09-01,2013-09-10,0
13TPIT0015,4,True,False,BRYN,Wellborn Switching Sub,2013-09-01,2012-06-01,2013-07-31,0
13TPIT0015,8,True,False,BRYN,Wellborn Switching Sub,2013-09-01,2011-09-01,2013-09-10,0
13TPIT0015,12,True,False,BRYN,Wellborn Switching Sub,2013-09-01,2010-09-01,2013-09-10,0
13TPIT0105,4,True,False,BEPC,Silver City to Calvert Switch,2013-09-02,2012-09-01,2013-09-24,0
13TPIT0105,8,True,False,BEPC,Silver City to Calvert Switch,2013-09-02,2011-09-01,2013-06-01,-1
13TPIT0201,4,True,False,ONCOR,Goldsmith South - Goldsmith Junction 138 kV line,2013-09-15,2012-09-01,2013-06-01,-1
13TPIT0055,4,True,False,CTT,"Tule Canyon to Tesla, build double circuit 345 kV line ",2013-09-18,2012-09-01,2013-09-12,0
13TPIT0055,8,True,False,CTT,"Tule Canyon to Tesla, build double circuit 345 kV line ",2013-09-18,2011-09-01,2013-09-12,0
13TPIT0055,12,True,False,CTT,"Tule Canyon to Tesla, build double circuit 345 kV line ",2013-09-18,2010-09-01,2013-09-12,0
12TPIT0027,4,True,False,STEC,North McCamey (76000) to Bakersfield (76002),2013-09-18,2012-09-01,2013-12-31,1
12TPIT0027,8,True,False,STEC,North McCamey (76000) to Bakersfield (76002),2013-09-18,2011-09-01,2013-12-31,1
12TPIT0027,12,True,False,STEC,North McCamey (76000) to Bakersfield (76002),2013-09-18,2010-09-01,2013-05-29,-1
13TPIT0056,4,True,False,CTT,Tule Canyon to Tesla,2013-09-18,2012-09-01,2013-09-12,0
13TPIT0056,8,True,False,CTT,Tule Canyon to Tesla,2013-09-18,2011-09-01,2013-09-12,0
13TPIT0056,12,True,False,CTT,Tule Canyon to Tesla,2013-09-18,2010-09-01,2013-09-12,0
13TPIT0018,4,True,False,STEC,McCamey C to McCamey D (Bakersfield to Big Hill),2013-09-18,2012-09-01,2013-08-01,0
13TPIT0018,8,True,False,STEC,McCamey C to McCamey D (Bakersfield to Big Hill),2013-09-18,2011-09-01,2013-08-01,0
13TPIT0018,12,True,False,STEC,McCamey C to McCamey D (Bakersfield to Big Hill),2013-09-18,2010-09-01,2013-08-01,0
13TPIT0175,4,True,False,AEP TCC,Wormser Road: Install DRCS,2013-09-20,2012-09-01,2013-09-30,0
12TPIT0056,4,True,False,WETT,Grelton 345 kV Station and Grelton to Long Draw 345 kV line,2013-09-30,2012-09-01,2013-03-14,-2
12TPIT0056,8,True,False,WETT,Grelton 345 kV Station and Grelton to Long Draw 345 kV line,2013-09-30,2011-09-01,2013-02-28,-2
12TPIT0056,12,True,False,WETT,Grelton 345 kV Station and Grelton to Long Draw 345 kV line,2013-09-30,2010-09-01,2013-02-28,-2
13TPIT0098,4,True,False,WETT,Faraday Switch,2013-09-30,2012-09-01,2013-06-30,-1
13TPIT0098,8,True,False,WETT,Faraday Switch,2013-09-30,2011-09-01,2013-12-30,1
12TPIT0057,4,True,False,WETT,Grelton to Odessa 345 kV line,2013-09-30,2012-09-01,2013-03-15,-2
12TPIT0057,8,True,False,WETT,Grelton to Odessa 345 kV line,2013-09-30,2011-09-01,2013-02-28,-2
12TPIT0057,12,True,False,WETT,Grelton to Odessa 345 kV line,2013-09-30,2010-09-01,2013-02-28,-2
12TPIT0058,4,True,False,WETT,Long Draw 345 kV Station and Long Draw to Scurry County Sout,2013-09-30,2012-09-01,2013-03-16,-2
12TPIT0058,8,True,False,WETT,Long Draw 345 kV Station and Long Draw to Scurry County Sout,2013-09-30,2011-09-01,2013-02-28,-2
12TPIT0058,12,True,False,WETT,Long Draw 345 kV Station and Long Draw to Scurry County Sout,2013-09-30,2010-09-01,2013-02-28,-2
13TPIT0089,4,True,False,ETT,"Tesla, add dynamic reactive compensation",2013-10-02,2012-09-01,2013-10-31,0
13TPIT0089,8,True,False,ETT,"Tesla, add dynamic reactive compensation",2013-10-02,2011-09-01,2013-10-31,0
13TPIT0202,4,True,False,TNMP,Barstow Capbank Install,2013-10-03,2012-09-01,2013-03-13,-3
13TPIT0029,4,True,False,ETT,Big Hill to Kendall Series Compensation (Edison),2013-10-11,2012-09-01,2013-12-09,0
13TPIT0029,8,True,False,ETT,Big Hill to Kendall Series Compensation (Edison),2013-10-11,2011-09-01,2013-12-09,0
13TPIT0029,12,True,False,ETT,Big Hill to Kendall Series Compensation (Edison),2013-10-11,2010-09-01,2013-03-31,-3
13TPIT0084,4,True,False,ETT,Big Hill to Kendall Series Compensation (Orsted),2013-10-12,2012-09-01,2013-12-31,0
13TPIT0084,8,True,False,ETT,Big Hill to Kendall Series Compensation (Orsted),2013-10-12,2011-09-01,2013-12-31,0
12TPIT0160,4,True,False,ONCOR,Clear Creek Substation terminal equipment,2013-10-15,2012-09-01,2012-10-01,-4
13TPIT0087,4,True,False,ETT,"Orsted, add two 50 MVar reactors",2013-10-15,2012-09-01,2013-12-31,0
13TPIT0087,8,True,False,ETT,"Orsted, add two 50 MVar reactors",2013-10-15,2011-09-01,2013-12-31,0
13TPIT0086,4,True,False,ETT,"Edison, add two 50 MVar reactors",2013-10-15,2012-09-01,2013-12-31,0
13TPIT0086,8,True,False,ETT,"Edison, add two 50 MVar reactors",2013-10-15,2011-09-01,2013-12-31,0
13TPIT0088,4,True,False,ETT,"Clear Crossing, add six 50 MVar reactors",2013-10-15,2012-09-01,2013-09-30,-1
13TPIT0088,8,True,False,ETT,"Clear Crossing, add six 50 MVar reactors",2013-10-15,2011-09-01,2013-09-30,-1
12TPIT0174,4,True,False,AEP TNC,"Pointer, Build new three breaker ring bus",2013-10-21,2012-09-01,2013-10-31,0
13TPIT0032,4,True,False,ETT,Edith Clarke to Clear Crossing double circuit 345 kV line,2013-10-22,2012-09-01,2013-09-25,-1
13TPIT0032,8,True,False,ETT,Edith Clarke to Clear Crossing double circuit 345 kV line,2013-10-22,2011-09-01,2013-09-25,-1
13TPIT0032,12,True,False,ETT,Edith Clarke to Clear Crossing double circuit 345 kV line,2013-10-22,2010-09-01,2013-11-30,0
13TPIT0030,4,True,False,ETT,Clear Crossing to Dermott double circuit 345 kV line,2013-10-24,2012-09-01,2013-09-30,-1
13TPIT0030,8,True,False,ETT,Clear Crossing to Dermott double circuit 345 kV line,2013-10-24,2011-09-01,2013-09-30,-1
13TPIT0030,12,True,False,ETT,Clear Crossing to Dermott double circuit 345 kV line,2013-10-24,2010-09-01,2013-09-30,-1
13TPIT0188,4,True,False,CNP,Crabb River Road Substation Reconfiguration,2013-10-31,2012-09-01,2013-05-31,-2
13TPIT0159,4,True,False,AEP TCC,Bruni 138 kV station: Install 138 kV breakers ring bus,2013-10-31,2012-09-01,2013-10-31,0
13TPIT0085,4,True,False,ETT,Clear Crossing 345 kV station,2013-10-31,2012-09-01,2013-09-30,-1
13TPIT0085,8,True,False,ETT,Clear Crossing 345 kV station,2013-10-31,2011-09-01,2013-09-30,-1
13TPIT0173,4,True,False,AEP TNC,Friend Ranch: Remove 10 MVA DRCS,2013-11-01,2012-09-01,2013-12-31,0
13TPIT0158,4,True,False,AEP TCC,Bruni to MEC Bruni: Rebuild 138 kV line,2013-11-05,2012-09-01,2013-10-31,0
13TPIT0031,4,True,False,ETT,Dermott to Clear Crossing Series Compensation (Kirchhoff),2013-11-05,2012-09-01,2013-12-09,0
13TPIT0031,8,True,False,ETT,Dermott to Clear Crossing Series Compensation (Kirchhoff),2013-11-05,2011-09-01,2013-12-09,0
13TPIT0031,12,True,False,ETT,Dermott to Clear Crossing Series Compensation (Kirchhoff),2013-11-05,2010-09-01,2013-09-30,-1
13TPIT0034,4,True,False,ETT,Edith Clarke to West Shackelford Series Compensation (Gauss),2013-11-06,2012-09-01,2013-12-09,0
13TPIT0034,8,True,False,ETT,Edith Clarke to West Shackelford Series Compensation (Gauss),2013-11-06,2011-09-01,2013-12-09,0
13TPIT0034,12,True,False,ETT,Edith Clarke to West Shackelford Series Compensation (Gauss),2013-11-06,2010-09-01,2013-11-30,0
13TPIT0109,4,True,False,AEP TCC,Ajo to Rio Hondo: Reconductor 345kV Line,2013-11-07,2012-09-01,2013-06-30,-2
13TPIT0109,8,True,False,AEP TCC,Ajo to Rio Hondo: Reconductor 345kV Line,2013-11-07,2011-09-01,2013-05-31,-2
12TPIT0098,4,True,False,STEC,Bruni relay upgrade,2013-11-08,2012-09-01,2013-02-28,-3
12TPIT0098,8,True,False,STEC,Bruni relay upgrade,2013-11-08,2011-09-01,2012-02-01,-7
13TPIT0021,4,True,False,ETT,Edith Clarke to Cottonwood double circuit 345 kV line,2013-11-11,2012-09-01,2013-10-01,-1
13TPIT0021,8,True,False,ETT,Edith Clarke to Cottonwood double circuit 345 kV line,2013-11-11,2011-09-01,2013-10-01,-1
13TPIT0021,12,True,False,ETT,Edith Clarke to Cottonwood double circuit 345 kV line,2013-11-11,2010-09-01,2013-06-30,-2
12TPIT0061,4,True,False,WETT,Sand Bluff to Long Draw 345 kV line,2013-11-15,2012-09-01,2013-05-31,-2
12TPIT0061,8,True,False,WETT,Sand Bluff to Long Draw 345 kV line,2013-11-15,2011-09-01,2013-05-31,-2
12TPIT0061,12,True,False,WETT,Sand Bluff to Long Draw 345 kV line,2013-11-15,2010-09-01,2013-05-30,-2
12TPIT0060,4,True,False,WETT,Bearkat 345 kV Station and Bearkat  to Sand Bluff 345 kV lin,2013-11-15,2012-09-01,2013-05-31,-2
12TPIT0060,8,True,False,WETT,Bearkat 345 kV Station and Bearkat  to Sand Bluff 345 kV lin,2013-11-15,2011-09-01,2013-05-31,-2
12TPIT0060,12,True,False,WETT,Bearkat 345 kV Station and Bearkat  to Sand Bluff 345 kV lin,2013-11-15,2010-09-01,2013-05-30,-2
12TPIT0059,4,True,False,WETT,Sand Bluff 345 kV Station and Sand Bluff  to Divide 345 kV l,2013-11-15,2012-09-01,2013-05-31,-2
12TPIT0059,8,True,False,WETT,Sand Bluff 345 kV Station and Sand Bluff  to Divide 345 kV l,2013-11-15,2011-09-01,2013-05-31,-2
12TPIT0059,12,True,False,WETT,Sand Bluff 345 kV Station and Sand Bluff  to Divide 345 kV l,2013-11-15,2010-09-01,2013-05-30,-2
13TPIT0033,4,True,False,ETT,Clear Crossing to West Shackelford double circuit 345 kV lin,2013-11-21,2012-09-01,2013-09-30,-1
13TPIT0033,8,True,False,ETT,Clear Crossing to West Shackelford double circuit 345 kV lin,2013-11-21,2011-09-01,2013-09-30,-1
13TPIT0033,12,True,False,ETT,Clear Crossing to West Shackelford double circuit 345 kV lin,2013-11-21,2010-09-01,2013-11-30,0
13TPIT0181,4,True,False,LCRATSC,Gilleland Creek Autotransformer Replacement,2013-11-30,2012-09-01,2013-06-01,-2
07TPIT0024,4,True,False,ETT,Lytle: Add 138-69 kV Auto,2013-12-01,2012-09-01,2012-12-01,-4
07TPIT0024,8,True,False,ETT,Lytle: Add 138-69 kV Auto,2013-12-01,2011-12-01,2012-12-01,-4
07TPIT0024,12,True,False,ETT,Lytle: Add 138-69 kV Auto,2013-12-01,2010-12-01,2013-05-31,-2
13TPIT0050,4,True,False,SLU,LS05 Silverton to White Deer,2013-12-01,2012-09-01,2013-09-30,-1
13TPIT0050,8,True,False,SLU,LS05 Silverton to White Deer,2013-12-01,2011-12-01,2013-09-30,-1
13TPIT0050,12,True,False,SLU,LS05 Silverton to White Deer,2013-12-01,2010-12-01,2013-09-30,-1
13TPIT0076,4,True,False,ONCOR,Parker Switching Station,2013-12-01,2012-09-01,2013-12-01,0
13TPIT0076,8,True,False,ONCOR,Parker Switching Station,2013-12-01,2011-12-01,2013-12-01,0
13TPIT0076,12,True,False,ONCOR,Parker Switching Station,2013-12-01,2010-12-01,2013-12-01,0
07TPIT0078,4,True,False,AEP TCC,Devine to Lytle: Rebuild 69 kV Line,2013-12-01,2012-09-01,2013-12-01,0
07TPIT0078,8,True,False,AEP TCC,Devine to Lytle: Rebuild 69 kV Line,2013-12-01,2011-12-01,2013-12-01,0
07TPIT0078,12,True,False,AEP TCC,Devine to Lytle: Rebuild 69 kV Line,2013-12-01,2010-12-01,2014-05-31,2
13TPIT0095,4,True,False,ONCOR,Krum West Switch capacitors,2013-12-01,2012-09-01,2013-12-01,0
13TPIT0095,8,True,False,ONCOR,Krum West Switch capacitors,2013-12-01,2011-12-01,2013-12-01,0
13TPIT0082,4,True,False,ONCOR,Brown Switch dynamic reactive device,2013-12-01,2012-09-01,2013-12-01,0
13TPIT0082,8,True,False,ONCOR,Brown Switch dynamic reactive device,2013-12-01,2011-12-01,2013-12-01,0
13TPIT0116,4,True,False,AEP TNC,North Brady: Add two 7.2 Mvar capacitor banks,2013-12-03,2012-12-01,2013-10-31,0
13TPIT0116,8,True,False,AEP TNC,North Brady: Add two 7.2 Mvar capacitor banks,2013-12-03,2011-12-01,2013-05-31,-2
13TPIT0194,4,True,False,CNP,Cardiff Substation Conversion,2013-12-07,2012-12-01,2013-12-31,0
13TPIT0208,4,True,True,GARLAND,Nevada 138 kV new substation and connections,2013-12-11,2012-12-01,2013-11-06,0
13TPIT0041,4,True,False,ONCOR,Anna Switch circuit breakers,2013-12-15,2012-12-01,2013-12-01,0
13TPIT0041,8,True,False,ONCOR,Anna Switch circuit breakers,2013-12-15,2011-12-01,2013-12-01,0
13TPIT0041,12,True,False,ONCOR,Anna Switch circuit breakers,2013-12-15,2010-12-01,2013-12-01,0
13TPIT0035,4,True,False,ONCOR,Willow Creek - Clear Crossing - Dermott Switch (Central B) 3,2013-12-15,2012-12-01,2013-12-01,0
13TPIT0035,8,True,False,ONCOR,Willow Creek - Clear Crossing - Dermott Switch (Central B) 3,2013-12-15,2011-12-01,2013-12-01,0
13TPIT0035,12,True,False,ONCOR,Willow Creek - Clear Crossing - Dermott Switch (Central B) 3,2013-12-15,2010-12-01,2013-12-01,0
13TPIT0081,4,True,False,ONCOR,Brown Switch capacitors,2013-12-15,2012-12-01,2013-12-01,0
13TPIT0081,8,True,False,ONCOR,Brown Switch capacitors,2013-12-15,2011-12-01,2013-12-01,0
14TPIT0054,4,True,False,ONCOR,Odessa - Odessa North 138 kV line,2013-12-15,2012-12-01,2013-12-01,0
14TPIT0054,8,True,False,ONCOR,Odessa - Odessa North 138 kV line,2013-12-15,2011-12-01,2020-05-01,26
13TPIT0072,4,True,False,ONCOR,Scurry County South Switch (Central A) ,2013-12-15,2012-12-01,2013-12-01,0
13TPIT0072,8,True,False,ONCOR,Scurry County South Switch (Central A) ,2013-12-15,2011-12-01,2013-12-01,0
13TPIT0072,12,True,False,ONCOR,Scurry County South Switch (Central A) ,2013-12-15,2010-12-01,2013-12-01,0
10TPIT0020,4,True,False,ONCOR,Anna Switch - Krum W. Switch 345 kV line,2013-12-15,2012-12-01,2013-12-01,0
10TPIT0020,8,True,False,ONCOR,Anna Switch - Krum W. Switch 345 kV line,2013-12-15,2011-12-01,2013-12-01,0
10TPIT0020,12,True,False,ONCOR,Anna Switch - Krum W. Switch 345 kV line,2013-12-15,2010-12-01,2013-12-01,0
13TPIT0154,4,True,False,ONCOR,Barber Lake 138 kV Switching Station,2013-12-15,2012-12-01,2013-12-01,0
12TPIT0075,4,True,False,ONCOR,Knob Creek 345 kV Switching Station Phase I,2013-12-15,2012-12-01,2013-11-01,0
12TPIT0075,8,True,False,ONCOR,Knob Creek 345 kV Switching Station Phase I,2013-12-15,2011-12-01,2014-12-01,4
12TPIT0075,12,True,False,ONCOR,Knob Creek 345 kV Switching Station Phase I,2013-12-15,2010-12-01,2012-11-01,-4
13TPIT0075,4,True,False,ONCOR,Graham Switching Station,2013-12-15,2012-12-01,2013-12-01,0
13TPIT0075,8,True,False,ONCOR,Graham Switching Station,2013-12-15,2011-12-01,2013-12-01,0
13TPIT0075,12,True,False,ONCOR,Graham Switching Station,2013-12-15,2010-12-01,2013-12-01,0
13TPIT0073,4,True,False,ONCOR,Killeen Switch ,2013-12-15,2012-12-01,2013-12-01,0
13TPIT0073,8,True,False,ONCOR,Killeen Switch ,2013-12-15,2011-12-01,2013-12-01,0
13TPIT0073,12,True,False,ONCOR,Killeen Switch ,2013-12-15,2010-12-01,2013-12-01,0
13TPIT0190,4,True,False,CNP,Busch Substation Conversion,2013-12-23,2012-12-01,2013-12-31,0
13TPIT0195,4,True,False,CNP,Arcola Substation Conversion,2013-12-25,2012-12-01,2013-11-30,0
08TPIT0097,4,True,False,BEPC,Rhome to Roanoke Rebuild,2013-12-31,2012-12-01,2020-12-31,28
08TPIT0097,8,True,False,BEPC,Rhome to Roanoke Rebuild,2013-12-31,2011-12-01,2013-10-01,-1
08TPIT0097,12,True,False,BEPC,Rhome to Roanoke Rebuild,2013-12-31,2010-12-01,2011-10-14,-8
13TPIT0176,4,True,False,AEP TCC,Wormser Road: Install Capacitor Bank,2013-12-31,2012-12-01,2013-09-30,-1
13TPIT0156,4,True,False,AEP TNC,Katemcy: Add 7.2 Mvar capacitor bank,2013-12-31,2012-12-01,2013-05-31,-2
13TPIT0210,4,True,False,PEC,Mountain Top 138kV Bus Upgrade,2013-12-31,2012-12-01,2013-12-01,0
12TPIT0026,4,True,False,STEC,North McCamey (76000) to Odessa EHV (11028),2013-12-31,2012-12-01,2013-12-31,0
12TPIT0026,8,True,False,STEC,North McCamey (76000) to Odessa EHV (11028),2013-12-31,2011-12-01,2013-12-31,0
12TPIT0026,12,True,False,STEC,North McCamey (76000) to Odessa EHV (11028),2013-12-31,2010-12-01,2013-12-31,0
12TPIT0123,4,True,False,CPS,Braunig West Bus - 138 kV Substation Equipment Upgrade,2014-06-01,2013-03-01,2014-06-01,0
12TPIT0123,8,True,False,CPS,Braunig West Bus - 138 kV Substation Equipment Upgrade,2014-06-01,2012-03-01,2013-06-01,-4
12TPIT0123,12,True,False,CPS,Braunig West Bus - 138 kV Substation Equipment Upgrade,2014-06-01,2011-06-01,2012-12-01,-6
12TPIT0142,4,True,False,STEC,Choate to Fashing Rebuild,2014-03-01,2012-12-01,2013-06-01,-3
12TPIT0142,8,True,False,STEC,Choate to Fashing Rebuild,2014-03-01,2011-12-01,2012-12-01,-5
13TPIT0108,4,True,False,AEP TCC,Nelson Sharpe to Ajo: Reconductor 345kV Line,2014-04-03,2013-03-01,2014-02-28,-1
13TPIT0108,8,True,False,AEP TCC,Nelson Sharpe to Ajo: Reconductor 345kV Line,2014-04-03,2012-03-01,2013-12-31,-2
14TPIT0051,4,True,False,AEP TCC,North Edinburg: Replace 345 kV Series Capacitors,2014-04-11,2013-03-01,2015-06-30,4
14TPIT0051,8,True,False,AEP TCC,North Edinburg: Replace 345 kV Series Capacitors,2014-04-11,2012-03-01,2015-05-31,4
11TPIT0114,4,True,False,STEC,Alberta Switch-Doedyns 138kV Line,2014-05-30,2013-03-01,2013-11-01,-2
11TPIT0114,8,True,False,STEC,Alberta Switch-Doedyns 138kV Line,2014-05-30,2012-03-01,2013-05-01,-4
11TPIT0114,12,True,False,STEC,Alberta Switch-Doedyns 138kV Line,2014-05-30,2011-03-01,2012-07-01,-8
12TPIT0156,4,True,False,STEC,Brundage Capacitor,2014-02-15,2012-12-01,2013-08-01,-2
12TPIT0156,8,True,False,STEC,Brundage Capacitor,2014-02-15,2011-12-01,2012-05-01,-7
13TPIT0114,4,True,False,AEP TNC,Silver to Silver Tap 1: Reterminate the 69 kV line into the ,2014-06-10,2013-06-01,2014-05-31,0
13TPIT0114,8,True,False,AEP TNC,Silver to Silver Tap 1: Reterminate the 69 kV line into the ,2014-06-10,2012-06-01,2013-05-31,-4
13TPIT0155,4,True,False,AEP TNC,Yucca: Add 10 MVA DRCS and add 69 kV capacitor bank,2014-06-11,2013-06-01,2013-12-31,-2
13TPIT0155,8,True,False,AEP TNC,Yucca: Add 10 MVA DRCS and add 69 kV capacitor bank,2014-06-11,2012-06-01,2013-12-31,-2
14TPIT0066,4,True,False,ETT,Jim Treece: Build 345 kV station,2014-06-13,2013-06-01,2014-05-31,0
14TPIT0066,8,True,False,ETT,Jim Treece: Build 345 kV station,2014-06-13,2012-06-01,2014-05-31,0
13TPIT0123,4,True,False,STEC,Tordillo Station and Autotransformer,2014-07-30,2013-07-29,2014-01-01,-2
13TPIT0123,8,True,False,STEC,Tordillo Station and Autotransformer,2014-07-30,2012-06-01,2019-06-01,19
13TPIT0130,4,True,False,STEC,San Miguel to Fashing Conversion,2014-07-30,2013-07-29,2014-01-01,-2
13TPIT0130,8,True,False,STEC,San Miguel to Fashing Conversion,2014-07-30,2012-06-01,2019-06-01,19
14TPIT0040,4,True,False,CNP,Springwoods 138kV Substation,2014-05-28,2013-03-01,2014-01-31,-1
14TPIT0040,8,True,False,CNP,Springwoods 138kV Substation,2014-05-28,2012-03-01,2014-06-29,0
14TPIT0107,4,True,False,AEP TNC,Bond Road: Add 69 kV capacitor banks,2014-07-03,2013-06-01,2014-05-31,-1
14TPIT0097,4,True,False,LCRATSC,Colorado - Nada 138 kV Transmission Line Conversion,2014-08-15,2013-07-29,2014-06-01,-1
12TPIT0140,4,True,False,STEC,South Batesville breaker addition,2014-09-26,2013-07-29,2014-06-01,-1
12TPIT0140,8,True,False,STEC,South Batesville breaker addition,2014-09-26,2012-09-01,2013-06-01,-5
14TPIT0106,4,True,False,ETT,SW Vernon to Vernon Main: Rebuild 69 kV line ,2014-09-04,2013-07-29,2014-05-31,-1
14TPIT0073,4,True,False,GVEC,Kokernut Substation,2014-10-31,2013-07-29,2014-10-31,0
14TPIT0073,8,True,False,GVEC,Kokernut Substation,2014-10-31,2012-09-01,2014-07-30,-1
13TPIT0193,4,True,False,CNP,Tomball Reactor,2014-11-13,2013-11-01,2014-05-31,-2
13TPIT0193,8,True,False,CNP,Tomball Reactor,2014-11-13,2012-09-01,2013-11-30,-4
14TPIT0123,4,True,False,LCRATSC,Dimmit Substation Addition,2014-10-31,2013-07-29,2014-03-31,-3
15TPIT0018,4,True,False,LCRATSC,Kerrville Stadium to Raymond F. Barker ,2014-11-16,2013-11-01,2015-01-09,1
15TPIT0018,8,True,False,LCRATSC,Kerrville Stadium to Raymond F. Barker ,2014-11-16,2012-09-01,2015-01-06,1
15TPIT0018,12,True,False,LCRATSC,Kerrville Stadium to Raymond F. Barker ,2014-11-16,2011-09-01,2015-03-01,1
14TPIT0122,4,True,False,LCRATSC,Bevo Station Addition,2014-12-19,2013-11-01,2015-04-07,2
14TPIT0076,4,True,False,CNP,Fry Road 138kV Substation,2014-12-17,2013-11-01,2014-06-30,-2
14TPIT0076,8,True,False,CNP,Fry Road 138kV Substation,2014-12-17,2012-12-01,2014-06-30,-2
14TPIT0077,4,True,False,CNP,PH Robinson Autotransformer A1 Upgrade,2014-12-16,2013-11-01,2014-05-31,-2
14TPIT0077,8,True,False,CNP,PH Robinson Autotransformer A1 Upgrade,2014-12-16,2012-12-01,2014-05-31,-2
14TPIT3389,4,True,False,CNP,Dunlavy to Hyde Park Ckt 32 Upgrade,2014-12-18,2013-11-01,2014-12-31,0
14TPIT3346,4,True,True,CNP,Clinton Conversion,2015-01-06,2013-11-01,2014-12-31,-1
3399,4,True,False,AEP TNC,Bronte: Add 69 kV capacitor banks,2015-04-16,2014-02-01,2015-05-31,0
15TPIT0061,4,True,False,LCRATSC,Marshall Ford to Lago Vista Transmission Line Upgrade,2015-04-28,2014-02-01,2015-04-30,0
13TPIT0128,4,True,False,STEC,Danevang Switch to Danevang Substaton Rebuild,2015-08-20,2014-06-01,2015-04-27,-1
13TPIT0128,8,True,False,STEC,Danevang Switch to Danevang Substaton Rebuild,2015-08-20,2013-07-29,2014-06-01,-5
13TPIT0128,12,True,False,STEC,Danevang Switch to Danevang Substaton Rebuild,2015-08-20,2012-06-01,2013-05-01,-9
14TPIT0063,4,True,False,AEP TNC,Munday to BEC Munday: Rebuild 69 kV line,2015-05-26,2014-02-01,2014-12-31,-2
14TPIT0063,8,True,False,AEP TNC,Munday to BEC Munday: Rebuild 69 kV line,2015-05-26,2013-03-01,2015-05-31,0
14TPIT0063,12,True,False,AEP TNC,Munday to BEC Munday: Rebuild 69 kV line,2015-05-26,2012-03-01,2016-03-31,3
14TPIT3257,4,True,False,CNP,Smithers to Bellaire Ckt.98,2015-01-05,2013-11-01,2014-12-31,-1
14TPIT3390,4,True,False,CNP,Alvin Auto Removal,2015-07-01,2014-06-01,2014-12-31,-2
15TPIT3391,4,True,False,CNP,Bellaire Autotransformer Upgrade,2015-04-24,2014-02-01,2015-05-31,0
3886,4,True,False,CNP,Ckt.75 Rothwood Loop,2015-07-02,2014-06-01,2015-05-31,0
3417,4,True,False,STEC,North Calliham Capacitor,2015-09-30,2014-06-01,2014-10-01,-4
15TPIT0060,4,True,False,LCRATSC,Convert KenedySw - Guadalupe (Cuero) to 138kV ,2015-06-29,2014-06-01,2015-06-26,0
15TPIT0060,8,True,False,LCRATSC,Convert KenedySw - Guadalupe (Cuero) to 138kV ,2015-06-29,2013-06-01,2015-06-30,0
4001,4,True,False,LCRATSC,Cuero Hydro to Hochheim Transmission Line Overhaul,2015-06-26,2014-06-01,2015-06-30,0
3850,4,True,False,AEP TNC,Russek Street: Build 138 kV station,2015-06-28,2014-06-01,2015-07-31,1
3851,4,True,False,AEP TNC,Russek Street: Add 138 kV capacitor banks,2015-06-28,2014-06-01,2016-05-31,4
3950B,4,True,False,CNP,TH Wharton to White Oak Ckt.71,2015-07-01,2014-06-01,2014-06-30,-4
3950A,4,True,False,CNP,TH Wharton to White Oak Ckt.71,2015-07-01,2014-06-01,2014-06-29,-4
3680,4,True,False,CNP,Decker-Exxon Ckt83 Thermal Uprate,2015-07-01,2014-06-01,2014-12-15,-2
14TPIT0121,4,True,False,CNP,Channelview to CONIAL Ckt.84 Thermal Uprate,2015-07-01,2014-06-01,2014-06-30,-4
14TPIT0121,8,True,False,CNP,Channelview to CONIAL Ckt.84 Thermal Uprate,2015-07-01,2013-06-01,2014-05-31,-4
14TPIT0064,4,True,False,AEP TNC,West Yates to Dinny: Rebuild 69 kV line,2015-07-08,2014-06-01,2015-05-31,-1
14TPIT0064,8,True,False,AEP TNC,West Yates to Dinny: Rebuild 69 kV line,2015-07-08,2013-06-01,2014-12-31,-3
14TPIT0064,12,True,False,AEP TNC,West Yates to Dinny: Rebuild 69 kV line,2015-07-08,2012-06-01,2014-12-31,-3
3406,4,True,True,STEC,Tenaris 138 kV station,2015-08-31,2014-06-01,2015-07-16,0
3687,4,True,False,AEP TNC,Estes: Build 138 kV station,2015-07-17,2014-06-01,2014-12-31,-3
14TPIT0065,4,True,False,AEP TNC,Rusthill: Build 138 kV station,2015-07-24,2014-06-01,2014-12-31,-3
14TPIT0065,8,True,False,AEP TNC,Rusthill: Build 138 kV station,2015-07-24,2013-06-01,2014-08-31,-4
14TPIT0065,12,True,False,AEP TNC,Rusthill: Build 138 kV station,2015-07-24,2012-06-01,2014-05-31,-5
3674,4,True,False,AEP TNC,Puncher: Build 69 kV station and add capacitor bank,2015-08-21,2014-06-01,2017-05-31,7
12TPIT0081,4,True,False,CPS,36th St - New 138kV Substation,2015-10-01,2014-06-01,2014-10-30,-3
12TPIT0081,8,True,False,CPS,36th St - New 138kV Substation,2015-10-01,2013-07-29,2014-03-01,-6
12TPIT0081,12,True,False,CPS,36th St - New 138kV Substation,2015-10-01,2012-09-01,2013-05-31,-9
12TPIT0143C,4,True,False,STEC,Danevang Switch to El Campo Rebuild,2015-09-30,2014-06-01,2015-01-30,-2
13TPIT0047,4,True,False,LCRATSC,Parkway to EC Mornhinweg,2015-06-17,2014-06-01,2015-05-15,0
13TPIT0047,8,True,False,LCRATSC,Parkway to EC Mornhinweg,2015-06-17,2013-06-01,2015-12-01,2
13TPIT0047,12,True,False,LCRATSC,Parkway to EC Mornhinweg,2015-06-17,2012-06-01,2015-12-01,2
3271,4,True,False,CPS,Comal Street - New 138kV Substation,2015-08-26,2014-06-01,2015-06-01,-1
14TPIT0044,4,True,False,CPS,Helotes to Hill Country - 138 kV Substation Equipment Upgrad,2015-10-08,2014-02-01,2014-06-01,-6
14TPIT0044,8,True,False,CPS,Helotes to Hill Country - 138 kV Substation Equipment Upgrad,2015-10-08,2013-07-29,2014-06-01,-6
14TPIT0044,12,True,False,CPS,Helotes to Hill Country - 138 kV Substation Equipment Upgrad,2015-10-08,2012-09-01,2014-06-01,-6
12TPIT0143B,4,True,False,STEC,Danevang Switch to El Campo Rebuild,2015-11-10,2014-06-01,2014-12-22,-4
17TPIT0009,4,True,False,AEP TNC,East Munday: Replace 138/69 kV autotransformer,2015-10-30,2014-06-01,2015-05-31,-2
17TPIT0009,8,True,False,AEP TNC,East Munday: Replace 138/69 kV autotransformer,2015-10-30,2013-07-29,2017-05-31,6
3910,4,True,False,ETT,Lobo: Replace 138/69 kV autotransformer,2015-12-16,2014-06-01,2014-12-31,-4
15TPIT0059,4,True,False,LCRATSC,Avery Ranch - Jollyville Transmission Line Upgrade,2015-11-25,2014-06-01,2015-02-13,-3
15TPIT0059,8,True,False,LCRATSC,Avery Ranch - Jollyville Transmission Line Upgrade,2015-11-25,2013-11-01,2015-02-03,-3
12TPIT0143A,4,True,False,STEC,Danevang Switch to El Campo Rebuild,2015-12-16,2014-06-01,2014-11-10,-4
3969,4,True,False,LCRATSC,Bergheim Capacitor Bank,2015-10-09,2014-06-01,2015-11-30,0
3832,4,True,False,CNP,Reconductor Heights - Whiteoak Ckt34 to Increase Thermal Rat,2015-12-15,2014-06-01,2015-06-30,-2
16TPIT0035,4,True,False,AEP TNC,BEC Munday to Gillespie: Rebuild 69 kV line,2015-11-04,2014-06-01,2015-05-31,-2
16TPIT0035,8,True,False,AEP TNC,BEC Munday to Gillespie: Rebuild 69 kV line,2015-11-04,2013-11-01,2015-05-31,-2
14TPIT0119,4,True,False,CNP,Mason Road to Obrien Ckt25,2015-12-18,2014-06-01,2014-12-31,-4
14TPIT0119,8,True,False,CNP,Mason Road to Obrien Ckt25,2015-12-18,2013-11-01,2014-03-31,-7
14TPIT0099,4,True,False,CNP,Treaschwig - Westfield Ckt.66,2016-01-13,2014-06-01,2015-05-31,-3
14TPIT0099,8,True,False,CNP,Treaschwig - Westfield Ckt.66,2016-01-13,2013-11-01,2015-05-31,-3
14TPIT0099,12,True,False,CNP,Treaschwig - Westfield Ckt.66,2016-01-13,2012-12-01,2014-12-31,-5
3397,4,True,False,AEP TNC,Sterling City: Add 69 kV capacitor banks,2016-01-18,2014-06-01,2015-05-31,-3
3397,8,True,False,AEP TNC,Sterling City: Add 69 kV capacitor banks,2016-01-18,2013-11-01,2015-03-31,-4
15TPIT0035A,4,True,False,CNP,Velasco to West Columbia Upgrades and Conversion to 138kV,2016-07-11,2015-06-01,2016-02-25,-2
15TPIT0035A,8,True,False,CNP,Velasco to West Columbia Upgrades and Conversion to 138kV,2016-07-11,2014-06-01,2015-10-27,-3
4183,4,True,False,CNP,Jordan Cap Bank,2016-02-28,2015-02-01,2015-12-31,-1
3872,4,True,True,CNP,MARINE 138kV Substation,2016-03-24,2015-02-01,2015-06-29,-3
17TPIT0007,4,True,False,AEP TNC,Gillespie to Pointer: Rebuild 69 kV line,2016-02-05,2015-02-01,2016-03-31,0
17TPIT0007,8,True,False,AEP TNC,Gillespie to Pointer: Rebuild 69 kV line,2016-02-05,2014-02-01,2015-12-31,-1
14TPIT0050,4,True,False,AEP TCC,Lon Hill to North Edinburg: Reconductor 345kV Line,2016-03-04,2015-02-01,2015-06-30,-3
14TPIT0050,8,True,False,AEP TCC,Lon Hill to North Edinburg: Reconductor 345kV Line,2016-03-04,2014-02-01,2016-01-31,0
14TPIT0050,12,True,False,AEP TCC,Lon Hill to North Edinburg: Reconductor 345kV Line,2016-03-04,2013-03-01,2015-06-30,-3
15TPIT0024,4,True,False,AEP TCC,Lon Hill to Nelson Sharpe: Reconductor 345kV Line,2016-03-04,2015-02-01,2015-12-31,-1
15TPIT0024,8,True,False,AEP TCC,Lon Hill to Nelson Sharpe: Reconductor 345kV Line,2016-03-04,2014-02-01,2016-04-30,1
15TPIT0024,12,True,False,AEP TCC,Lon Hill to Nelson Sharpe: Reconductor 345kV Line,2016-03-04,2013-03-01,2015-12-31,-1
4180,4,True,False,AEP TNC,Cinnamon: Build 69 kV station,2016-03-15,2015-02-01,2015-08-31,-2
3676,4,True,False,AEP TNC,Foxtail: Build 345 kV station,2016-03-24,2015-02-01,2016-03-31,0
3676,8,True,False,AEP TNC,Foxtail: Build 345 kV station,2016-03-24,2014-02-01,2015-12-31,-1
16TPIT0037,4,True,False,STEC,Rebuild Orange Grove to Casa Blanca,2016-03-29,2015-02-01,2015-06-01,-3
16TPIT0037,8,True,False,STEC,Rebuild Orange Grove to Casa Blanca,2016-03-29,2013-07-29,2016-04-01,0
4522,4,True,False,AEP TNC,Hoefs Road: Build a 69 kV station,2016-03-31,2015-02-01,2016-12-31,3
16TPIT0023,4,True,False,AEP TCC,South McAllen - Stewart Road: Rebuild 138kV Line,2016-03-04,2015-02-01,2015-12-31,-1
16TPIT0023,8,True,False,AEP TCC,South McAllen - Stewart Road: Rebuild 138kV Line,2016-03-04,2014-02-01,2015-12-31,-1
16TPIT0023,12,True,False,AEP TCC,South McAllen - Stewart Road: Rebuild 138kV Line,2016-03-04,2013-03-01,2014-12-31,-5
15TPIT0051,4,True,False,LCRATSC,Kenedy Switch - Nixon - Seguin Transmission Line Upgrade,2016-03-09,2015-02-01,2016-04-01,0
15TPIT0051,8,True,False,LCRATSC,Kenedy Switch - Nixon - Seguin Transmission Line Upgrade,2016-03-09,2014-02-01,2016-06-16,1
15TPIT0051,12,True,False,LCRATSC,Kenedy Switch - Nixon - Seguin Transmission Line Upgrade,2016-03-09,2013-03-01,2015-06-30,-3
15TPIT0035B,4,True,False,CNP,Velasco to West Columbia Upgrades and Conversion to 138kV,2016-07-11,2015-06-01,2016-02-26,-2
15TPIT0035B,8,True,False,CNP,Velasco to West Columbia Upgrades and Conversion to 138kV,2016-07-11,2014-06-01,2015-10-28,-3
15TPIT0035C,4,True,False,CNP,Velasco to West Columbia Upgrades and Conversion to 138kV,2016-07-11,2015-06-01,2016-02-27,-2
15TPIT0035C,8,True,False,CNP,Velasco to West Columbia Upgrades and Conversion to 138kV,2016-07-11,2014-06-01,2015-10-29,-3
15TPIT0035D,4,True,False,CNP,Velasco to West Columbia Upgrades and Conversion to 138kV,2016-07-20,2015-06-01,2016-02-28,-2
15TPIT0035D,8,True,False,CNP,Velasco to West Columbia Upgrades and Conversion to 138kV,2016-07-20,2014-06-01,2015-10-30,-3
15TPIT0035E,4,True,False,CNP,Velasco to West Columbia Upgrades and Conversion to 138kV,2016-12-12,2015-10-01,2016-04-29,-2
15TPIT0035E,8,True,False,CNP,Velasco to West Columbia Upgrades and Conversion to 138kV,2016-12-12,2014-06-01,2015-10-31,-4
4428,4,True,False,CNP,CAMDEN 138kV Substation,2016-04-12,2015-02-01,2016-04-30,0
3503,4,True,False,GVEC,Rebuild Seguin-Deer Creek to 138kV,2016-04-18,2015-02-01,2016-04-30,0
3696,4,True,False,AEP TNC,Friend Ranch to Ozona: Rebuild 69 kV line,2016-05-23,2015-02-01,2016-12-31,2
3696,8,True,False,AEP TNC,Friend Ranch to Ozona: Rebuild 69 kV line,2016-05-23,2014-02-01,2016-12-31,2
11TPIT0002,4,True,False,ETT,Lobo to North Edinburg: Construct 345 kV Line,2016-05-23,2015-02-01,2016-06-30,0
11TPIT0002,8,True,False,ETT,Lobo to North Edinburg: Construct 345 kV Line,2016-05-23,2014-02-01,2016-06-30,0
11TPIT0002,12,True,False,ETT,Lobo to North Edinburg: Construct 345 kV Line,2016-05-23,2013-03-01,2016-06-30,0
16TPIT0040,4,True,False,ETT,Del Sol: Add a 100 MVAR Shunt Reactor,2016-05-25,2015-02-01,2016-06-30,0
16TPIT0040,8,True,False,ETT,Del Sol: Add a 100 MVAR Shunt Reactor,2016-05-25,2014-02-01,2016-06-30,0
16TPIT0017,4,True,False,ETT,"Cenizo: Add a 24 Ohm 3600, A Series Capacitor",2016-05-25,2015-02-01,2016-06-30,0
16TPIT0017,8,True,False,ETT,"Cenizo: Add a 24 Ohm 3600, A Series Capacitor",2016-05-25,2014-02-01,2016-06-30,0
16TPIT0017,12,True,False,ETT,"Cenizo: Add a 24 Ohm 3600, A Series Capacitor",2016-05-25,2013-03-01,2016-06-30,0
16TPIT0041,4,True,False,ETT,Cenizo: Add a 100 MVAR Shunt Reactor,2016-05-25,2015-02-01,2016-06-30,0
16TPIT0041,8,True,False,ETT,Cenizo: Add a 100 MVAR Shunt Reactor,2016-05-25,2014-02-01,2016-06-30,0
16TPIT0000,4,True,False,ETT,"Del Sol: Add a 24 Ohm, 3600 A Series Capacitor",2016-05-25,2015-02-01,2016-06-30,0
16TPIT0000,8,True,False,ETT,"Del Sol: Add a 24 Ohm, 3600 A Series Capacitor",2016-05-25,2014-02-01,2016-06-30,0
16TPIT0000,12,True,False,ETT,"Del Sol: Add a 24 Ohm, 3600 A Series Capacitor",2016-05-25,2013-03-01,2016-06-30,0
4421A,4,True,False,CNP,Rothwood Substation Upgrades,2016-07-15,2015-06-01,2016-05-30,-1
4179,4,True,False,CNP,Tanner 138kV Substation,2016-04-12,2015-02-01,2016-05-01,0
4525,4,True,False,CNP,HO Clarke to Heights Ckt.34,2016-06-14,2015-06-01,2016-05-31,0
4421B,4,True,False,CNP,Rothwood Substation Upgrades,2016-08-18,2015-06-01,2016-05-31,-1
15TPIT0045,4,True,False,STEC,ETP Capacitor,2016-09-15,2015-06-01,2016-06-01,-1
15TPIT0045,8,True,False,STEC,ETP Capacitor,2016-09-15,2014-06-01,2015-06-01,-5
15TPIT0045,12,True,False,STEC,ETP Capacitor,2016-09-15,2013-07-29,2015-06-01,-5
4363,4,True,False,STEC,Miracle Lake 138 kV substation,2016-09-30,2015-06-01,2016-04-01,-2
3966,4,True,False,LCRATSC,Zorn to Seguin Transmission Line Upgrade,2016-06-16,2015-06-01,2016-05-12,0
3966,8,True,False,LCRATSC,Zorn to Seguin Transmission Line Upgrade,2016-06-16,2014-06-01,2016-06-30,0
4857,4,True,False,AEP TNC,Hendrick: Build 138 kV temporary tap,2016-06-16,2015-06-01,2016-05-31,0
4424A,4,True,False,CNP,Gable Street Upgrades,2016-08-18,2015-06-01,2016-05-28,-1
4481,4,True,False,AEP TNC,Linterna: Build a 138 kV tap,2016-06-28,2015-06-01,2016-06-30,0
4424B,4,True,False,CNP,Gable Street Upgrades,2016-05-03,2015-02-01,2016-05-29,0
3953,4,True,False,AEP TNC,Marfa to Alamito Creek: Rebuild 69 kV line,2016-06-29,2015-06-01,2016-06-30,0
3953,8,True,False,AEP TNC,Marfa to Alamito Creek: Rebuild 69 kV line,2016-06-29,2014-06-01,2016-12-31,2
4702,4,True,False,CNP,Britmoore to Sauer Ckts. 73 & 81,2016-06-09,2015-06-01,2016-06-30,0
4451,4,True,False,LCRATSC,Plum to Flatonia Transmission Line Upgrade,2016-06-30,2015-06-01,2016-05-30,0
3666,4,True,False,AEP TNC,Atlantic Best Tap to Santa Rita: Rebuild & convert to 138 kV,2016-06-30,2015-06-01,2016-05-31,0
3666,8,True,False,AEP TNC,Atlantic Best Tap to Santa Rita: Rebuild & convert to 138 kV,2016-06-30,2014-06-01,2017-05-31,4
15TPIT0043C,4,True,False,CNP,Fort Bend Area Upgrades,2016-04-06,2015-02-01,2015-05-29,-4
4424C,4,True,False,CNP,Gable Street Upgrades,2016-07-23,2015-06-01,2016-05-30,-1
3665,4,True,False,AEP TNC,Texon Tap to Santa Rita:  Rebuild & Convert to 138 kV,2016-06-30,2015-06-01,2016-01-31,-1
3665,8,True,False,AEP TNC,Texon Tap to Santa Rita:  Rebuild & Convert to 138 kV,2016-06-30,2014-06-01,2017-05-31,4
14TPIT0120,4,True,False,CNP,Moore Road 138kV Substation,2016-03-24,2015-02-01,2015-09-30,-2
14TPIT0120,8,True,False,CNP,Moore Road 138kV Substation,2016-03-24,2014-02-01,2015-01-31,-4
4187,4,True,False,CNP,LaMarque Substation Expansion & Circuit Reconfigurations,2016-06-13,2015-06-01,2016-05-31,0
13TPIT0157,4,True,False,AEP TNC,Cactus to Ft. Lancaster: Rebuild 69 kV line,2016-06-30,2015-06-01,2016-06-30,0
13TPIT0157,8,True,False,AEP TNC,Cactus to Ft. Lancaster: Rebuild 69 kV line,2016-06-30,2014-06-01,2015-12-31,-2
13TPIT0157,12,True,False,AEP TNC,Cactus to Ft. Lancaster: Rebuild 69 kV line,2016-06-30,2013-06-01,2014-05-31,-8
4555,4,True,False,LCRATSC,Gillette Substation,2016-08-12,2015-06-01,2016-05-24,-1
3267B,4,True,False,STEC,Rebuild ERioHondoTo Paredes to Central Avenue 138 kV line,2016-08-22,2015-06-01,2015-12-15,-3
3898,4,True,False,AEP TCC,Pleasanton: Replace 138/69 kV autotransformer,2016-09-15,2015-06-01,2016-06-30,-1
3898,8,True,False,AEP TCC,Pleasanton: Replace 138/69 kV autotransformer,2016-09-15,2014-06-01,2016-05-31,-1
13TPIT0121A,4,True,False,STEC,Tilden to Reveille 138 kV line,2016-12-01,2015-10-01,2016-08-01,-1
13TPIT0121A,8,True,False,STEC,Tilden to Reveille 138 kV line,2016-12-01,2014-06-01,2016-08-01,-1
13TPIT0121B,4,True,False,STEC,Tilden to Reveille 138 kV line,2016-12-01,2015-10-01,2016-08-02,-1
13TPIT0121B,8,True,False,STEC,Tilden to Reveille 138 kV line,2016-12-01,2014-06-01,2016-08-02,-1
13TPIT0121C,4,True,False,STEC,Tilden to Reveille 138 kV line,2016-12-01,2015-10-01,2016-08-03,-1
13TPIT0121C,8,True,False,STEC,Tilden to Reveille 138 kV line,2016-12-01,2014-06-01,2016-08-03,-1
14TPIT0109,4,True,False,AEP TCC,Kenedy Switch to Tuleta: Build double circuit 138 kV line,2016-09-29,2015-06-01,2016-12-31,1
14TPIT0109,8,True,False,AEP TCC,Kenedy Switch to Tuleta: Build double circuit 138 kV line,2016-09-29,2014-06-01,2015-05-31,-5
14TPIT0109,12,True,False,AEP TCC,Kenedy Switch to Tuleta: Build double circuit 138 kV line,2016-09-29,2013-07-29,2015-05-31,-5
14TPIT0082,4,True,False,AEP TCC,Kenedy Switch to Pettus:  Rebuild 69 kV line,2016-09-26,2015-06-01,2016-12-31,1
14TPIT0082,8,True,False,AEP TCC,Kenedy Switch to Pettus:  Rebuild 69 kV line,2016-09-26,2014-06-01,2015-12-31,-3
14TPIT0082,12,True,False,AEP TCC,Kenedy Switch to Pettus:  Rebuild 69 kV line,2016-09-26,2013-07-29,2015-05-31,-5
15TPIT0067,4,True,False,AEP TCC,Tuleta 138 kV Station: Construct a new station,2016-09-26,2015-06-01,2016-12-31,1
15TPIT0067,8,True,False,AEP TCC,Tuleta 138 kV Station: Construct a new station,2016-09-26,2014-06-01,2015-12-31,-3
15TPIT0067,12,True,False,AEP TCC,Tuleta 138 kV Station: Construct a new station,2016-09-26,2013-07-29,2015-05-31,-5
4876,4,True,False,ETT,Riley: Build 345 kV terminal,2016-09-30,2015-06-01,2016-10-31,1
4461,4,True,False,LCRATSC/GVEC,Moulton South Substation,2016-10-21,2015-10-01,2016-05-01,-2
3705,4,True,False,AEP TNC,Solstice: Build 138 kV station,2016-10-21,2015-10-01,2017-02-28,1
3705,8,True,False,AEP TNC,Solstice: Build 138 kV station,2016-10-21,2014-06-01,2017-12-31,4
16TPIT0038,4,True,False,STEC,Rebuild STEC Mathis to AEP Mathis,2016-12-15,2015-10-01,2016-06-01,-2
16TPIT0038,8,True,False,STEC,Rebuild STEC Mathis to AEP Mathis,2016-12-15,2014-06-01,2016-06-01,-2
16TPIT0038,12,True,False,STEC,Rebuild STEC Mathis to AEP Mathis,2016-12-15,2013-07-29,2016-06-01,-2
4933,4,True,False,CNP,COPPER Substation,2016-11-21,2015-10-01,2016-10-01,0
4994,4,True,True,CNP,Bunker Customer Owned 138 kV Station,2016-11-02,2015-10-01,2016-09-15,-1
3817,4,True,False,STEC,George West autotransformer upgrade,2016-12-22,2015-10-01,2016-11-01,0
3817,8,True,False,STEC,George West autotransformer upgrade,2016-12-22,2014-06-01,2018-06-01,6
4980,4,True,False,PEC,T326 - Wavetrap Upgrade,2016-10-28,2015-10-01,2016-05-01,-2
4877,4,True,False,ETT,Bakersfield: Build 345 kV terminal,2016-11-16,2015-10-01,2016-12-31,0
4878,4,True,False,LCRATSC,Twin Buttes Auto Transformer,2016-11-22,2015-10-01,2016-12-22,0
4422,4,True,False,CNP,Stewart 10MVAr Reactor Bank,2016-10-19,2015-10-01,2016-05-31,-2
3760,4,True,False,AEP TCC,Asherton to Carrizo Springs: 69 kV Transmission Line Rebuild,2016-12-16,2015-10-01,2017-03-31,1
3760,8,True,False,AEP TCC,Asherton to Carrizo Springs: 69 kV Transmission Line Rebuild,2016-12-16,2014-06-01,2015-06-30,-6
4402,4,True,False,ETT,Cenizo: Build new four breaker 345 kV station,2016-05-23,2015-02-01,2016-10-15,2
4785,4,True,False,ETT,Lobo: Connect Torrecillas Generation,2016-09-14,2015-06-01,2016-09-01,0
3767,4,True,False,AEP TCC,Three Rivers 138 kV: Replace 138/69 kV Autotransformer,2016-12-30,2015-10-01,2016-12-31,0
3767,8,True,False,AEP TCC,Three Rivers 138 kV: Replace 138/69 kV Autotransformer,2016-12-30,2014-06-01,2015-12-31,-4
3796,4,True,True,STEC,FrioAEP 69 kV station,2017-01-31,2015-10-01,2016-12-31,-1
3796,8,True,True,STEC,FrioAEP 69 kV station,2017-01-31,2014-06-01,2015-09-01,-6
3797,4,True,True,STEC,Shropshire 69 kV station,2017-01-31,2015-10-01,2016-12-31,-1
3797,8,True,True,STEC,Shropshire 69 kV station,2017-01-31,2014-06-01,2015-12-01,-5
4709,4,True,False,CNP,Install 100MVAr Capacitor Bank at Rothwood from EastSide,2016-12-12,2015-10-01,2016-05-31,-2
4997A,4,True,False,CNP,Deepwater Area Conversions,2017-06-07,2016-06-01,2017-05-28,0
5428C,4,True,False,DENTON,Phase 2 of the conversion to 138kV,2017-07-01,2016-06-01,2017-01-01,-1
3398,4,True,False,AEP TNC,Cedar Hill: Add 69 kV capacitor bank,2017-02-02,2016-02-01,2016-12-31,-1
3398,8,True,False,AEP TNC,Cedar Hill: Add 69 kV capacitor bank,2017-02-02,2015-02-01,2015-05-31,-7
3398,12,True,False,AEP TNC,Cedar Hill: Add 69 kV capacitor bank,2017-02-02,2014-02-01,2015-05-31,-7
3396,4,True,False,AEP TNC,Cedar Hill: Replace 138/69 kV autotransformer,2017-02-02,2016-02-01,2016-12-31,-1
3396,8,True,False,AEP TNC,Cedar Hill: Replace 138/69 kV autotransformer,2017-02-02,2015-02-01,2015-05-31,-7
3396,12,True,False,AEP TNC,Cedar Hill: Replace 138/69 kV autotransformer,2017-02-02,2014-02-01,2015-05-31,-7
3402,4,True,False,AEP TNC,Abilene Northwest to Ely Tap: Rebuild 69 kV line,2017-02-03,2016-02-01,2016-12-31,-1
3402,8,True,False,AEP TNC,Abilene Northwest to Ely Tap: Rebuild 69 kV line,2017-02-03,2015-02-01,2016-12-31,-1
3402,12,True,False,AEP TNC,Abilene Northwest to Ely Tap: Rebuild 69 kV line,2017-02-03,2014-02-01,2017-05-31,1
3745,4,True,False,ETT,Interconnect Los Vientos III at Del Sol 345 kV Station ,2017-02-14,2016-02-01,2016-06-30,-3
3745,8,True,False,ETT,Interconnect Los Vientos III at Del Sol 345 kV Station ,2017-02-14,2015-02-01,2016-06-30,-3
3745,12,True,False,ETT,Interconnect Los Vientos III at Del Sol 345 kV Station ,2017-02-14,2014-02-01,2016-06-30,-3
5191,4,True,True,AEP TNC,Gas Pad Tap: Build 138 kV station,2017-02-28,2016-02-01,2017-04-30,1
5267,4,True,False,LCRATSC,MLSE Upgrade: T152 Sim Gideon to Winchester,2017-03-02,2016-02-01,2017-06-30,1
4978,4,True,False,LCRATSC,Helena Circuit Breaker Addition,2017-02-17,2016-02-01,2017-04-01,0
5080,4,True,False,AEP TNC,Bronco: Build 69 kV temporary tap,2017-03-15,2016-02-01,2017-01-22,0
4503,4,True,False,BRYN,BRYN_4503_Rayburn_Tabor_Upgrade,2017-10-01,2016-06-01,2016-12-31,-3
4503,8,True,False,BRYN,BRYN_4503_Rayburn_Tabor_Upgrade,2017-10-01,2015-10-01,2016-09-30,-4
4858,4,True,False,AEP TNC,Hendrick: Build 138 kV station,2017-04-27,2016-02-01,2017-04-30,0
4516,4,True,False,AEP TNC,City of Brady to North Brady: Reterminate 69 kV line,2017-04-27,2016-02-01,2016-12-31,-2
4516,8,True,False,AEP TNC,City of Brady to North Brady: Reterminate 69 kV line,2017-04-27,2015-02-01,2016-09-30,-3
4973,4,True,False,LCRATSC/RGEC,Blewett Substation Addition,2017-05-05,2016-02-01,2016-12-15,-2
14TPIT0100,4,True,False,STEC,Tilden Capacitor,2017-05-31,2016-02-01,2016-08-15,-3
14TPIT0100,8,True,False,STEC,Tilden Capacitor,2017-05-31,2015-02-01,2015-07-01,-8
14TPIT0100,12,True,False,STEC,Tilden Capacitor,2017-05-31,2014-02-01,2014-06-01,-12
4979,4,True,False,LCRATSC,Upton Circuit Breaker Addition,2017-08-18,2016-06-01,2017-05-19,-1
4710A,4,True,False,CNP,Jones Creek Project,2017-03-23,2016-02-01,2017-05-23,1
4710B,4,True,False,CNP,Jones Creek Project,2017-05-04,2016-02-01,2017-05-24,0
4710C,4,True,False,CNP,Jones Creek Project,2017-03-23,2016-02-01,2017-05-25,1
14TPIT0067,4,True,False,AEP TNC,Red Creek: Replace one of the 345/138 kV autotransformers,2017-05-25,2016-02-01,2017-05-31,0
14TPIT0067,8,True,False,AEP TNC,Red Creek: Replace one of the 345/138 kV autotransformers,2017-05-25,2015-02-01,2017-05-31,0
14TPIT0067,12,True,False,AEP TNC,Red Creek: Replace one of the 345/138 kV autotransformers,2017-05-25,2014-02-01,2017-05-31,0
4710D,4,True,False,CNP,Jones Creek Project,2017-03-23,2016-02-01,2017-05-26,1
4710E,4,True,False,CNP,Jones Creek Project,2017-03-23,2016-02-01,2017-05-27,1
4710F,4,True,False,CNP,Jones Creek Project,2017-03-23,2016-02-01,2017-05-28,1
3682A,4,True,False,CNP,Katy Area Upgrades,2017-07-28,2016-06-01,2017-05-29,-1
3682A,8,True,False,CNP,Katy Area Upgrades,2017-07-28,2015-06-01,2017-05-29,-1
3682A,12,True,False,CNP,Katy Area Upgrades,2017-07-28,2014-06-01,2017-05-29,-1
4710H,4,True,False,CNP,Jones Creek Project,2017-03-23,2016-02-01,2017-05-30,1
4707,4,True,False,CNP,Velasco Cap Bank #1,2017-07-21,2016-06-01,2017-05-31,-1
4707,8,True,False,CNP,Velasco Cap Bank #1,2017-07-21,2015-06-01,2017-05-31,-1
4458,4,True,False,LCRATSC,Altair to Glidden Transmission Line Overhaul,2017-06-30,2016-06-01,2017-05-30,0
4458,8,True,False,LCRATSC,Altair to Glidden Transmission Line Overhaul,2017-06-30,2015-06-01,2017-05-30,0
3682B,4,True,False,CNP,Katy Area Upgrades,2017-07-28,2016-06-01,2017-05-30,-1
3682B,8,True,False,CNP,Katy Area Upgrades,2017-07-28,2015-06-01,2017-05-30,-1
3682B,12,True,False,CNP,Katy Area Upgrades,2017-07-28,2014-06-01,2017-05-30,-1
5266,4,True,False,LCRATSC,Cuero - Luling Transmission Line Overhaul,2017-06-02,2016-06-01,2017-05-31,0
4446,4,True,False,LCRATSC,Luling to Nixon Transmission Line Overhaul,2017-06-20,2016-06-01,2017-05-31,0
4446,8,True,False,LCRATSC,Luling to Nixon Transmission Line Overhaul,2017-06-20,2015-06-01,2017-05-31,0
3682C,4,True,False,CNP,Katy Area Upgrades,2017-05-04,2016-02-01,2017-05-31,0
3682C,8,True,False,CNP,Katy Area Upgrades,2017-05-04,2015-02-01,2017-05-31,0
5284,4,True,False,LCRATSC,Tahitian Village Circuit Breaker Addition,2017-06-16,2016-06-01,2017-05-31,0
5283,4,True,False,LCRATSC,Starcke Circuit Breaker Addition,2017-06-26,2016-06-01,2017-05-31,0
4708,4,True,False,CNP,Meadow: Install 600MVA Autotransformer A2,2017-04-10,2016-02-01,2017-05-31,0
4995,4,True,False,CNP,Sandy Point 138kV Distribution Substation,2017-05-19,2016-02-01,2017-05-31,0
3681,4,True,False,CNP,TH Wharton to Addicks Ckt.71 Sub Upgrade,2016-12-22,2015-10-01,2016-12-31,0
3681,8,True,False,CNP,TH Wharton to Addicks Ckt.71 Sub Upgrade,2016-12-22,2014-06-01,2015-05-31,-6
5280,4,True,False,LCRATSC,Georgetown South Circuit Breaker Addition,2017-06-19,2016-06-01,2017-06-30,0
5279,4,True,False,LCRATSC,Chappell Hill Circuit Breaker Addition,2017-07-28,2016-06-01,2017-06-30,-1
5269,4,True,False,LCRATSC,MLSE Upgrade: T147 Gilleland Creek to McNeil,2017-05-30,2016-02-01,2017-06-30,0
5282,4,True,False,LCRATSC,Shadow Glen Circuit Breaker Addition,2017-08-11,2016-06-01,2017-06-30,-1
5268,4,True,False,LCRATSC,MLSE Upgrade: T231 Austrop to Bastrop City,2017-05-30,2016-02-01,2017-06-30,0
5231,4,True,False,LCRATSC/STEC,Schneeman Draw Substation Addition,2017-08-11,2016-06-01,2017-12-29,1
10TPIT0148,4,True,False,STEC, Las Pulgas Tap - Renamed from Willacy Tap Switch 138kV,2017-07-15,2016-06-01,2017-07-01,-1
10TPIT0148,8,True,False,STEC, Las Pulgas Tap - Renamed from Willacy Tap Switch 138kV,2017-07-15,2015-06-01,2017-07-01,-1
10TPIT0148,12,True,False,STEC, Las Pulgas Tap - Renamed from Willacy Tap Switch 138kV,2017-07-15,2014-06-01,2016-05-30,-5
3911,4,True,False,AEP TCC,Hecker 138kV Substation Expansion: Cheniere LNG Project,2017-01-02,2015-10-01,2017-01-02,0
3911,8,True,False,AEP TCC,Hecker 138kV Substation Expansion: Cheniere LNG Project,2017-01-02,2014-06-01,2017-01-02,0
5550,4,True,False,CNP,Jeanetta to WA Parish Ckt.64 & 72 Upgrades,2017-07-27,2016-06-01,2016-11-30,-3
4967,4,True,False,ETT,Nelson Sharpe: Add 138 kV term. for generator interconnect,2017-06-30,2016-06-01,2016-11-01,-2
5410,4,True,False,AEP TCC,Sierra Vista: Add 2nd Dist Bank,2017-07-18,2016-06-01,2017-05-31,-1
5076,4,True,False,ETT,Smoky Hill: Build 345 kV terminal,2017-08-30,2016-06-01,2017-05-01,-1
15TPIT0055,4,True,False,AEP TCC,Naval Base Station:  Add 138/69 kV Auto,2017-09-11,2016-06-01,2017-04-01,-2
15TPIT0055,8,True,False,AEP TCC,Naval Base Station:  Add 138/69 kV Auto,2017-09-11,2015-06-01,2016-04-30,-5
15TPIT0055,12,True,False,AEP TCC,Naval Base Station:  Add 138/69 kV Auto,2017-09-11,2014-06-01,2015-12-31,-7
15TPIT0054,4,True,False,ETT,Barney Davis To Naval Base Construct 138 kV line,2017-09-11,2016-06-01,2017-04-30,-1
15TPIT0054,8,True,False,ETT,Barney Davis To Naval Base Construct 138 kV line,2017-09-11,2015-06-01,2016-12-05,-3
15TPIT0054,12,True,False,ETT,Barney Davis To Naval Base Construct 138 kV line,2017-09-11,2014-06-01,2016-10-31,-3
5229,4,True,False,LCRATSC,Bow Wood Substation Addition,2017-06-20,2016-06-01,2017-06-20,0
5081,4,True,False,AEP TNC,Bronco: Build 69 kV station,2017-09-25,2016-06-01,2017-10-22,1
5177,4,True,False,ETT,Tesla: Add 345 kV reactor,2017-09-28,2016-06-01,2017-09-02,0
5232,4,True,False,LCRATSC,Castillo Substation Addition,2017-08-28,2016-06-01,2017-03-31,-2
4456,4,True,False,LCRATSC,Gilleland Creek Autotransformer,2017-10-06,2016-10-01,2017-12-01,0
4456,8,True,False,LCRATSC,Gilleland Creek Autotransformer,2017-10-06,2015-10-01,2017-10-31,0
5019,4,True,False,AEP TNC,Pig Creek: Build 138 kV station,2017-10-20,2016-10-01,2017-09-30,-1
5019,8,True,False,AEP TNC,Pig Creek: Build 138 kV station,2017-10-20,2015-10-01,2017-04-30,-2
4459,4,True,False,LCRATSC,Goldthwaite to Lampasas Transmission Line Upgrade,2017-10-31,2016-10-01,2017-11-01,0
4459,8,True,False,LCRATSC,Goldthwaite to Lampasas Transmission Line Upgrade,2017-10-31,2015-10-01,2017-12-31,0
5409,4,True,False,AEP TNC,Jayton to Clairmont Tap: Rehab 69 kV line,2017-11-02,2016-10-01,2017-12-31,0
4200,4,True,False,AEP TNC,Sage: Build 69 kV station,2017-11-15,2016-10-01,2017-03-31,-3
4200,8,True,False,AEP TNC,Sage: Build 69 kV station,2017-11-15,2015-10-01,2016-12-31,-4
4706A,4,True,False,CNP,HO Clarke to Webster Ckt.05,2018-01-11,2016-10-01,2018-12-31,3
4606,4,True,False,GVEC,Moulton South 138/69-kV Autotransformer Addition,2018-02-23,2017-02-01,2017-07-31,-2
4606,8,True,False,GVEC,Moulton South 138/69-kV Autotransformer Addition,2018-02-23,2016-02-01,2019-07-01,5
4606,12,True,False,GVEC,Moulton South 138/69-kV Autotransformer Addition,2018-02-23,2015-02-01,2019-07-01,5
4970,4,True,False,AEP TCC,Magic Valley Tap: Build new 345 kV temporary tap,2017-10-20,2016-10-01,2017-11-30,0
4970,8,True,False,AEP TCC,Magic Valley Tap: Build new 345 kV temporary tap,2017-10-20,2015-10-01,2017-04-01,-3
3963,4,True,False,LCRATSC,Lockhart to Luling Transmission Line Upgrade,2018-01-23,2016-10-01,2017-10-01,-2
3963,8,True,False,LCRATSC,Lockhart to Luling Transmission Line Upgrade,2018-01-23,2015-10-01,2017-05-31,-3
3963,12,True,False,LCRATSC,Lockhart to Luling Transmission Line Upgrade,2018-01-23,2014-06-01,2017-06-30,-3
3479,4,True,False,AEP TNC,Cassava: Build 69 kV station,2017-12-13,2016-10-01,2017-06-30,-2
3479,8,True,False,AEP TNC,Cassava: Build 69 kV station,2017-12-13,2015-10-01,2017-06-30,-2
3479,12,True,False,AEP TNC,Cassava: Build 69 kV station,2017-12-13,2014-06-01,2016-12-31,-4
3480,4,True,False,AEP TNC,Cassava to Yucca: Rebuild 69 kV line,2017-12-13,2016-10-01,2017-12-31,0
3480,8,True,False,AEP TNC,Cassava to Yucca: Rebuild 69 kV line,2017-12-13,2015-10-01,2017-12-31,0
3480,12,True,False,AEP TNC,Cassava to Yucca: Rebuild 69 kV line,2017-12-13,2014-06-01,2017-12-31,0
3671,4,True,False,AEP TNC,Moran to Putnam: Rebuild 69 kV line,2017-12-15,2016-10-01,2018-05-31,2
3671,8,True,False,AEP TNC,Moran to Putnam: Rebuild 69 kV line,2017-12-15,2015-10-01,2018-05-31,2
3671,12,True,False,AEP TNC,Moran to Putnam: Rebuild 69 kV line,2017-12-15,2014-06-01,2018-05-31,2
5393,4,True,False,AEP TNC,Alpine REA Tap to Barrilla Junction: Rehab 69 kV line,2017-12-15,2016-10-01,2017-12-31,0
5404,4,True,False,AEP TNC,Crowell to Truscott Humble Tap: Rehab 69 kV line,2017-12-21,2016-10-01,2017-12-31,0
5156,4,True,False,AEP TNC,Fort Stockton Plant: Build 138 kV terminal,2017-12-21,2016-10-01,2016-11-30,-4
4969,4,True,False,ETT,Pomelo: Build new four breaker 345 kV station,2017-08-25,2016-06-01,2017-07-01,-1
5193,4,True,False,AEP TNC,Ft. Griffin: Build 69 kV station and add capacitor bank,2017-12-22,2016-10-01,2018-06-01,2
5397,4,True,False,AEP TNC,Cassava to Mertzon REA Tap: Rehab 69 kV line,2017-12-28,2016-10-01,2017-12-31,0
4453,4,True,False,LCRATSC,Henne to McCarty Lane Transmission Line Upgrade,2018-01-09,2016-10-01,2017-12-31,-1
4453,8,True,False,LCRATSC,Henne to McCarty Lane Transmission Line Upgrade,2018-01-09,2015-10-01,2018-05-31,1
11TPIT0107,4,True,False,ETT,Steamboat: Reterminate 69 kV Happy Valley tap,2018-02-14,2017-02-01,2017-12-31,-1
11TPIT0107,8,True,False,ETT,Steamboat: Reterminate 69 kV Happy Valley tap,2018-02-14,2016-02-01,2017-07-31,-2
11TPIT0107,12,True,False,ETT,Steamboat: Reterminate 69 kV Happy Valley tap,2018-02-14,2015-02-01,2016-07-31,-6
5554,4,True,False,CNP,Jones Creek Cap Bank #1,2018-01-25,2016-10-01,2018-05-31,1
4705,4,True,False,CNP,San Felipe to Eureka Ckt.09,2018-04-27,2017-02-01,2017-12-31,-2
4705,8,True,False,CNP,San Felipe to Eureka Ckt.09,2018-04-27,2016-02-01,2016-12-31,-6
5174,4,True,False,AEP TCC,Nelson Sharpe: Reconfigure PST,2017-09-28,2016-06-01,2017-03-01,-2
5169,4,True,False,AEP TCC,Harlingen SS to Raymondville #2: Rebuild 69 kV line,2017-12-15,2016-10-01,2017-12-31,0
5955,4,True,False,AEP TCC,Mesquite: Build new distribution station,2018-02-16,2017-02-01,2018-04-01,0
5197,4,True,False,AEP TNC,Abilene Northwest to Elm Creek: Rebuild 69 kV line,2018-05-16,2017-02-01,2017-12-31,-2
5197,8,True,False,AEP TNC,Abilene Northwest to Elm Creek: Rebuild 69 kV line,2018-05-16,2016-02-01,2017-12-31,-2
5020,4,True,False,AEP TNC,Red Creek: Replace the other 345/138 kV autotransformer,2018-05-24,2017-02-01,2018-05-31,0
5020,8,True,False,AEP TNC,Red Creek: Replace the other 345/138 kV autotransformer,2018-05-24,2016-02-01,2018-05-31,0
3819,4,True,False,STEC,Rebuild San Miguel Tap to North Calliham,2018-06-01,2017-02-01,2017-06-01,-4
3819,8,True,False,STEC,Rebuild San Miguel Tap to North Calliham,2018-06-01,2016-02-01,2017-04-30,-4
3819,12,True,False,STEC,Rebuild San Miguel Tap to North Calliham,2018-06-01,2015-06-01,2016-06-01,-8
4703B,4,True,False,CNP,Bellaire to San Felipe Ckt.09 & Bellaire tap Ckt.24,2018-04-27,2017-02-01,2017-12-31,-2
13TPIT0160,4,True,False,AEP TCC,Whitepoint: Add 138 kV breaker terminal for WF interconnect,2018-10-19,2017-10-01,2017-12-31,-4
13TPIT0160,8,True,False,AEP TCC,Whitepoint: Add 138 kV breaker terminal for WF interconnect,2018-10-19,2016-10-01,2017-03-31,-7
13TPIT0160,12,True,False,AEP TCC,Whitepoint: Add 138 kV breaker terminal for WF interconnect,2018-10-19,2015-10-01,2016-12-31,-8
5919,4,True,False,LCRATSC,Fort Mason Substation Upgrade,2018-05-01,2017-02-01,2018-05-31,0
5188,4,True,False,AEP TNC,Quaint Station: Build 69 kV station,2018-06-05,2017-06-01,2018-04-30,0
5188,8,True,False,AEP TNC,Quaint Station: Build 69 kV station,2018-06-05,2016-06-01,2017-09-30,-3
5971,4,True,False,AEP TNC,Truscott Hmble T to Benjamin T 69 kV line: Rbld 69 kV line,2018-06-25,2017-06-01,2018-12-31,2
5189,4,True,False,AEP TNC,Exxon Hawley Tap to Onyx Switch Station: Rebuild 69 kV line,2018-07-18,2017-06-01,2019-12-31,5
5189,8,True,False,AEP TNC,Exxon Hawley Tap to Onyx Switch Station: Rebuild 69 kV line,2018-07-18,2016-06-01,2019-12-31,5
5542,4,True,False,AEP TCC,Gila-Hwy9_ckt2:  replace underground cable,2017-07-28,2016-06-01,2017-03-31,-2
5173,4,True,False,AEP TCC,Airline to Westside: Reconductor 138 kV line,2018-08-29,2017-06-01,2017-12-31,-3
5173,8,True,False,AEP TCC,Airline to Westside: Reconductor 138 kV line,2018-08-29,2016-06-01,2017-12-31,-3
6092,4,True,False,AEP TCC,Port Aransas - Seawall 69 kV line rebuild,2018-10-17,2017-10-01,2018-05-31,-2
5176,4,True,False,ETT,Riley: Add 345 kV reactors,2018-08-08,2017-06-01,2018-06-30,-1
5176,8,True,False,ETT,Riley: Add 345 kV reactors,2018-08-08,2016-06-01,2018-12-31,1
5168,4,True,False,AEP TCC,Airline to Holly: Build new 138 kV line,2018-06-07,2017-06-01,2018-02-15,-1
5168,8,True,False,AEP TCC,Airline to Holly: Build new 138 kV line,2018-06-07,2016-06-01,2018-02-15,-1
5941,4,True,False,SBEC,T-283 Quanex Switch to Quanex Substation,2018-08-23,2017-06-01,2018-09-01,0
5585,4,True,False,STEC,West Edinburg loop in line,2018-10-30,2017-10-01,2018-06-01,-2
5585,8,True,False,STEC,West Edinburg loop in line,2018-10-30,2016-10-01,2018-06-01,-2
6582,4,True,False,ETT,Ajo-Zorillo: Create Temporary Tap,2018-11-14,2017-10-01,2018-09-21,-1
6394,4,True,False,AEP TNC,Bakersfield to Waymark: Build 345 kV line,2018-09-22,2017-06-01,2018-05-31,-1
3418,4,True,False,AEP TCC,Nelson Sharpe: Add 345 kV Terminal for WF Interconnect,2018-07-25,2017-06-01,2018-06-29,-1
3418,8,True,False,AEP TCC,Nelson Sharpe: Add 345 kV Terminal for WF Interconnect,2018-07-25,2016-06-01,2016-09-30,-8
3418,12,True,False,AEP TCC,Nelson Sharpe: Add 345 kV Terminal for WF Interconnect,2018-07-25,2015-06-01,2015-09-30,-12
3683,4,True,False,AEP TNC,Abilene South to Sawgrass: Rebuild 69 kV line,2018-10-01,2017-06-01,2017-12-31,-3
3683,8,True,False,AEP TNC,Abilene South to Sawgrass: Rebuild 69 kV line,2018-10-01,2016-06-01,2017-09-30,-4
3683,12,True,False,AEP TNC,Abilene South to Sawgrass: Rebuild 69 kV line,2018-10-01,2015-10-01,2018-05-31,-1
6244,4,True,False,AEP TNC,Rio Pecos to Sun Valley 69 kV line: Rebuild 69 kV line,2018-10-01,2017-06-01,2019-03-10,2
5963,4,True,False,ETT,Big Hill: Build 345 kV terminal,2018-10-05,2017-10-01,2018-09-30,-1
6104,4,True,False,AEP TCC,Refugio - Heard Tap 69 kV Line,2018-12-20,2017-10-01,2019-10-14,4
5767,4,True,False,CNP,TECO to Grant Ckt.37,2018-10-31,2017-10-01,2018-05-31,-2
5767,8,True,False,CNP,TECO to Grant Ckt.37,2018-10-31,2016-10-01,2018-05-31,-2
5172,4,True,False,AEP TCC,Laredo: Add two 138 kV breakers,2018-12-20,2017-10-01,2017-12-31,-4
5172,8,True,False,AEP TCC,Laredo: Add two 138 kV breakers,2018-12-20,2016-10-01,2017-03-01,-7
5894,4,True,False,CNP,Install Third Zenith 345/138kV 800MVA Transformer,2018-06-04,2017-06-01,2018-05-31,0
5223A,4,True,False,STEC,2015 RTP rebuild 4 sections from George West through Mathis,2018-12-13,2017-10-01,2018-05-12,-2
5223A,8,True,False,STEC,2015 RTP rebuild 4 sections from George West through Mathis,2018-12-13,2016-10-01,2018-06-01,-2
5977,4,True,False,AEP TNC,Mertzon (CVEC T) to Tankersley 69 kV line: Rbld 69 kV line,2018-11-16,2017-10-01,2018-12-31,0
6001,4,True,False,AEP TCC, Goliad - Fannin 69 kV line,2018-12-20,2017-10-01,2018-12-31,0
6245,4,True,False,AEP TNC,Sun Valley to Masterson Field 69 kV line: Rebuild 69 kV line,2018-12-01,2017-10-01,2019-05-30,2
6105,4,True,False,AEP TCC,Heard Tap - Woodsboro 69 kV Line,2018-12-20,2017-10-01,2019-12-31,4
5017,4,True,False,AEP TNC,Lotebush: Build 138 kV station and add 2 capacitor banks,2018-12-05,2017-10-01,2018-06-30,-2
5017,8,True,False,AEP TNC,Lotebush: Build 138 kV station and add 2 capacitor banks,2018-12-05,2016-10-01,2018-06-01,-2
5017,12,True,False,AEP TNC,Lotebush: Build 138 kV station and add 2 capacitor banks,2018-12-05,2015-10-01,2017-04-30,-6
5968,4,True,False,AEP TNC,Alpine to Alpine REA 69 kV line: Rebuild 69 kV line,2018-12-11,2017-10-01,2018-09-30,-1
6122,4,True,False,AEP TCC,Sunniland - Three Rivers 69 kV Line,2018-12-20,2017-10-01,2020-03-31,5
6003,4,True,False,AEP TCC,Knippa - Uvalde 69 kV line,2018-12-15,2017-10-01,2018-12-31,0
6080,4,True,False,AEP TNC,Concho to Christoval 69 kV line: Rebuild 69 kV line,2018-12-13,2017-10-01,2018-12-31,0
6568,4,True,False,AEP TNC,SAPS: Replace the 138/69 kV autotransformer,2018-12-14,2017-10-01,2018-12-31,0
5150,4,True,False,AEP TNC,Southwest Vernon: Replace 138/69 kV autotransformer,2018-12-14,2017-10-01,2018-10-30,0
5150,8,True,False,AEP TNC,Southwest Vernon: Replace 138/69 kV autotransformer,2018-12-14,2016-10-01,2017-12-31,-4
5199,4,True,False,AEP TNC,Vernon Main Street: Add 138 kV capacitor banks,2018-12-21,2017-10-01,2018-06-30,-2
5199,8,True,False,AEP TNC,Vernon Main Street: Add 138 kV capacitor banks,2018-12-21,2016-10-01,2018-06-30,-2
6081,4,True,False,AEP TNC,Chillicothe to Vernon Main 69 kV line: Rebuild 69 kV line,2018-12-22,2017-10-01,2018-12-31,0
5994,4,True,False,AEP TNC,Owls to Pwll Fld Jnctn T (Bison) 69 kV line: Rbld 69 kV line,2018-12-27,2017-10-01,2018-12-31,0
5588,4,True,False,AEP TCC,La Palma Dynamic Reactive,2018-11-20,2017-10-01,2018-12-31,0
5588,8,True,False,AEP TCC,La Palma Dynamic Reactive,2018-11-20,2016-10-01,2018-12-31,0
6078,4,True,False,AEP TNC,Bronte to Bronte Atlantic 69 kV line: Rebuild 69 kV line,2018-12-30,2017-10-01,2018-12-31,0
5969,4,True,False,AEP TNC,Clairmont Tap to Wolfgang 69 kV line: Rebuild 69 kV line,2018-12-31,2017-10-01,2018-05-31,-2
5951,4,True,False,AEP TCC,Bishop-Stratton: Rebuild 69 kV line,2018-05-25,2017-02-01,2018-12-31,2
5596,4,True,False,AEP TCC,Pharr Dynamic Reactive,2018-12-23,2017-10-01,2018-12-31,0
5596,8,True,False,AEP TCC,Pharr Dynamic Reactive,2018-12-23,2016-10-01,2018-12-31,0
5998,4,True,False,AEP TCC,Ganso: Build new 138 kV station,2018-11-08,2017-10-01,2018-12-31,0
5429B,4,True,False,DENTON,Phase 3 of the conversion to 138kV,2017-07-01,2016-06-01,2017-07-01,0
5223B,4,True,False,STEC,2015 RTP rebuild 4 sections from George West through Mathis,2019-06-15,2018-06-01,2019-01-25,-1
5223B,8,True,False,STEC,2015 RTP rebuild 4 sections from George West through Mathis,2019-06-15,2017-06-01,2018-06-02,-4
5223B,12,True,False,STEC,2015 RTP rebuild 4 sections from George West through Mathis,2019-06-15,2016-06-01,2018-06-02,-4
5763A,4,True,False,CNP,CHORIN to STRANG Ckt.87,2019-01-22,2017-10-01,2018-05-30,-3
5763A,8,True,False,CNP,CHORIN to STRANG Ckt.87,2019-01-22,2016-10-01,2018-05-30,-3
5763B,4,True,False,CNP,CHORIN to STRANG Ckt.87,2019-04-30,2018-02-01,2018-05-31,-4
5763B,8,True,False,CNP,CHORIN to STRANG Ckt.87,2019-04-30,2017-02-01,2018-05-31,-4
6636,4,True,True,CNP,CELNES 138kV Substation,2019-02-14,2018-02-01,2018-12-31,-1
5217,4,True,False,STEC,Rebuild Cotulla to Big Wells 69 kV line,2019-02-18,2018-02-01,2019-02-28,0
5217,8,True,False,STEC,Rebuild Cotulla to Big Wells 69 kV line,2019-02-18,2017-02-01,2018-06-01,-3
5217,12,True,False,STEC,Rebuild Cotulla to Big Wells 69 kV line,2019-02-18,2016-02-01,2017-06-01,-7
5966,4,True,False,AEP TNC,College Hills to Grape Crk T 69 kV line: Rebuild 69 kV line,2019-02-18,2018-02-01,2018-12-31,-1
5966,8,True,False,AEP TNC,College Hills to Grape Crk T 69 kV line: Rebuild 69 kV line,2019-02-18,2017-02-01,2018-12-31,-1
6358,4,True,False,AEP TNC,Christoval to Arrott 69 kV line: Rebuild 69 kV line,2019-02-20,2018-02-01,2019-04-15,1
5766A,4,True,False,CNP,Knight to BUNKER to HOC Ckt.08 Upgrades,2019-05-23,2018-02-01,2018-08-31,-3
5766A,8,True,False,CNP,Knight to BUNKER to HOC Ckt.08 Upgrades,2019-05-23,2017-02-01,2018-05-31,-4
5972,4,True,False,AEP TNC,Benjamin Tap to Munday 69 kV line: Rebuild 69 kV line,2019-02-28,2018-02-01,2018-12-31,-1
5972,8,True,False,AEP TNC,Benjamin Tap to Munday 69 kV line: Rebuild 69 kV line,2019-02-28,2017-02-01,2018-12-31,-1
5766B,4,True,False,CNP,Knight to BUNKER to HOC Ckt.08 Upgrades,2019-05-23,2018-02-01,2018-08-30,-3
5766B,8,True,False,CNP,Knight to BUNKER to HOC Ckt.08 Upgrades,2019-05-23,2017-02-01,2018-05-31,-4
5223C,4,True,False,STEC,2015 RTP rebuild 4 sections from George West through Mathis,2019-04-15,2018-02-01,2018-06-01,-4
5223C,8,True,False,STEC,2015 RTP rebuild 4 sections from George West through Mathis,2019-04-15,2017-02-01,2018-06-03,-4
5223C,12,True,False,STEC,2015 RTP rebuild 4 sections from George West through Mathis,2019-04-15,2016-02-01,2018-06-03,-4
5634,4,True,False,STEC,Rebuild Danevang to Clemville Sw 69 kV line,2019-03-08,2018-02-01,2018-12-01,-1
5634,8,True,False,STEC,Rebuild Danevang to Clemville Sw 69 kV line,2019-03-08,2017-02-01,2018-06-01,-3
6011,4,True,False,AEP,Laredo Plant: Replace 138/69 kV autotransformer,2018-12-20,2017-10-01,2018-12-31,0
6119,4,True,False,AEP TCC,Rockport - Fulton 69 kV Line,2019-07-31,2018-06-01,2018-12-31,-3
6119,8,True,False,AEP TCC,Rockport - Fulton 69 kV Line,2019-07-31,2017-06-01,2019-12-31,1
6000,4,True,False,AEP TCC/STEC,Banquete - Calallen 69 kV line,2019-05-23,2018-02-01,2018-12-31,-2
6000,8,True,False,AEP TCC/STEC,Banquete - Calallen 69 kV line,2019-05-23,2017-02-01,2018-12-31,-2
2979,4,True,False,AEP,Melon Creek: Build new 138 kV station,2018-11-15,2017-10-01,2018-12-31,0
2979,8,True,False,AEP,Melon Creek: Build new 138 kV station,2018-11-15,2016-10-01,2018-06-30,-2
2979,12,True,False,AEP,Melon Creek: Build new 138 kV station,2018-11-15,2015-10-01,2019-06-30,2
6110,4,True,False,AEP TCC,Blessing - Palacios 69 kV Line,2019-06-20,2018-06-01,2018-11-26,-2
6110,8,True,False,AEP TCC,Blessing - Palacios 69 kV Line,2019-06-20,2017-06-01,2019-12-31,2
4531,4,True,False,AEP TNC,Solstice to Clovis: Build 138 kV line,2019-03-25,2018-02-01,2019-01-31,0
4531,8,True,False,AEP TNC,Solstice to Clovis: Build 138 kV line,2019-03-25,2017-02-01,2018-04-30,-3
4531,12,True,False,AEP TNC,Solstice to Clovis: Build 138 kV line,2019-03-25,2016-02-01,2017-12-31,-5
6246,4,True,False,AEP TNC,Masterson Fld to Pecos Valley 69 kV line: Rebuild 69 kV line,2019-03-26,2018-02-01,2019-06-30,1
4185,4,True,True,CNP,HO Clarke Partial Load Conversion (TR1),2019-03-27,2018-02-01,2018-12-31,-1
4185,8,True,True,CNP,HO Clarke Partial Load Conversion (TR1),2019-03-27,2017-02-01,2018-12-31,-1
4185,12,True,True,CNP,HO Clarke Partial Load Conversion (TR1),2019-03-27,2016-02-01,2018-06-30,-3
4996,4,True,True,CNP,HO Clarke Load Conversion,2019-03-27,2018-02-01,2018-12-31,-1
4996,8,True,True,CNP,HO Clarke Load Conversion,2019-03-27,2017-02-01,2018-12-31,-1
4996,12,True,True,CNP,HO Clarke Load Conversion,2019-03-27,2016-02-01,2018-12-31,-1
6750,4,True,False,AEP TCC/STEC,Quihi: Build 138kV Tap,2019-02-18,2018-02-01,2018-10-30,-1
5970,4,True,False,AEP TNC,Wolfgang to Rotan 69 kV line: Rebuild 69 kV line,2019-03-30,2018-02-01,2019-02-28,0
5970,8,True,False,AEP TNC,Wolfgang to Rotan 69 kV line: Rebuild 69 kV line,2019-03-30,2017-02-01,2018-12-31,-1
4186A,4,True,True,CNP,University Area 138kV Conversions,2019-03-30,2018-02-01,2019-12-30,3
4186B,4,True,True,CNP,University Area 138kV Conversions,2019-03-30,2018-02-01,2019-12-31,3
6106,4,True,False,AEP,Woodsboro - Bonniview 69 kV Line,2019-02-10,2018-02-01,2020-02-28,4
6009,4,True,False,AEP TCC,Kenedy Switch: Replace 138/69 kV autotransformer,2019-04-16,2018-02-01,2018-10-31,-2
6009,8,True,False,AEP TCC,Kenedy Switch: Replace 138/69 kV autotransformer,2019-04-16,2017-02-01,2018-12-31,-2
6341,4,True,False,AEP TNC,Lake Pauline to Chillicothe 69 kV line: Rebuild 69 kV line,2019-04-09,2018-02-01,2019-04-30,0
6359,4,True,False,AEP TNC,Arrott to Pave Paws 69 kV line: Rebuild 69 kV line,2019-04-11,2018-02-01,2019-12-31,2
5259,4,True,False,AEP TNC,Lotebush: Add dynamic reactive device,2019-04-12,2018-02-01,2019-04-30,0
5259,8,True,False,AEP TNC,Lotebush: Add dynamic reactive device,2019-04-12,2017-02-01,2019-06-30,0
5259,12,True,False,AEP TNC,Lotebush: Add dynamic reactive device,2019-04-12,2016-02-01,2019-06-30,0
5887B,4,True,True,CNP,RUSSEL 138kV Substation (ARITEK Substation Removal),2019-04-13,2018-02-01,2018-10-31,-2
5887B,8,True,True,CNP,RUSSEL 138kV Substation (ARITEK Substation Removal),2019-04-13,2017-02-01,2018-02-28,-5
5715B,4,True,False,CNP,Red Bluff - 138kV Substation,2019-04-29,2018-02-01,2019-05-31,0
5715B,8,True,False,CNP,Red Bluff - 138kV Substation,2019-04-29,2017-02-01,2018-06-30,-4
6101,4,True,False,AEP,Lon Hill: Replace 345/138 kV autotransformers,2019-04-24,2018-02-01,2019-01-31,-1
6120,4,True,False,AEP,Sabinal - Knippa 69 kV line,2019-04-23,2018-02-01,2019-02-06,-1
6021,4,True,False,AEP TNC,Haskell Tap 1 to Paint Creek 69 kV line: Rebuild 69 kV line,2019-04-30,2018-02-01,2018-06-30,-4
6021,8,True,False,AEP TNC,Haskell Tap 1 to Paint Creek 69 kV line: Rebuild 69 kV line,2019-04-30,2017-02-01,2018-06-30,-4
6387A,4,True,False,RYBRN,Greenville Arera System Enhancements,2019-05-01,2018-02-01,2018-08-30,-3
6640,4,True,True,CNP,PARKES 138kV Substation,2019-05-03,2018-02-01,2019-05-31,0
5242,4,True,False,CNP,Clodine to Barker Ckt.73 Thermal Uprate,2019-05-20,2018-02-01,2018-12-30,-2
5242,8,True,False,CNP,Clodine to Barker Ckt.73 Thermal Uprate,2019-05-20,2017-02-01,2019-05-31,0
5242,12,True,False,CNP,Clodine to Barker Ckt.73 Thermal Uprate,2019-05-20,2016-02-01,2017-06-01,-8
6397,4,True,False,AEP TNC,Treadwell: Build new 138 kV station,2019-05-22,2018-02-01,2019-04-30,0
5978,4,True,False,AEP TNC,Tankersley to Mathis Field 69 kV line: Rebuild 69 kV line,2019-05-23,2018-02-01,2018-12-31,-2
5978,8,True,False,AEP TNC,Tankersley to Mathis Field 69 kV line: Rebuild 69 kV line,2019-05-23,2017-02-01,2018-12-31,-2
6745,4,True,False,AEP TCC,Reading: New Distribution Station,2019-06-04,2018-06-01,2019-04-30,0
6115,4,True,False,AEP,Melon Creek - Tatton 69 kV Line,2019-01-18,2017-10-01,2019-06-30,1
6314A,4,True,False,CNP,BASF-HOFMAN-LakeJackson_Ckt.02_Upgrades,2019-04-22,2018-02-01,2018-12-30,-2
3938C,4,True,False,CNP,Angleton Area Ckt.26 & 82 Upgrades,2019-08-08,2017-02-01,2017-05-29,-9
3938C,8,True,False,CNP,Angleton Area Ckt.26 & 82 Upgrades,2019-08-08,2017-02-01,2017-05-29,-9
3938C,12,True,False,CNP,Angleton Area Ckt.26 & 82 Upgrades,2019-08-08,2016-06-01,2016-06-29,-13
3938D,4,True,False,CNP,Angleton Area Ckt.26 & 82 Upgrades,2019-08-08,2017-02-01,2017-05-30,-9
3938D,8,True,False,CNP,Angleton Area Ckt.26 & 82 Upgrades,2019-08-08,2017-02-01,2017-05-30,-9
3938D,12,True,False,CNP,Angleton Area Ckt.26 & 82 Upgrades,2019-08-08,2016-06-01,2016-06-30,-13
3938B,4,True,False,CNP,Angleton Area Ckt.26 & 82 Upgrades,2019-08-08,2017-02-01,2017-05-28,-9
3938B,8,True,False,CNP,Angleton Area Ckt.26 & 82 Upgrades,2019-08-08,2017-02-01,2017-05-28,-9
3938B,12,True,False,CNP,Angleton Area Ckt.26 & 82 Upgrades,2019-08-08,2016-06-01,2016-06-28,-13
6314B,4,True,False,CNP,BASF-HOFMAN-LakeJackson_Ckt.02_Upgrades,2019-04-22,2018-02-01,2018-12-31,-2
5555A,4,True,False,CNP,Clodine-Obrien Ckt25 & Ck73 Thermal Uprate,2019-06-13,2018-06-01,2018-12-31,-2
5555A,8,True,False,CNP,Clodine-Obrien Ckt25 & Ck73 Thermal Uprate,2019-06-13,2017-06-01,2018-05-30,-4
5555A,12,True,False,CNP,Clodine-Obrien Ckt25 & Ck73 Thermal Uprate,2019-06-13,2016-06-01,2018-05-30,-4
5555B,4,True,False,CNP,Clodine-Obrien Ckt25 & Ck73 Thermal Uprate,2019-06-13,2018-06-01,2018-12-31,-2
5555B,8,True,False,CNP,Clodine-Obrien Ckt25 & Ck73 Thermal Uprate,2019-06-13,2017-06-01,2018-05-31,-4
5555B,12,True,False,CNP,Clodine-Obrien Ckt25 & Ck73 Thermal Uprate,2019-06-13,2016-06-01,2018-05-31,-4
4703A,4,True,False,CNP,Bellaire to San Felipe Ckt.09 & Bellaire tap Ckt.24,2019-05-23,2018-02-01,2018-02-27,-5
4703A,8,True,False,CNP,Bellaire to San Felipe Ckt.09 & Bellaire tap Ckt.24,2019-05-23,2017-02-01,2017-05-30,-8
6377,4,True,False,AEP TNC,Pave Paws to Eldorado Live Oak 69 kV line: Rbld 69 kV line,2019-06-21,2018-06-01,2019-05-31,0
6377,8,True,False,AEP TNC,Pave Paws to Eldorado Live Oak 69 kV line: Rbld 69 kV line,2019-06-21,2017-06-01,2020-03-31,3
6746,4,True,False,AEP TCC,Valadez: Add New Distribution Station,2019-05-14,2018-02-01,2019-06-02,0
6107,4,True,False,AEP TCC,Bonniview - Rincon 69 kV Line,2019-07-18,2018-06-01,2019-06-06,-1
6107,8,True,False,AEP TCC,Bonniview - Rincon 69 kV Line,2019-07-18,2017-06-01,2020-06-30,3
6387B,4,True,False,RYBRN,Greenville Arera System Enhancements,2018-10-01,2017-06-01,2018-10-01,0
5222,4,True,False,STEC,Rebuild Dilley to Cotulla 69 kV line,2019-07-17,2018-06-01,2019-06-01,-1
5222,8,True,False,STEC,Rebuild Dilley to Cotulla 69 kV line,2019-07-17,2017-06-01,2020-06-01,3
5222,12,True,False,STEC,Rebuild Dilley to Cotulla 69 kV line,2019-07-17,2016-06-01,2021-06-01,7
5794,4,True,False,AEP TNC,Mason to Fort Mason: Rebuild 69 kV line,2019-07-12,2018-06-01,2018-08-31,-4
5794,8,True,False,AEP TNC,Mason to Fort Mason: Rebuild 69 kV line,2019-07-12,2017-06-01,2018-05-31,-5
5980,4,True,False,AEP TNC,Bison: Build 69 kV station,2019-07-19,2018-06-01,2019-01-31,-2
5980,8,True,False,AEP TNC,Bison: Build 69 kV station,2019-07-19,2017-06-01,2018-12-31,-3
6064,4,True,False,AEP TNC,Anson to Exxon Hawley Tap 69 kV line: Rebuild 69 kV line,2019-07-29,2018-06-01,2019-03-31,-2
6064,8,True,False,AEP TNC,Anson to Exxon Hawley Tap 69 kV line: Rebuild 69 kV line,2019-07-29,2017-06-01,2018-06-30,-5
5962,4,True,False,AEP TNC,Mason: Add new 138/69 kV autotransformer,2019-08-15,2018-06-01,2018-08-31,-4
5962,8,True,False,AEP TNC,Mason: Add new 138/69 kV autotransformer,2019-08-15,2017-06-01,2018-05-31,-5
7153,4,True,False,AEP TNC,Fort Stockton Plant to Solstice: Raise Structures on 138 kV ,2019-08-25,2018-06-01,2019-11-30,1
6254,4,True,False,AEP TNC,Gomez to Fort Stockton Switch 69 kV line: Rebuild 69 kV line,2019-08-30,2018-06-01,2019-12-31,1
6254,8,True,False,AEP TNC,Gomez to Fort Stockton Switch 69 kV line: Rebuild 69 kV line,2019-08-30,2017-06-01,2020-12-31,5
6251,4,True,False,AEP TNC,Pecos Valley to TNMP Gomez 69 kV line: Rebuild 69 kV line,2019-08-30,2018-06-01,2019-10-31,1
6251,8,True,False,AEP TNC,Pecos Valley to TNMP Gomez 69 kV line: Rebuild 69 kV line,2019-08-30,2017-06-01,2020-04-30,3
5552A,4,True,False,CNP,North Belt to Greens to Lockwood Ckt.90 Thermal Uprate,2019-06-13,2018-06-01,2019-05-30,0
6387D,4,True,False,RYBRN,Greenville Arera System Enhancements,2019-09-01,2018-06-01,2019-08-30,0
6387D,8,True,False,RYBRN,Greenville Arera System Enhancements,2019-09-01,2017-06-01,2019-09-01,0
5552B,4,True,False,CNP,North Belt to Greens to Lockwood Ckt.90 Thermal Uprate,2019-06-13,2018-06-01,2019-05-31,0
6068,4,True,False,AEP TNC,Onyx to Nugent Tap 69 kV line: Rebuild 69 kV line,2019-09-02,2018-06-01,2019-12-31,1
6068,8,True,False,AEP TNC,Onyx to Nugent Tap 69 kV line: Rebuild 69 kV line,2019-09-02,2017-06-01,2018-06-30,-5
5934,4,True,False,LCRATSC,Warda Circuit Breaker Addition,2019-02-14,2018-02-01,2019-06-30,1
5934,8,True,False,LCRATSC,Warda Circuit Breaker Addition,2019-02-14,2017-02-01,2019-06-30,1
5221,4,True,True,STEC,Move Oaks load to 138 kV bus,2019-09-13,2018-06-01,2019-03-30,-2
5221,8,True,True,STEC,Move Oaks load to 138 kV bus,2019-09-13,2017-06-01,2019-06-01,-1
5221,12,True,True,STEC,Move Oaks load to 138 kV bus,2019-09-13,2016-06-01,2018-06-01,-5
6116,4,True,False,AEP TCC,Palacios - Carancahua 69 kV Line,2019-05-22,2018-02-01,2019-05-22,0
6004,4,True,False,AEP TCC,Refugio - Melon Creek 69 kV line,2020-04-06,2019-02-01,2019-05-30,-4
6004,8,True,False,AEP TCC,Refugio - Melon Creek 69 kV line,2020-04-06,2018-02-01,2019-06-30,-4
6004,12,True,False,AEP TCC,Refugio - Melon Creek 69 kV line,2020-04-06,2017-02-01,2018-12-31,-6
6387C,4,True,False,RYBRN,Greenville Arera System Enhancements,2019-05-01,2018-02-01,2019-05-01,0
7160,4,True,False,ETT,Jackie Howard: Create Interconnection for Mesteno WF,2019-10-29,2018-10-01,2019-10-01,-1
6342,4,True,False,AEP TNC,Cross Plains to Santa Anna T 69 kV line: Rebuild 69 kV line,2019-10-15,2018-10-01,2019-05-01,-2
6342,8,True,False,AEP TNC,Cross Plains to Santa Anna T 69 kV line: Rebuild 69 kV line,2019-10-15,2017-10-01,2019-05-01,-2
6344,4,True,False,AEP TNC,Harriett to Miles 69 kV line: Rebuild 69 kV line,2019-10-15,2018-10-01,2019-10-31,0
6344,8,True,False,AEP TNC,Harriett to Miles 69 kV line: Rebuild 69 kV line,2019-10-15,2017-10-01,2019-02-28,-3
5954,4,True,True,AEP TCC/STEC,Gillrina: Build new distribution station,2019-08-09,2018-06-01,2019-10-30,1
5954,8,True,True,AEP TCC/STEC,Gillrina: Build new distribution station,2019-08-09,2017-06-01,2018-06-01,-5
6082,4,True,False,AEP TNC,Basin: Build 138 kV station,2019-10-23,2018-10-01,2018-12-30,-4
6082,8,True,False,AEP TNC,Basin: Build 138 kV station,2019-10-23,2017-10-01,2018-12-30,-4
6773,4,True,False,AEP TCC,Callicaotte: Add New Distribution Station,2019-11-10,2018-10-01,2019-06-01,-2
6823,4,True,False,AEP TCC,Goddard: Contruct a new 345 kV station,2019-10-18,2018-10-01,2019-11-30,0
6067,4,True,False,AEP TNC,Belknap to Rainey Crk 69 kV line: Rebld 69 kV line,2019-10-30,2018-10-01,2019-12-31,0
6067,8,True,False,AEP TNC,Belknap to Rainey Crk 69 kV line: Rebld 69 kV line,2019-10-30,2017-10-01,2019-12-31,0
43536,4,True,True,CNP,RIGBY (RIG) - New 138kV Substation,2020-03-05,2019-02-01,2019-10-31,-1
6113,4,True,False,AEP TCC,Coy City Tap - Sunniland 69 kV Line,2019-10-03,2018-10-01,2019-06-23,-2
6113,8,True,False,AEP TCC,Coy City Tap - Sunniland 69 kV Line,2019-10-03,2017-10-01,2019-12-31,0
5558C,4,True,False,RYBRN,Proposed Substation,2019-11-01,2018-10-01,2019-11-01,0
5558C,8,True,False,RYBRN,Proposed Substation,2019-11-01,2017-10-01,2019-11-01,0
5558C,12,True,False,RYBRN,Proposed Substation,2019-11-01,2016-10-01,2019-11-01,0
5882,4,True,False,RYBRN,Blackland - Weilande 345/138kV additional source,2020-07-01,2019-06-01,2019-11-01,-2
5882,8,True,False,RYBRN,Blackland - Weilande 345/138kV additional source,2020-07-01,2018-02-01,2018-05-05,-8
5882,12,True,False,RYBRN,Blackland - Weilande 345/138kV additional source,2020-07-01,2017-06-01,2018-05-05,-8
6166,4,True,False,AEP TCC,Carbide - Greenlake: Rebuild 69 kV Line,2019-11-22,2018-10-01,2019-03-31,-3
6166,8,True,False,AEP TCC,Carbide - Greenlake: Rebuild 69 kV Line,2019-11-22,2017-10-01,2019-03-31,-3
5533,4,True,False,AEP TNC,Lynx: Build a 138 kV station,2019-11-05,2018-10-01,2019-01-31,-3
5533,8,True,False,AEP TNC,Lynx: Build a 138 kV station,2019-11-05,2017-10-01,2018-12-31,-4
5533,12,True,False,AEP TNC,Lynx: Build a 138 kV station,2019-11-05,2016-10-01,2018-12-31,-4
44631,4,True,False,STEC,Adds Palmas station and line to E Rio Hondo,2020-02-14,2019-02-01,2019-09-30,-2
5887A,4,True,False,CNP,RUSSEL 138kV Substation (ARITEK Substation Removal),2019-11-01,2018-10-01,2018-10-30,-4
5887A,8,True,False,CNP,RUSSEL 138kV Substation (ARITEK Substation Removal),2019-11-01,2017-10-01,2018-02-27,-7
6741,4,True,False,AEP TCC,Closner: Add New Distribution Station,2019-11-11,2018-10-01,2019-08-01,-1
6123,4,True,False,AEP TCC,Turtle Creek - La Pryor 69 kV Line,2019-11-19,2018-10-01,2019-02-18,-3
6123,8,True,False,AEP TCC,Turtle Creek - La Pryor 69 kV Line,2019-11-19,2017-10-01,2019-03-01,-3
5961,4,True,False,AEP TNC,Tardis: Build new 138 kV station,2019-11-30,2018-10-01,2019-09-30,-1
5961,8,True,False,AEP TNC,Tardis: Build new 138 kV station,2019-11-30,2017-10-01,2019-03-31,-3
4706E,4,True,False,CNP,HO Clarke to Webster Ckt.05,2019-12-16,2018-10-01,2019-08-31,-1
5885,4,True,False,AEP TNC,Tardis to Benjamin Tap: Rebuild 69 kV line,2019-11-30,2018-10-01,2019-09-30,-1
5885,8,True,False,AEP TNC,Tardis to Benjamin Tap: Rebuild 69 kV line,2019-11-30,2017-10-01,2019-03-31,-3
6261,4,True,False,CNP,Velasco Cap Bank #3,2019-06-13,2018-06-01,2018-12-31,-2
6261,8,True,False,CNP,Velasco Cap Bank #3,2019-06-13,2017-06-01,2018-12-31,-2
5558D,4,True,False,RYBRN,Proposed Substation,2019-12-01,2018-10-01,2019-12-01,0
5558D,8,True,False,RYBRN,Proposed Substation,2019-12-01,2017-10-01,2019-12-01,0
5558D,12,True,False,RYBRN,Proposed Substation,2019-12-01,2016-10-01,2019-12-01,0
44397,4,True,False,AEP TCC,Continental: Rebuild 69 kV Station,2019-11-20,2018-10-01,2019-08-02,-1
6537,4,True,False,SBEC,T-283 Quanex Switch Structure - Sunnyside,2019-11-14,2018-10-01,2019-12-01,0
6537,8,True,False,SBEC,T-283 Quanex Switch Structure - Sunnyside,2019-11-14,2017-10-01,2019-12-01,0
6357,4,True,False,AEP TNC,Spence Pump to Robert Lee 69 kV line: Rebuild 69 kV line,2019-12-17,2018-10-01,2019-12-31,0
6357,8,True,False,AEP TNC,Spence Pump to Robert Lee 69 kV line: Rebuild 69 kV line,2019-12-17,2017-10-01,2020-03-15,1
3776,4,True,False,AEP TNC,Big Lake to Powell Field Junction Tap: Rebuild 69 kV line ,2019-12-17,2018-10-01,2019-12-30,0
3776,8,True,False,AEP TNC,Big Lake to Powell Field Junction Tap: Rebuild 69 kV line ,2019-12-17,2017-10-01,2019-12-30,0
3776,12,True,False,AEP TNC,Big Lake to Powell Field Junction Tap: Rebuild 69 kV line ,2019-12-17,2016-10-01,2019-05-31,-2
6354,4,True,False,AEP TNC,Acme Bestwall to Quanah 69 kV line: Rebuild 69 kV line,2019-12-18,2018-10-01,2019-11-30,0
6354,8,True,False,AEP TNC,Acme Bestwall to Quanah 69 kV line: Rebuild 69 kV line,2019-12-18,2017-10-01,2019-12-31,0
6851,4,True,False,AEP TNC,Saragosa to Solstice: Rebuild 138 kV line,2019-12-19,2018-10-01,2020-01-31,1
6343,4,True,False,AEP TNC,Dressy Tap to Santa Anna Tap 69 kV line: Rebuild 69 kV line,2019-12-20,2018-10-01,2019-12-31,0
6343,8,True,False,AEP TNC,Dressy Tap to Santa Anna Tap 69 kV line: Rebuild 69 kV line,2019-12-20,2017-10-01,2019-12-31,0
4426A,4,True,False,CNP,Aritek to Chorin to SR Bertron Ckt. 87 Upgrades,2019-05-13,2018-02-01,2019-06-30,0
4426A,8,True,False,CNP,Aritek to Chorin to SR Bertron Ckt. 87 Upgrades,2019-05-13,2017-02-01,2018-05-31,-4
7004,4,True,False,CNP,CNP_18TPIT7004_New_Garth_Distribution_Sub,2020-03-05,2019-02-01,2019-12-31,-1
43462,4,True,False,CNP,Northside Distribution Substation Expansion,2020-01-29,2018-10-01,2019-12-31,-1
43245,4,True,True,CNP,HOPSON - New 138kV Substation,2019-11-18,2018-10-01,2019-12-31,0
6260,4,True,False,CNP,Install 3rd 120MVAR capacitor bank at Jones Creek substation,2019-12-04,2018-10-01,2018-12-31,-4
6260,8,True,False,CNP,Install 3rd 120MVAR capacitor bank at Jones Creek substation,2019-12-04,2017-10-01,2018-12-31,-4
6754,4,True,True,AEP TCC,Bunsen: Add Breakers,2019-12-31,2018-10-01,2019-05-02,-2
5979,4,True,False,AEP TNC,Carver: Build new 138 kV station,2019-12-31,2018-10-01,2018-12-31,-4
5979,8,True,False,AEP TNC,Carver: Build new 138 kV station,2019-12-31,2017-10-01,2018-12-31,-4
4426B,4,True,False,CNP,Aritek to Chorin to SR Bertron Ckt. 87 Upgrades,2019-05-09,2018-02-01,2018-05-31,-4
4426B,8,True,False,CNP,Aritek to Chorin to SR Bertron Ckt. 87 Upgrades,2019-05-09,2017-02-01,2018-05-31,-4
7172,4,True,False,AEP TCC,Refugio: Install 138/69 kV Auto,2019-10-24,2018-10-01,2019-06-30,-2
44385,4,True,False,AEP TCC,Victoria: Connect 138 kV Generator,2019-12-03,2018-10-01,2019-04-30,-2
5195,4,True,False,AEP TNC,Rio Pecos: Build 138 kV terminal,2020-01-24,2018-10-01,2019-08-31,-2
5195,8,True,False,AEP TNC,Rio Pecos: Build 138 kV terminal,2020-01-24,2017-10-01,2019-03-31,-4
5195,12,True,False,AEP TNC,Rio Pecos: Build 138 kV terminal,2020-01-24,2016-10-01,2017-10-31,-9
43452A,4,True,False,CNP,Angleton to MONSAN Ckt.04 Upgrades,2020-01-21,2018-10-01,2019-05-31,-3
43452B,4,True,False,CNP,Angleton to MONSAN Ckt.04 Upgrades,2020-01-21,2018-10-01,2019-05-31,-3
6255A,4,True,False,STEC,Rebuild BEVO to Brundage to Big Wells 69 kV lines.,2020-02-14,2019-02-01,2019-12-31,-1
43284E,4,True,False,CNP,Baytown Area Upgrades,2020-03-04,2019-02-01,2019-12-31,-1
43452C,4,True,False,CNP,Angleton to MONSAN Ckt.04 Upgrades,2020-01-21,2018-10-01,2019-05-31,-3
4519,4,True,False,AEP TNC,Heartland: Build 69 kV station,2020-02-07,2019-02-01,2020-05-30,1
4519,8,True,False,AEP TNC,Heartland: Build 69 kV station,2020-02-07,2018-02-01,2019-11-30,-1
4519,12,True,False,AEP TNC,Heartland: Build 69 kV station,2020-02-07,2017-02-01,2019-11-30,-1
4530,4,True,False,AEP TNC,Heartland to South Brady Tap: Rebuild existing & build new,2020-02-07,2019-02-01,2020-05-30,1
4530,8,True,False,AEP TNC,Heartland to South Brady Tap: Rebuild existing & build new,2020-02-07,2018-02-01,2019-11-30,-1
4530,12,True,False,AEP TNC,Heartland to South Brady Tap: Rebuild existing & build new,2020-02-07,2017-02-01,2019-11-30,-1
5956,4,True,False,AEP TCC,Young: Build new distribution station,2020-02-18,2019-02-01,2019-12-01,-1
5956,8,True,False,AEP TCC,Young: Build new distribution station,2020-02-18,2018-02-01,2019-07-01,-3
5956,12,True,False,AEP TCC,Young: Build new distribution station,2020-02-18,2017-02-01,2018-06-01,-7
6077,4,True,False,AEP TNC,Bronte Atlantic to Miles 69 kV line: Rebuild 69 kV line,2020-02-17,2019-02-01,2019-10-31,-1
6077,8,True,False,AEP TNC,Bronte Atlantic to Miles 69 kV line: Rebuild 69 kV line,2020-02-17,2018-02-01,2019-05-31,-3
6077,12,True,False,AEP TNC,Bronte Atlantic to Miles 69 kV line: Rebuild 69 kV line,2020-02-17,2017-02-01,2018-05-31,-7
6979,4,True,False,LCRATSC,Lexington Circuit Breaker Addition,2020-02-27,2019-02-01,2021-03-16,4
6111,4,True,False,AEP TCC,Carancahua - Point Comfort 69 kV Line,2019-12-13,2018-10-01,2019-12-16,0
6111,8,True,False,AEP TCC,Carancahua - Point Comfort 69 kV Line,2019-12-13,2017-10-01,2020-12-31,4
6683,4,True,False,ETT,Del Sol-Cabezon: Create Permanent Interconnection for Rio Br,2019-12-17,2018-10-01,2020-02-17,1
6673C,4,True,False,CNP,Freeport - Bridge the Gap,2020-02-19,2019-02-01,2019-03-14,-4
6673C,8,True,False,CNP,Freeport - Bridge the Gap,2020-02-19,2018-02-01,2019-05-29,-3
6673G,4,True,False,CNP,Freeport - Bridge the Gap,2020-02-19,2019-02-01,2019-05-31,-3
6673G,8,True,False,CNP,Freeport - Bridge the Gap,2020-02-19,2018-02-01,2019-05-31,-3
6673D,4,True,False,CNP,Freeport - Bridge the Gap,2020-02-19,2019-02-01,2019-03-14,-4
6673D,8,True,False,CNP,Freeport - Bridge the Gap,2020-02-19,2018-02-01,2019-05-30,-3
43487,4,True,False,AEP TNC,Cryo to Saragosa: Build 138 kV line,2020-03-05,2019-02-01,2020-01-31,0
43485,4,True,False,AEP TNC,Cryo: Build 138 kV station,2020-03-05,2019-02-01,2020-01-31,0
7159,4,True,False,ETT,Ajo-Stella: Create Permanent Interconnection for Stella WF,2020-03-03,2019-02-01,2020-03-17,0
3894,4,True,False,STEC,Fowlerton 345 station and 345/138 autotransformer,2020-04-09,2019-02-01,2019-10-01,-3
3894,8,True,False,STEC,Fowlerton 345 station and 345/138 autotransformer,2020-04-09,2018-02-01,2020-06-01,0
3894,12,True,False,STEC,Fowlerton 345 station and 345/138 autotransformer,2020-04-09,2017-02-01,2022-06-01,8
6075,4,True,False,AEP TNC,Veribest T to Harriett 69 kV line: Rebuild 69 kV line,2020-03-24,2019-02-01,2019-11-30,-1
6075,8,True,False,AEP TNC,Veribest T to Harriett 69 kV line: Rebuild 69 kV line,2020-03-24,2018-02-01,2018-12-31,-5
6075,12,True,False,AEP TNC,Veribest T to Harriett 69 kV line: Rebuild 69 kV line,2020-03-24,2017-02-01,2018-12-31,-5
44379,4,True,False,AEP TCC,Bonilla: Build new 345 kV Station,2020-01-27,2018-10-01,2019-10-01,-2
6347,4,True,False,AEP TNC,Ballinger to Paint Rock 69 kV line: Rebuild 69 kV line,2020-04-20,2019-02-01,2020-05-31,0
6347,8,True,False,AEP TNC,Ballinger to Paint Rock 69 kV line: Rebuild 69 kV line,2020-04-20,2018-02-01,2020-05-03,0
6353,4,True,False,AEP TNC,Kirkland to Acme Best Wall 69 kV line: Rebuild 69 kV line,2020-04-22,2019-02-01,2019-05-31,-4
6353,8,True,False,AEP TNC,Kirkland to Acme Best Wall 69 kV line: Rebuild 69 kV line,2020-04-22,2018-02-01,2019-04-30,-4
45415,4,True,False,ETT,Coulomb to Vera: Build new 345 kV line,2020-04-27,2019-02-01,2020-04-30,0
44812,4,True,False,ETT,Coulomb: Build new 345 kV station,2020-04-27,2019-02-01,2020-04-30,0
6065,4,True,False,AEP TNC,Abilene Northwest to Anson 69 kV line: Rebuild 69 kV line,2020-04-29,2019-02-01,2019-05-31,-4
6065,8,True,False,AEP TNC,Abilene Northwest to Anson 69 kV line: Rebuild 69 kV line,2020-04-29,2018-02-01,2018-12-31,-6
6065,12,True,False,AEP TNC,Abilene Northwest to Anson 69 kV line: Rebuild 69 kV line,2020-04-29,2017-02-01,2018-12-31,-6
6074,4,True,False,AEP TNC,Concho to Veribest Tap 69 kV line: Rebuild 69 kV line,2020-05-04,2019-02-01,2019-12-31,-2
6074,8,True,False,AEP TNC,Concho to Veribest Tap 69 kV line: Rebuild 69 kV line,2020-05-04,2018-02-01,2019-01-31,-5
6074,12,True,False,AEP TNC,Concho to Veribest Tap 69 kV line: Rebuild 69 kV line,2020-05-04,2017-02-01,2018-10-31,-6
5428D,4,True,False,DENTON,Phase 2 of the conversion to 138kV,2017-07-01,2016-06-01,2017-07-01,0
5429C,4,True,False,DENTON,Phase 3 of the conversion to 138kV,2019-03-11,2018-02-01,2021-05-05,9
5429C,8,True,False,DENTON,Phase 3 of the conversion to 138kV,2019-03-11,2017-02-01,2019-03-11,0
5429A,4,True,False,DENTON,Phase 3 of the conversion to 138kV,2017-07-01,2016-06-01,2017-07-01,0
6787,4,True,False,BANDERA,Utopia Susbtation Upgrade,2020-06-20,2019-06-01,2019-12-18,-2
6787,8,True,False,BANDERA,Utopia Susbtation Upgrade,2020-06-20,2018-06-01,2019-09-26,-3
5648,4,True,False,AEP TCC,Hamilton Road to Picacho Ckt #2 138 kV Line: Rebuild,2020-05-21,2019-02-01,2020-01-31,-1
5648,8,True,False,AEP TCC,Hamilton Road to Picacho Ckt #2 138 kV Line: Rebuild,2020-05-21,2018-02-01,2020-01-31,-1
5648,12,True,False,AEP TCC,Hamilton Road to Picacho Ckt #2 138 kV Line: Rebuild,2020-05-21,2017-02-01,2022-12-01,10
5286A,4,True,False,LCRATSC,Fayette Area Upgrades,2021-05-14,2020-02-01,2020-05-15,-4
5286A,8,True,False,LCRATSC,Fayette Area Upgrades,2021-05-14,2019-02-01,2020-05-31,-4
5286A,12,True,False,LCRATSC,Fayette Area Upgrades,2021-05-14,2018-02-01,2020-05-31,-4
44181,4,True,False,DENTON,138kV Cooper Creek - Arco Line Reconstruction,2020-02-01,2018-10-01,2020-02-01,0
6041,4,True,False,AEP TNC,Ely Tap to Scott REA Tap 69 kV line: Rebuild 69 kV line,2020-05-21,2019-02-01,2019-12-31,-2
6041,8,True,False,AEP TNC,Ely Tap to Scott REA Tap 69 kV line: Rebuild 69 kV line,2020-05-21,2018-02-01,2019-01-31,-5
6041,12,True,False,AEP TNC,Ely Tap to Scott REA Tap 69 kV line: Rebuild 69 kV line,2020-05-21,2017-02-01,2018-06-30,-8
6042,4,True,False,AEP TNC,Scott REA Tap to Eskota 69 kV line: Rebuild 69 kV line,2020-05-21,2019-02-01,2019-12-31,-2
6042,8,True,False,AEP TNC,Scott REA Tap to Eskota 69 kV line: Rebuild 69 kV line,2020-05-21,2018-02-01,2019-01-31,-5
6042,12,True,False,AEP TNC,Scott REA Tap to Eskota 69 kV line: Rebuild 69 kV line,2020-05-21,2017-02-01,2018-12-31,-6
3754,4,True,False,AEP TNC,Heartland to Yellowjacket: Build 69 kV line,2020-05-28,2019-02-01,2020-05-30,0
3754,8,True,False,AEP TNC,Heartland to Yellowjacket: Build 69 kV line,2020-05-28,2018-02-01,2019-11-30,-2
3754,12,True,False,AEP TNC,Heartland to Yellowjacket: Build 69 kV line,2020-05-28,2017-02-01,2019-11-30,-2
44834,4,True,False,CNP,LIMBRG (LIM) 138kV Distribution Substation,2020-04-29,2019-02-01,2020-05-31,0
7005,4,True,False,CNP,Lake Houston (LAK) - 138kV Distribution Substation,2020-03-09,2019-02-01,2019-12-31,-1
6696A,4,True,False,CNP,Nash 138kV Loop Conversion,2019-12-11,2018-10-01,2019-05-30,-2
6427,4,True,False,AEP TCC,Refugio-Rincon 69 line MLSE Upgrade,2020-04-06,2019-02-01,2020-06-30,0
6427,8,True,False,AEP TCC,Refugio-Rincon 69 line MLSE Upgrade,2020-04-06,2018-02-01,2018-12-31,-6
6673B,4,True,False,CNP,Freeport - Bridge the Gap,2020-02-19,2019-02-01,2019-12-31,-1
6673B,8,True,False,CNP,Freeport - Bridge the Gap,2020-02-19,2018-02-01,2019-05-30,-3
6696B,4,True,False,CNP,Nash 138kV Loop Conversion,2019-12-11,2018-10-01,2019-05-31,-2
6673E,4,True,False,CNP,Freeport - Bridge the Gap,2020-02-19,2019-02-01,2019-12-31,-1
6673E,8,True,False,CNP,Freeport - Bridge the Gap,2020-02-19,2018-02-01,2019-05-31,-3
6673F,4,True,False,CNP,Freeport - Bridge the Gap,2020-02-19,2019-02-01,2019-12-31,-1
6673F,8,True,False,CNP,Freeport - Bridge the Gap,2020-02-19,2018-02-01,2019-05-31,-3
44836,4,True,False,CNP,BURKE (BKE) - Generator 138kV Substation (18INR0062),2020-04-02,2019-02-01,2020-05-31,0
7071,4,True,True,CNP,West Columbia 138kV Load Conversion,2020-02-25,2019-02-01,2019-12-31,-1
3820,4,True,False,STEC,Rebuild Casa Blanca to Sandia to AEP Mathis,2020-04-16,2019-02-01,2020-06-01,0
3820,8,True,False,STEC,Rebuild Casa Blanca to Sandia to AEP Mathis,2020-04-16,2018-02-01,2020-06-01,0
3820,12,True,False,STEC,Rebuild Casa Blanca to Sandia to AEP Mathis,2020-04-16,2017-02-01,2018-06-01,-8
3967,4,True,False,LCRATSC,Leander - Round Rock Transmission Line Addition,2020-06-04,2019-06-01,2019-12-31,-2
3967,8,True,False,LCRATSC,Leander - Round Rock Transmission Line Addition,2020-06-04,2018-06-01,2019-12-31,-2
3967,12,True,False,LCRATSC,Leander - Round Rock Transmission Line Addition,2020-06-04,2017-06-01,2019-12-31,-2
5430L,4,True,False,DENTON,Conversion to 138kV,2019-07-01,2018-06-01,2019-07-01,0
5430L,8,True,False,DENTON,Conversion to 138kV,2019-07-01,2017-06-01,2019-07-01,0
5430L,12,True,False,DENTON,Conversion to 138kV,2019-07-01,2016-06-01,2019-07-01,0
45508,4,True,False,AEP TNC,Pig Creek: Build 138 kV terminal,2020-08-03,2019-06-01,2020-03-31,-2
49562,4,True,False,AEP TNC,Pig Creek: Build 138 kV terminal,2020-08-04,2019-06-01,2020-03-31,-2
5964,4,True,False,AEP TNC,Belknap: Build new 69 kV station,2020-08-20,2019-06-01,2020-03-31,-2
5964,8,True,False,AEP TNC,Belknap: Build new 69 kV station,2020-08-20,2018-06-01,2020-05-31,-1
5964,12,True,False,AEP TNC,Belknap: Build new 69 kV station,2020-08-20,2017-06-01,2019-12-30,-3
4186C,4,True,True,CNP,University Area 138kV Conversions,2020-07-23,2019-06-01,2020-05-30,-1
4186C,8,True,True,CNP,University Area 138kV Conversions,2020-07-23,2018-06-01,2020-05-30,-1
6117,4,True,False,AEP TCC,Pleasanton - Coy City Tap 69 kV Line,2019-12-13,2018-10-01,2020-03-31,1
6117,8,True,False,AEP TCC,Pleasanton - Coy City Tap 69 kV Line,2019-12-13,2017-10-01,2019-05-12,-2
6822,4,True,False,ETT,Figaro: Build new 345 kV station,2020-08-21,2019-06-01,2020-03-31,-2
6822,8,True,False,ETT,Figaro: Build new 345 kV station,2020-08-21,2018-06-01,2020-01-31,-2
6114,4,True,False,AEP TCC,La Pryor - Uvalde 69 kV Line,2020-03-30,2019-02-01,2020-02-28,0
6114,8,True,False,AEP TCC,La Pryor - Uvalde 69 kV Line,2020-03-30,2018-02-01,2020-02-28,0
6029,4,True,False,AEP TNC,Anson to Stamford 69 kV line: Rebuild 69 kV line,2020-09-10,2019-06-01,2021-05-31,3
6029,8,True,False,AEP TNC,Anson to Stamford 69 kV line: Rebuild 69 kV line,2020-09-10,2018-06-01,2020-12-30,1
6029,12,True,False,AEP TNC,Anson to Stamford 69 kV line: Rebuild 69 kV line,2020-09-10,2017-06-01,2019-12-31,-3
5218A,4,True,False,STEC,San Miguel 345/138 kV autotransformer replacements,2020-12-07,2019-10-01,2020-03-31,-3
4883,4,True,True,STEC,McCoy 69 KV substation,2020-10-15,2019-10-01,2020-07-30,-1
4883,8,True,True,STEC,McCoy 69 KV substation,2020-10-15,2018-10-01,2021-06-01,2
4883,12,True,True,STEC,McCoy 69 KV substation,2020-10-15,2017-10-01,2019-06-01,-6
48748,4,True,False,ETT,Oklaunion: Install 345 kV reactor,2021-02-26,2020-02-01,2020-09-30,-2
6348,4,True,False,AEP TNC,Paint Rock to CRMWD Tap #1 69 kV line: Rebuild 69 kV line,2020-10-07,2019-10-01,2020-09-30,-1
6348,8,True,False,AEP TNC,Paint Rock to CRMWD Tap #1 69 kV line: Rebuild 69 kV line,2020-10-07,2018-10-01,2020-09-09,-1
6348,12,True,False,AEP TNC,Paint Rock to CRMWD Tap #1 69 kV line: Rebuild 69 kV line,2020-10-07,2017-10-01,2020-09-09,-1
50444,4,True,True,STEC,Adds load to new Escobares Station,2021-02-28,2020-02-01,2020-10-16,-1
49540,4,True,False,ETT,Avogadro: Build new 345 kV station,2021-05-06,2020-02-01,2020-10-31,-2
6044,4,True,False,AEP TNC,Big Lake to Barnhart 69 kV line: Rebuild 69 kV line,2020-11-11,2019-10-01,2020-12-31,0
6044,8,True,False,AEP TNC,Big Lake to Barnhart 69 kV line: Rebuild 69 kV line,2020-11-11,2018-10-01,2019-12-31,-4
6044,12,True,False,AEP TNC,Big Lake to Barnhart 69 kV line: Rebuild 69 kV line,2020-11-11,2017-10-01,2019-12-31,-4
6079,4,True,False,AEP TNC,Childress to Kirkland 69 kV line: Rebuild 69 kV line,2020-11-17,2019-10-01,2020-11-30,0
6079,8,True,False,AEP TNC,Childress to Kirkland 69 kV line: Rebuild 69 kV line,2020-11-17,2018-10-01,2018-11-30,-8
6079,12,True,False,AEP TNC,Childress to Kirkland 69 kV line: Rebuild 69 kV line,2020-11-17,2017-10-01,2018-12-31,-8
6083,4,True,False,AEP TNC,Wolfgang: Build 69 kV station,2020-11-22,2019-10-01,2020-02-28,-3
6083,8,True,False,AEP TNC,Wolfgang: Build 69 kV station,2020-11-22,2018-10-01,2020-03-31,-3
6083,12,True,False,AEP TNC,Wolfgang: Build 69 kV station,2020-11-22,2017-10-01,2019-03-31,-7
50334,4,True,False,STEC,Rebuild Mccoy to Tordillo,2020-12-15,2019-10-01,2021-03-12,1
45023,4,True,False,AEP TNC,Pershing: Build 138 kV station,2020-12-02,2019-10-01,2020-04-30,-2
6349,4,True,False,AEP TNC,CRMWD Tap #1 to Eden 69 kV line: Rebuild 69 kV line,2020-12-03,2019-10-01,2020-12-31,0
6349,8,True,False,AEP TNC,CRMWD Tap #1 to Eden 69 kV line: Rebuild 69 kV line,2020-12-03,2018-10-01,2020-12-20,0
6349,12,True,False,AEP TNC,CRMWD Tap #1 to Eden 69 kV line: Rebuild 69 kV line,2020-12-03,2017-10-01,2020-12-20,0
45503,4,True,False,AEP TNC,Lynx: Expand 138 kV station,2020-12-08,2019-10-01,2020-12-31,0
48407,4,True,False,AEP TCC,Chaparrosa: Construct New 69 kV Box Bay,2020-12-18,2019-10-01,2020-03-01,-3
6594,4,True,False,AEP TNC,Solstice: Add 345 kV reactor,2020-12-19,2019-10-01,2020-12-31,0
6594,8,True,False,AEP TNC,Solstice: Add 345 kV reactor,2020-12-19,2018-10-01,2021-04-30,2
6594,12,True,False,AEP TNC,Solstice: Add 345 kV reactor,2020-12-19,2017-10-01,2022-06-30,6
5539,4,True,False,AEP TNC/LCRATSC,Solstice to Bakersfield: Build 345 kV line,2020-12-19,2019-10-01,2020-12-31,0
5539,8,True,False,AEP TNC/LCRATSC,Solstice to Bakersfield: Build 345 kV line,2020-12-19,2018-10-01,2021-04-30,2
5539,12,True,False,AEP TNC/LCRATSC,Solstice to Bakersfield: Build 345 kV line,2020-12-19,2017-10-01,2022-06-30,6
45575,4,True,False,AEP TNC,Solstice: Add second 345 kV reactor,2020-12-19,2019-10-01,2020-12-31,0
50864,4,True,False,ETT,Cenizo - Del Sol: Install Double CKT to Reloj del Sol,2020-12-21,2019-10-01,2020-12-21,0
44818A,4,True,False,CNP,Fort Bend to West Columbia 138kV Conversion,2020-10-26,2019-10-01,2020-12-29,0
5530,4,True,False,AEP TNC,Solstice: Build 345 kV station,2020-12-29,2019-10-01,2020-12-31,0
5530,8,True,False,AEP TNC,Solstice: Build 345 kV station,2020-12-29,2018-10-01,2021-04-30,2
5530,12,True,False,AEP TNC,Solstice: Build 345 kV station,2020-12-29,2017-10-01,2022-06-30,6
44818B,4,True,False,CNP,Fort Bend to West Columbia 138kV Conversion,2020-10-26,2019-10-01,2020-12-29,0
44818C,4,True,False,CNP,Fort Bend to West Columbia 138kV Conversion,2020-10-26,2019-10-01,2020-12-29,0
44818D,4,True,False,CNP,Fort Bend to West Columbia 138kV Conversion,2020-10-26,2019-10-01,2020-12-29,0
44818E,4,True,False,CNP,Fort Bend to West Columbia 138kV Conversion,2020-10-26,2019-10-01,2020-12-29,0
44818F,4,True,False,CNP,Fort Bend to West Columbia 138kV Conversion,2020-10-26,2019-10-01,2020-12-29,0
44818H,4,True,False,CNP,Fort Bend to West Columbia 138kV Conversion,2020-10-26,2019-10-01,2020-12-29,0
7007,4,True,False,CNP,CNP_18TPIT7007_WAP_Reactor_Upgrades,2020-03-18,2019-02-01,2019-12-31,-1
48830,4,True,False,AEP TCC,Pavlov: Construct New 138 kV Station,2021-02-16,2020-02-01,2020-06-30,-3
5356,4,True,False,ETT,Bakersfield: Build 345 kV terminal,2021-01-26,2019-10-01,2020-11-30,-1
5356,8,True,False,ETT,Bakersfield: Build 345 kV terminal,2021-01-26,2018-10-01,2019-12-31,-5
5356,12,True,False,ETT,Bakersfield: Build 345 kV terminal,2021-01-26,2017-10-01,2019-03-31,-8
45340,4,True,False,AEP TCC,Lemay: Build 138 kV Box Bay,2021-02-23,2020-02-01,2020-10-31,-1
45340,8,True,False,AEP TCC,Lemay: Build 138 kV Box Bay,2021-02-23,2019-02-01,2020-03-30,-4
3877,4,True,True,LCRATSC/GVEC,Meadow Lake Substation Addtion,2020-12-18,2019-10-01,2020-11-20,0
3877,8,True,True,LCRATSC/GVEC,Meadow Lake Substation Addtion,2020-12-18,2018-10-01,2020-06-30,-2
3877,12,True,True,LCRATSC/GVEC,Meadow Lake Substation Addtion,2020-12-18,2017-10-01,2020-06-30,-2
7028,4,True,False,AEP TNC,Ft. Stockton SW to Rio Pecos: Rebuild 69 kV line,2021-01-30,2019-10-01,2020-11-30,-1
7028,8,True,False,AEP TNC,Ft. Stockton SW to Rio Pecos: Rebuild 69 kV line,2021-01-30,2018-10-01,2020-03-31,-4
50342,4,True,False,STEC,Rebuild Shropshire to Saltdome,2021-02-09,2020-02-01,2020-11-01,-1
44485,4,True,False,AEP TNC,Pig Creek: Build 138 kV terminal,2021-02-21,2020-02-01,2020-11-30,-1
44485,8,True,False,AEP TNC,Pig Creek: Build 138 kV terminal,2021-02-21,2019-02-01,2020-11-30,-1
52295,4,True,False,ONCOR,Natural Dam 138 kV Switch,2021-12-22,2020-10-01,2021-05-15,-2
6345,4,True,False,AEP TNC,Yellowjckt to Menard Phillips T 69 kV line: Rebld 69 kV line,2021-02-28,2020-02-01,2020-04-30,-3
6345,8,True,False,AEP TNC,Yellowjckt to Menard Phillips T 69 kV line: Rebld 69 kV line,2021-02-28,2019-02-01,2020-04-30,-3
6345,12,True,False,AEP TNC,Yellowjckt to Menard Phillips T 69 kV line: Rebld 69 kV line,2021-02-28,2018-02-01,2019-04-30,-7
43284F,4,True,False,CNP,Baytown Area Upgrades,2021-02-24,2020-02-01,2020-05-30,-3
43284F,8,True,False,CNP,Baytown Area Upgrades,2021-02-24,2019-02-01,2020-05-30,-3
52365D,4,True,False,CNP,Spillman Island Restoration Plan,2021-05-18,2020-02-01,2020-12-31,-2
52365F,4,True,False,CNP,Spillman Island Restoration Plan,2021-05-18,2020-02-01,2020-12-31,-2
6255B,4,True,False,STEC,Rebuild BEVO to Brundage to Big Wells 69 kV lines.,2021-05-07,2020-02-01,2020-12-15,-2
6255B,8,True,False,STEC,Rebuild BEVO to Brundage to Big Wells 69 kV lines.,2021-05-07,2019-02-01,2020-05-15,-4
4488,4,True,False,AEP,Campwood to Uvalde: Rebuild 69 kV line,2021-05-21,2020-02-01,2020-11-30,-2
4488,8,True,False,AEP,Campwood to Uvalde: Rebuild 69 kV line,2021-05-21,2019-02-01,2020-05-31,-4
4488,12,True,False,AEP,Campwood to Uvalde: Rebuild 69 kV line,2021-05-21,2018-02-01,2020-05-31,-4
50344,4,True,False,STEC,Rebuild MarkhamTap to Shropshire,2021-04-12,2020-02-01,2020-12-23,-2
5024,4,True,False,AEP TNC,Crane Loop: Rebuild 69 kV line,2021-03-22,2020-02-01,2020-05-31,-3
5024,8,True,False,AEP TNC,Crane Loop: Rebuild 69 kV line,2021-03-22,2019-02-01,2019-05-30,-7
5024,12,True,False,AEP TNC,Crane Loop: Rebuild 69 kV line,2021-03-22,2018-02-01,2019-03-31,-8
6118,4,True,False,AEP,Port Isabel - Causeway 138 kV Line,2020-07-30,2019-06-01,2019-12-31,-3
6118,8,True,False,AEP,Port Isabel - Causeway 138 kV Line,2020-07-30,2018-06-01,2019-12-31,-3
6118,12,True,False,AEP,Port Isabel - Causeway 138 kV Line,2020-07-30,2017-06-01,2019-12-31,-3
5205,4,True,False,AEP,Carrizo Springs-Crystal City 69 kV Line: Rebuild,2021-05-11,2020-02-01,2021-03-31,-1
5205,8,True,False,AEP,Carrizo Springs-Crystal City 69 kV Line: Rebuild,2021-05-11,2019-02-01,2020-12-31,-2
5205,12,True,False,AEP,Carrizo Springs-Crystal City 69 kV Line: Rebuild,2021-05-11,2018-02-01,2019-01-31,-9
6121,4,True,False,AEP TCC,Sunchase to South Padre: Build new 138 kV Line,2021-03-24,2020-02-01,2021-06-30,1
6121,8,True,False,AEP TCC,Sunchase to South Padre: Build new 138 kV Line,2021-03-24,2019-02-01,2019-12-31,-5
6121,12,True,False,AEP TCC,Sunchase to South Padre: Build new 138 kV Line,2021-03-24,2018-02-01,2019-12-31,-5
49548,4,True,False,AEP,Esperanza: Construct New 138 kV Station,2021-03-31,2020-02-01,2020-10-31,-1
44395,4,True,False,AEP TCC,Dupont SW: Connect 138 kV Gen Tie Line,2021-03-23,2020-02-01,2021-03-30,0
44395,8,True,False,AEP TCC,Dupont SW: Connect 138 kV Gen Tie Line,2021-03-23,2019-02-01,2020-03-01,-4
55270,4,True,False,AEP TCC,Stillman: Reterminate two AEP 138 kV lines,2021-10-20,2020-10-01,2021-03-31,-3
44858,4,True,False,AEP TCC,Luna 138 kV Station,2021-06-04,2020-06-01,2021-03-31,-1
44858,8,True,False,AEP TCC,Luna 138 kV Station,2021-06-04,2019-06-01,2020-10-31,-2
44393,4,True,False,ETT,Zapata: Add 138 kV Reactor,2021-11-19,2020-10-01,2021-03-31,-3
44393,8,True,False,ETT,Zapata: Add 138 kV Reactor,2021-11-19,2019-10-01,2020-05-15,-6
44393,12,True,False,ETT,Zapata: Add 138 kV Reactor,2021-11-19,2018-10-01,2020-05-15,-6
50336,4,True,False,STEC,Rebuild Pleasanton to Mccoy,2021-04-21,2020-02-01,2021-05-15,0
6382,4,True,False,ETT,Stewart Road:  Construct 345 kV cut-in,2021-10-18,2020-10-01,2021-04-02,-2
6382,8,True,False,ETT,Stewart Road:  Construct 345 kV cut-in,2021-10-18,2019-10-01,2021-04-02,-2
6382,12,True,False,ETT,Stewart Road:  Construct 345 kV cut-in,2021-10-18,2018-10-01,2020-08-31,-5
6978,4,True,False,LCRATSC,Ranch Road 12 Circuit Breaker Addition,2021-04-01,2020-02-01,2021-05-14,1
6978,8,True,False,LCRATSC,Ranch Road 12 Circuit Breaker Addition,2021-04-01,2019-02-01,2021-12-17,3
6201,4,True,False,AEP,Alice - North Ella 69 kV Line,2021-04-30,2020-02-01,2021-04-30,0
6201,8,True,False,AEP,Alice - North Ella 69 kV Line,2021-04-30,2019-02-01,2019-02-28,-9
6201,12,True,False,AEP,Alice - North Ella 69 kV Line,2021-04-30,2018-02-01,2019-12-31,-6
50340,4,True,False,STEC,Rebuild Markham Tap to Van Vleck Sw,2021-04-12,2020-02-01,2021-01-21,-1
7077,4,True,True,LCRATSC,Horse Crossing - Rio Pecos Transmission Line Addition,2021-06-01,2020-02-01,2021-02-23,-1
7077,8,True,True,LCRATSC,Horse Crossing - Rio Pecos Transmission Line Addition,2021-06-01,2019-06-01,2020-01-20,-5
7077,12,True,True,LCRATSC,Horse Crossing - Rio Pecos Transmission Line Addition,2021-06-01,2018-06-01,2018-10-31,-10
45506,4,True,False,ETT,Coulomb: Build 345 kV terminal,2021-04-20,2020-02-01,2020-04-30,-4
45506,8,True,False,ETT,Coulomb: Build 345 kV terminal,2021-04-20,2019-02-01,2020-01-31,-5
51041,4,True,False,AEP TNC,Rio Pecos: Add bus breakers and bus differential,2021-04-21,2020-02-01,2020-04-30,-4
47432,4,True,False,LCRATSC,LULING - ZORN  Transmission Line OverHaul,2021-05-06,2020-02-01,2021-04-06,0
6202,4,True,False,AEP TCC,North Ella - Premont 69 kV Line,2020-12-15,2019-10-01,2021-04-28,2
6202,8,True,False,AEP TCC,North Ella - Premont 69 kV Line,2020-12-15,2018-10-01,2019-04-30,-6
6202,12,True,False,AEP TCC,North Ella - Premont 69 kV Line,2020-12-15,2017-10-01,2019-04-30,-6
5218B,4,True,False,STEC,San Miguel 345/138 kV autotransformer replacements,2021-05-05,2020-02-01,2021-06-01,0
5218B,8,True,False,STEC,San Miguel 345/138 kV autotransformer replacements,2021-05-05,2019-02-01,2020-07-01,-4
44426,4,True,False,AEP TNC,Foxtail: Add 345 kV reactor,2021-04-30,2020-02-01,2021-02-28,-1
44426,8,True,False,AEP TNC,Foxtail: Add 345 kV reactor,2021-04-30,2019-02-01,2020-11-30,-2
47440,4,True,True,LCRATSC,Rattler Substation Addition,2021-05-12,2020-02-01,2020-11-30,-2
49576,4,True,False,AEP TNC,Hayter: Build 138 kV box bay,2021-05-12,2020-02-01,2021-05-31,0
47034,4,True,False,LCRATSC,Gabriel- Rivery Transmission Line Storm Hardening,2021-05-15,2020-02-01,2021-05-14,0
6791,4,True,False,AEP TNC,Lake Pauline: Replace 138/69 kV Auto,2021-05-14,2020-02-01,2022-03-31,3
6791,8,True,False,AEP TNC,Lake Pauline: Replace 138/69 kV Auto,2021-05-14,2019-02-01,2020-04-30,-4
6791,12,True,False,AEP TNC,Lake Pauline: Replace 138/69 kV Auto,2021-05-14,2018-02-01,2020-04-30,-4
47513,4,True,False,LCRATSC,Pooley Road Circuit Breaker Addition,2021-05-13,2020-02-01,2021-04-05,0
5457,4,True,True,DENTON,Load serving,2020-07-01,2019-06-01,2020-07-01,0
47539,4,True,False,LCRATSC,Frelsburg Circuit Breaker Addition,2021-03-03,2020-02-01,2021-03-12,0
50338,4,True,False,STEC,Rebuild Van Vleck Sw to Bay City,2021-04-23,2020-02-01,2021-02-14,-1
47450,4,True,False,LCRATSC,Naruna Circuit Breaker Addition,2020-11-19,2019-10-01,2021-05-15,2
47434,4,True,False,LCRATSC,Zorn Auto Replacement,2021-05-14,2020-02-01,2021-03-25,-1
50672,4,True,False,AEP TCC,Black Cat: New 138 kV Distribution Station,2021-05-12,2020-02-01,2021-06-02,0
6668A,4,True,False,CNP,Freeport - Master Plan,2021-06-30,2020-06-01,2021-05-30,0
6668A,8,True,False,CNP,Freeport - Master Plan,2021-06-30,2019-06-01,2021-05-30,0
6668A,12,True,False,CNP,Freeport - Master Plan,2021-06-30,2018-06-01,2021-05-30,0
6325,4,True,False,CNP,Install two distribution transfomers at Jones Creek,2021-08-03,2020-06-01,2021-05-30,-1
6325,8,True,False,CNP,Install two distribution transfomers at Jones Creek,2021-08-03,2019-06-01,2021-12-31,1
6325,12,True,False,CNP,Install two distribution transfomers at Jones Creek,2021-08-03,2018-06-01,2020-05-31,-5
50670,4,True,False,AEP,Angstrom: Build new 345 kV Station,2021-01-26,2019-10-01,2021-04-30,1
52181,4,True,True,CNP,ENCO (ENC) 138kV Substation,2021-08-11,2020-06-01,2021-05-30,-1
43284G,4,True,False,CNP,Baytown Area Upgrades,2021-02-24,2020-02-01,2020-05-31,-3
43284G,8,True,False,CNP,Baytown Area Upgrades,2021-02-24,2019-02-01,2020-05-31,-3
52519C,4,True,False,CNP,Jones Creek Area Reconfigurations,2021-04-01,2020-02-01,2021-05-31,1
52141,4,True,False,CNP,Cedar Bayou 138kV - West Bus In-Series 10-Ohm Reactor,2021-03-23,2020-02-01,2020-12-31,-1
52376,4,True,True,CNP,MARICK (MCK) 138kV Customer Substation,2021-05-31,2020-02-01,2021-05-31,0
4186F,4,True,False,CNP,University Area 138kV Conversions,2021-02-24,2020-02-01,2020-11-30,-1
52519B,4,True,False,CNP,Jones Creek Area Reconfigurations,2021-04-01,2020-02-01,2021-05-31,1
4186D,4,True,False,CNP,University Area 138kV Conversions,2021-02-24,2020-02-01,2020-11-30,-1
4186D,8,True,False,CNP,University Area 138kV Conversions,2021-02-24,2019-02-01,2020-05-31,-3
4186D,12,True,False,CNP,University Area 138kV Conversions,2021-02-24,2018-02-01,2020-05-31,-3
5717,4,True,False,CNP,Waller 138kV Substation Reconfiguration,2021-08-11,2020-06-01,2030-12-31,37
5717,8,True,False,CNP,Waller 138kV Substation Reconfiguration,2021-08-11,2019-06-01,2030-12-31,37
5717,12,True,False,CNP,Waller 138kV Substation Reconfiguration,2021-08-11,2018-06-01,2030-12-31,37
52519A,4,True,False,CNP,Jones Creek Area Reconfigurations,2021-04-01,2020-02-01,2021-05-31,1
6573,4,True,False,CNP,Reconductor Dunlavey to Heights Ckt. 31,2021-04-19,2020-02-01,2020-05-31,-4
6573,8,True,False,CNP,Reconductor Dunlavey to Heights Ckt. 31,2021-04-19,2019-02-01,2020-05-31,-4
6573,12,True,False,CNP,Reconductor Dunlavey to Heights Ckt. 31,2021-04-19,2018-02-01,2020-05-31,-4
5286B,4,True,False,LCRATSC,Fayette Area Upgrades,2021-05-14,2020-02-01,2021-04-21,0
5286B,8,True,False,LCRATSC,Fayette Area Upgrades,2021-05-14,2019-02-01,2021-04-30,0
5286B,12,True,False,LCRATSC,Fayette Area Upgrades,2021-05-14,2018-02-01,2021-05-31,0
6974,4,True,False,LCRATSC,New Bremen Circuit Breaker Addition,2021-05-14,2020-02-01,2021-05-31,0
6974,8,True,False,LCRATSC,New Bremen Circuit Breaker Addition,2021-05-14,2019-02-01,2020-07-08,-3
48780,4,True,False,AEP TCC,Pantera: Construct New Distribution Station,2021-06-18,2020-06-01,2021-05-31,0
48780,8,True,False,AEP TCC,Pantera: Construct New Distribution Station,2021-06-18,2019-06-01,2021-05-31,0
44372,4,True,False,GVEC,Geronimo T1 Replacement,2021-07-14,2020-06-01,2021-06-25,-1
44372,8,True,False,GVEC,Geronimo T1 Replacement,2021-07-14,2019-06-01,2021-06-25,-1
50452,4,True,False,LCRATSC,LCRATSC_Clear Springs AT1,2021-03-31,2020-02-01,2021-05-15,1
5939,4,True,True,LCRATSC/BBEC,Cooks Point Substation and Transmission Line Addition,2021-06-30,2020-06-01,2021-05-30,0
5939,8,True,True,LCRATSC/BBEC,Cooks Point Substation and Transmission Line Addition,2021-06-30,2019-06-01,2022-04-08,4
5939,12,True,True,LCRATSC/BBEC,Cooks Point Substation and Transmission Line Addition,2021-06-30,2018-06-01,2021-05-31,0
6712,4,True,False,LCRATSC,Soda Lake Substation Addition,2021-06-03,2020-06-01,2021-09-24,1
45573,4,True,False,LCRATSC,Hayter Ranch Substation Addition,2021-05-28,2019-02-01,2019-05-15,-8
45573,8,True,False,LCRATSC,Hayter Ranch Substation Addition,2021-05-28,2019-02-01,2019-05-15,-8
51645,4,True,False,AEP TCC,Sand Crab: Add New Distribution Station,2021-04-15,2020-02-01,2021-04-30,0
3821,4,True,False,STEC,Pearsall to Palo Duro 138 kV line upgrade,2021-06-11,2020-06-01,2021-06-01,0
3821,8,True,False,STEC,Pearsall to Palo Duro 138 kV line upgrade,2021-06-11,2019-06-01,2021-06-01,0
3821,12,True,False,STEC,Pearsall to Palo Duro 138 kV line upgrade,2021-06-11,2018-06-01,2021-06-01,0
48778,4,True,False,AEP TCC,Dustdevil: Construct New Distribution Station,2021-05-14,2020-02-01,2020-12-31,-2
57904,4,True,False,AEP TCC,Brightside Solar Interconnection,2021-11-11,2020-10-01,2021-06-11,-2
52066,4,True,False,AEP TCC,Blessing to Bay City Pumps: Rebuild 69 kV Line,2021-09-10,2020-06-01,2021-10-30,1
52062,4,True,False,AEP TCC,Blackjack Creek Wind Interconnection,2021-09-15,2020-06-01,2021-05-15,-1
58004,4,True,False,AEP TCC,Katoen: Build 345 kV station,2021-10-15,2020-10-01,2021-09-30,-1
52523A,4,True,False,CNP,Hayes to WA Parish Ckt.09A Upgrades,2021-08-06,2020-06-01,2022-05-30,3
52365I,4,True,False,CNP,Spillman Island Restoration Plan,2021-11-17,2020-10-01,2020-12-31,-4
52523B,4,True,False,CNP,Hayes to WA Parish Ckt.09A Upgrades,2021-08-06,2020-06-01,2022-05-30,3
52523C,4,True,False,CNP,Hayes to WA Parish Ckt.09A Upgrades,2021-08-06,2020-06-01,2022-05-30,3
50658,4,True,False,CNP,Friendswood to Mustang Bayou Ckt.04A Upgrades,2021-11-30,2020-10-01,2021-05-28,-2
50658,8,True,False,CNP,Friendswood to Mustang Bayou Ckt.04A Upgrades,2021-11-30,2019-10-01,2020-02-28,-7
52555,4,True,False,CNP,Wallis to East Bernard Ckt.65C Upgrades,2021-10-31,2020-10-01,2021-05-30,-2
5604,4,True,False,AEP TCC,Stewart Road:  Construct 345 kV cut-in,2021-10-18,2020-10-01,2021-06-30,-2
5604,8,True,False,AEP TCC,Stewart Road:  Construct 345 kV cut-in,2021-10-18,2019-10-01,2021-04-02,-2
5604,12,True,False,AEP TCC,Stewart Road:  Construct 345 kV cut-in,2021-10-18,2018-10-01,2020-08-31,-5
52365E,4,True,False,CNP,Spillman Island Restoration Plan,2021-11-17,2020-10-01,2020-12-31,-4
52365H,4,True,False,CNP,Spillman Island Restoration Plan,2021-11-30,2020-10-01,2020-12-31,-4
45032,4,True,False,AEP TNC,Brant: Build 69 kV station,2021-11-03,2020-10-01,2021-03-31,-3
45032,8,True,False,AEP TNC,Brant: Build 69 kV station,2021-11-03,2019-10-01,2020-03-30,-7
6346,4,True,False,AEP TNC,Menard Phillips T to Junction 69 kV line: Rbld 69 kV line,2021-11-07,2020-10-01,2020-12-31,-4
6346,8,True,False,AEP TNC,Menard Phillips T to Junction 69 kV line: Rbld 69 kV line,2021-11-07,2019-10-01,2020-12-31,-4
6346,12,True,False,AEP TNC,Menard Phillips T to Junction 69 kV line: Rbld 69 kV line,2021-11-07,2018-10-01,2019-12-31,-8
6668B,4,True,False,CNP,Freeport - Master Plan,2021-11-30,2020-10-01,2021-11-30,0
6668B,8,True,False,CNP,Freeport - Master Plan,2021-11-30,2019-10-01,2022-04-30,2
6668B,12,True,False,CNP,Freeport - Master Plan,2021-11-30,2018-10-01,2021-12-31,0
55969,4,True,False,CNP,Cedar Creek (CCK) Substation for Old 300 Solar (21INR0406),2021-11-30,2020-10-01,2021-11-30,0
48281,4,True,False,CNP,Angleton to West Columbia Ckt 04E Equipment Upgrades,2021-11-17,2020-10-01,2020-12-31,-4
48281,8,True,False,CNP,Angleton to West Columbia Ckt 04E Equipment Upgrades,2021-11-17,2019-10-01,2020-05-31,-6
5891A,4,True,False,CNP,LUBZOL Substation Removal and Substation PATRIK Addition,2021-11-30,2020-06-01,2020-09-30,-5
5891A,8,True,False,CNP,LUBZOL Substation Removal and Substation PATRIK Addition,2021-11-30,2019-10-01,2020-09-30,-5
5891A,12,True,False,CNP,LUBZOL Substation Removal and Substation PATRIK Addition,2021-11-30,2018-06-01,2018-12-31,-12
6569,4,True,False,AEP TNC,Aspermont: Replace the 138/69 kV autotransformer,2021-12-01,2020-10-01,2020-11-30,-4
6569,8,True,False,AEP TNC,Aspermont: Replace the 138/69 kV autotransformer,2021-12-01,2019-10-01,2020-04-30,-6
6569,12,True,False,AEP TNC,Aspermont: Replace the 138/69 kV autotransformer,2021-12-01,2018-10-01,2019-12-31,-8
6167,4,True,False,AEP TCC,Harlingen SS - Raymondville #2: Convert to 138 kV,2021-12-01,2020-10-01,2021-01-28,-3
6167,8,True,False,AEP TCC,Harlingen SS - Raymondville #2: Convert to 138 kV,2021-12-01,2019-10-01,2021-03-31,-3
6167,12,True,False,AEP TCC,Harlingen SS - Raymondville #2: Convert to 138 kV,2021-12-01,2018-10-01,2021-03-31,-3
51742,4,True,False,PEC,Pipeline Breaker Addition,2021-12-01,2020-10-01,2021-05-01,-2
48335,4,True,True,RGEC/LCRATSC,RGEC Ft. Stockton US 285 138-kV Substation Addition,2021-09-01,2020-06-01,2020-10-31,-3
48335,8,True,True,RGEC/LCRATSC,RGEC Ft. Stockton US 285 138-kV Substation Addition,2021-09-01,2019-06-01,2020-11-30,-3
44359,4,True,False,AEP TNC,Solstice: Install 138 kV PST and capacitor bank,2021-12-09,2020-10-01,2020-10-31,-4
44359,8,True,False,AEP TNC,Solstice: Install 138 kV PST and capacitor bank,2021-12-09,2019-10-01,2020-05-31,-6
44359,12,True,False,AEP TNC,Solstice: Install 138 kV PST and capacitor bank,2021-12-09,2018-10-01,2020-03-31,-7
57928,4,True,False,ONCOR,Rebuild Midland East 138 kV Switch,2021-12-15,2020-10-01,2022-05-15,2
52309,4,True,False,ONCOR,Horseshoe Springs Switch - Riverton Switch 138 kV Second Cir,2021-12-17,2020-10-01,2021-05-15,-2
52251,4,True,False,ONCOR,Mountain Creek Switch 138 kV Breaker Installation,2021-12-15,2020-10-01,2021-12-15,0
6833,4,True,False,ONCOR,Vineyard 138 kV Switching Station,2021-12-18,2020-10-01,2021-03-15,-3
6833,8,True,False,ONCOR,Vineyard 138 kV Switching Station,2021-12-18,2019-10-01,2019-12-15,-8
6833,12,True,False,ONCOR,Vineyard 138 kV Switching Station,2021-12-18,2018-10-01,2019-12-15,-8
6273,4,True,False,ONCOR,Saginaw-Eagle Mountain 138 kV DCKT,2021-12-21,2020-10-01,2021-12-15,0
6273,8,True,False,ONCOR,Saginaw-Eagle Mountain 138 kV DCKT,2021-12-21,2019-10-01,2021-05-15,-2
6273,12,True,False,ONCOR,Saginaw-Eagle Mountain 138 kV DCKT,2021-12-21,2018-10-01,2020-05-15,-6
52149,4,True,False,ONCOR,Upgrade Elm Mott - Bosque 138 kV Line,2021-12-29,2020-10-01,2021-12-15,0
52469,4,True,False,AEP TNC,Scout: Build 69 kV station,2021-12-15,2020-10-01,2021-09-30,-1
52305,4,True,False,ONCOR,Cedar Hill Switch-Cedar Hill 138 kV Line Upgrade,2021-12-27,2020-10-01,2021-12-15,0
7025,4,True,False,ONCOR,Renner Sw. Sta. - Plano Tennyson Sw. Sta. 138 kV Line,2021-12-16,2020-10-01,2021-12-15,0
7025,8,True,False,ONCOR,Renner Sw. Sta. - Plano Tennyson Sw. Sta. 138 kV Line,2021-12-16,2019-10-01,2020-12-31,-4
7025,12,True,False,ONCOR,Renner Sw. Sta. - Plano Tennyson Sw. Sta. 138 kV Line,2021-12-16,2018-10-01,2020-05-15,-6
57855,4,True,False,ONCOR,Ennis Switch 138 kV Rebuild,2021-12-16,2020-10-01,2021-12-15,0
52153,4,True,False,ONCOR,Upgrade Eustace SE - Mabank 138 kV Line,2021-12-22,2020-10-01,2021-12-15,0
57853,4,True,False,ONCOR,Palmer and Rice 69 kV Substations Conversion to 138 kV,2021-12-22,2020-10-01,2021-12-15,0
52234,4,True,False,ONCOR,Calmont 138 kV Emergency Capacitors,2021-12-30,2020-10-01,2021-12-15,0
45517,4,True,False,ONCOR,Waco West - Waco East 138 kV Line,2021-12-16,2020-10-01,2021-12-15,0
45517,8,True,False,ONCOR,Waco West - Waco East 138 kV Line,2021-12-16,2019-10-01,2021-05-15,-2
6540,4,True,False,GVEC,LCRA Gonzales to GVEC Gonzales Transmission Line Upgrade,2022-01-03,2020-10-01,2021-08-31,-2
6540,8,True,False,GVEC,LCRA Gonzales to GVEC Gonzales Transmission Line Upgrade,2022-01-03,2019-10-01,2021-08-31,-2
6540,12,True,False,GVEC,LCRA Gonzales to GVEC Gonzales Transmission Line Upgrade,2022-01-03,2018-10-01,2021-08-31,-2
57915,4,True,False,ONCOR,Tall City - Telephone Road 138 kV Line Rebuild,2021-12-03,2020-10-01,2021-12-15,0
52255,4,True,False,ONCOR,Sand Lake Switch 138 kV Terminal Addition,2021-12-14,2020-10-01,2021-05-15,-2
57758,4,True,False,ONCOR,Carrollton Northwest 345/138 kV Autotransformer,2021-12-21,2020-10-01,2021-12-15,0
5310,4,True,False,ONCOR,Everman - Venus 345 kV Double-circuit line,2021-12-09,2020-10-01,2021-12-15,0
5310,8,True,False,ONCOR,Everman - Venus 345 kV Double-circuit line,2021-12-09,2019-10-01,2021-05-15,-2
5310,12,True,False,ONCOR,Everman - Venus 345 kV Double-circuit line,2021-12-09,2018-10-01,2020-05-15,-6
46259,4,True,False,ONCOR,Big Spring - Buzzard Draw 69 kV Line Conversion,2021-12-17,2020-10-01,2021-11-15,0
46259,8,True,False,ONCOR,Big Spring - Buzzard Draw 69 kV Line Conversion,2021-12-17,2019-10-01,2020-11-15,-4
52239,4,True,False,ONCOR,Lake Hubbard SW,2021-12-01,2020-10-01,2021-12-16,0
5967,4,True,False,AEP TNC,Burma: Build new 69 kV station ,2021-12-16,2020-10-01,2021-03-31,-3
5967,8,True,False,AEP TNC,Burma: Build new 69 kV station ,2021-12-16,2019-10-01,2020-10-31,-4
5967,12,True,False,AEP TNC,Burma: Build new 69 kV station ,2021-12-16,2018-10-01,2019-12-31,-8
6786,4,True,False,GVEC,Schumansville T2 Replacement,2021-12-06,2020-10-01,2021-12-17,0
6786,8,True,False,GVEC,Schumansville T2 Replacement,2021-12-06,2019-10-01,2021-12-17,0
6786,12,True,False,GVEC,Schumansville T2 Replacement,2021-12-06,2018-10-01,2021-12-17,0
5965,4,True,False,AEP TNC,Benjamin Tap to Katz (BEC): Build new 138 kV line,2021-12-21,2020-06-01,2020-06-30,-6
5965,8,True,False,AEP TNC,Benjamin Tap to Katz (BEC): Build new 138 kV line,2021-12-21,2019-10-01,2020-06-30,-6
5965,12,True,False,AEP TNC,Benjamin Tap to Katz (BEC): Build new 138 kV line,2021-12-21,2018-10-01,2020-05-31,-6
54698,4,True,False,AEP TNC,Perigee: Build 345 kV station,2021-12-28,2020-10-01,2021-10-31,0
7027,4,True,False,AEP TNC,Barrilla Junction to Ft. Stockton SW: Rebuild 69 kV line,2021-12-30,2020-10-01,2020-10-31,-4
7027,8,True,False,AEP TNC,Barrilla Junction to Ft. Stockton SW: Rebuild 69 kV line,2021-12-30,2019-10-01,2020-11-30,-4
7027,12,True,False,AEP TNC,Barrilla Junction to Ft. Stockton SW: Rebuild 69 kV line,2021-12-30,2018-10-01,2020-03-31,-7
52267C,4,True,False,CNP,SR Bertron 138/69kV Conversions,2021-11-09,2020-10-01,2022-12-31,4
43284D,4,True,False,CNP,Baytown Area Upgrades,2021-12-31,2020-10-01,2021-05-28,-2
43284D,8,True,False,CNP,Baytown Area Upgrades,2021-12-31,2019-10-01,2020-05-28,-6
43284D,12,True,False,CNP,Baytown Area Upgrades,2021-12-31,2018-10-01,2020-05-28,-6
52197D,4,True,False,CNP,Jordan Auto A3 Addition (PLACID 138kV Sub),2021-11-16,2020-10-01,2022-05-31,2
52553,4,True,False,CNP,Wallis to Gebhardt Ckt.65C Upgrades,2021-12-31,2020-10-01,2023-05-31,6
45543,4,True,False,ONCOR,Everman Switch - Marrs Switch 138 kV DCKT Line,2021-12-15,2020-10-01,2021-12-31,0
45543,8,True,False,ONCOR,Everman Switch - Marrs Switch 138 kV DCKT Line,2021-12-15,2019-10-01,2020-12-15,-4
52197E,4,True,False,CNP,Jordan Auto A3 Addition (PLACID 138kV Sub),2021-11-16,2020-10-01,2021-05-31,-2
52267B,4,True,False,CNP,SR Bertron 138/69kV Conversions,2021-11-09,2020-10-01,2022-12-31,4
52267G,4,True,False,CNP,SR Bertron 138/69kV Conversions,2021-11-09,2020-10-01,2022-12-31,4
52267E,4,True,False,CNP,SR Bertron 138/69kV Conversions,2021-11-09,2020-10-01,2022-12-31,4
52072,4,True,False,AEP TNC,Conan: Build new 69 kV box bay,2022-01-12,2020-10-01,2021-11-30,-1
52533,4,True,False,CNP,Gebhardt to Sealy Ckt.65A Upgrades,2022-02-01,2020-10-01,2023-05-31,5
52533,8,True,False,CNP,Gebhardt to Sealy Ckt.65A Upgrades,2022-02-01,2020-02-01,2022-12-31,3
57414,4,True,True,CNP,BEARLE (BER) 138kV Customer Substation,2022-01-31,2020-10-01,2021-12-31,-1
52529,4,True,False,CNP,Jordan to Cities to Dalton Ckt.86I,2022-01-24,2020-10-01,2021-05-31,-3
3949,4,True,False,ETT,Steamboat to Winters: Rebuild 69 kV line,2022-02-01,2020-10-01,2021-11-30,-1
3949,8,True,False,ETT,Steamboat to Winters: Rebuild 69 kV line,2022-02-01,2020-02-01,2021-11-30,-1
3949,12,True,False,ETT,Steamboat to Winters: Rebuild 69 kV line,2022-02-01,2019-02-01,2021-12-31,-1
57161,4,True,False,STEC,Rebuild Vanderbilt to VanHumble ,2022-03-15,2021-02-01,2022-02-15,0
55367,4,True,False,AEP TNC,Wolfcamp: Build 138 kV box bay,2023-02-28,2022-02-01,2022-02-21,-4
55367,8,True,False,AEP TNC,Wolfcamp: Build 138 kV box bay,2023-02-28,2021-02-01,2021-11-30,-5
6352,4,True,False,AEP TNC,Crckett Hghts to Sonora Atlntic 69 kV line: Rbld 69 kV line,2022-02-21,2021-02-01,2021-02-28,-4
6352,8,True,False,AEP TNC,Crckett Hghts to Sonora Atlntic 69 kV line: Rbld 69 kV line,2022-02-21,2020-02-01,2021-01-31,-4
6352,12,True,False,AEP TNC,Crckett Hghts to Sonora Atlntic 69 kV line: Rbld 69 kV line,2022-02-21,2019-02-01,2020-01-31,-8
47442,4,True,False,LCRATSC,Graphite Mine Circuit Breaker Addition,2022-06-01,2021-02-01,2022-07-12,1
47442,8,True,False,LCRATSC,Graphite Mine Circuit Breaker Addition,2022-06-01,2020-02-01,2022-05-13,0
47442,12,True,False,LCRATSC,Graphite Mine Circuit Breaker Addition,2022-06-01,2019-06-01,2022-05-15,0
59117,4,True,False,AEP TCC,Tres Bahias Solar Interconnection,2022-02-24,2021-02-01,2022-01-31,0
49834,4,True,False,ONCOR,Fullerton 138 kV Switch Terminal Addition,2021-06-21,2020-06-01,2021-05-15,0
49834,8,True,False,ONCOR,Fullerton 138 kV Switch Terminal Addition,2021-06-21,2019-06-01,2020-12-15,-2
49841,4,True,False,ONCOR,Fullerton_to_NorthAndrews_138_kV_Conversion_East,2021-06-21,2020-06-01,2021-05-16,0
49841,8,True,False,ONCOR,Fullerton_to_NorthAndrews_138_kV_Conversion_East,2021-06-21,2019-06-01,2020-12-16,-2
49858,4,True,False,ONCOR,Fullerton_to_NorthAndrews_138_kV_Conversion_West,2021-05-25,2020-02-01,2021-05-17,0
44862,4,True,False,AEP TCC,Schottky: Build 69 kV Box bay,2022-02-28,2021-02-01,2021-05-14,-3
44862,8,True,False,AEP TCC,Schottky: Build 69 kV Box bay,2022-02-28,2020-02-01,2020-11-30,-5
44862,12,True,False,AEP TCC,Schottky: Build 69 kV Box bay,2022-02-28,2019-02-01,2021-03-30,-4
55957,4,True,False,CNP,COUGAR to Gulfgate Ckt.91 Upgrades,2022-04-30,2021-02-01,2021-05-31,-4
44872,4,True,False,AEP TCC,Asherton 138 kV Station,2022-02-28,2021-02-01,2021-05-31,-3
44872,8,True,False,AEP TCC,Asherton 138 kV Station,2022-02-28,2020-02-01,2020-04-30,-7
44872,12,True,False,AEP TCC,Asherton 138 kV Station,2022-02-28,2019-02-01,2020-04-30,-7
55628,4,True,False,AEP TCC,Rio Hondo: Upgrade 138 kV terminal,2022-02-28,2021-02-01,2021-05-31,-3
6112,4,True,False,AEP TCC,Causeway to Sunchase:Build new 138 kV Line	,2022-02-28,2020-10-01,2020-12-31,-5
6112,8,True,False,AEP TCC,Causeway to Sunchase:Build new 138 kV Line	,2022-02-28,2020-02-01,2020-12-31,-5
6112,12,True,False,AEP TCC,Causeway to Sunchase:Build new 138 kV Line	,2022-02-28,2019-02-01,2020-12-31,-5
57165,4,True,False,STEC,Red Gate138/69 autotransformer and lines to McCook and Faysw,2022-06-27,2021-06-01,2021-08-31,-3
45334,4,True,False,AEP TCC,Corichi: Build 138 kV Box Bay,2022-03-16,2021-02-01,2021-11-08,-1
45334,8,True,False,AEP TCC,Corichi: Build 138 kV Box Bay,2022-03-16,2020-02-01,2020-11-30,-5
45334,12,True,False,AEP TCC,Corichi: Build 138 kV Box Bay,2022-03-16,2019-02-01,2021-03-30,-4
52100,4,True,False,ETT,Bradshaw to Steamboat: Rebuild 69 kV line,2022-03-28,2021-02-01,2021-11-30,-1
52100,8,True,False,ETT,Bradshaw to Steamboat: Rebuild 69 kV line,2022-03-28,2020-02-01,2021-11-30,-1
44361,4,True,False,AEP TNC,Ft. Stockton SW: Build 138 kV station,2022-03-30,2021-02-01,2021-10-31,-1
44361,8,True,False,AEP TNC,Ft. Stockton SW: Build 138 kV station,2022-03-30,2020-02-01,2020-10-31,-5
44361,12,True,False,AEP TNC,Ft. Stockton SW: Build 138 kV station,2022-03-30,2019-02-01,2020-03-31,-8
59119,4,True,False,AEP TCC,Sparta Solar Interconnection,2022-03-30,2021-02-01,2022-02-28,0
6022,4,True,False,AEP TNC,Stamford to Haskell Tap 1 69 kV line: Rebuild 69 kV line,2022-03-30,2021-02-01,2021-05-31,-3
6022,8,True,False,AEP TNC,Stamford to Haskell Tap 1 69 kV line: Rebuild 69 kV line,2022-03-30,2020-02-01,2021-05-31,-3
6022,12,True,False,AEP TNC,Stamford to Haskell Tap 1 69 kV line: Rebuild 69 kV line,2022-03-30,2019-02-01,2021-05-31,-3
57756,4,True,False,CNP,WOLF 345kV for Fighting Jays Solar (21INR0278),2022-03-13,2021-02-01,2022-01-31,0
55971,4,True,False,CNP,Eagle Nest (EGL) Sub for Brazoria West Solar (20INR0101),2022-03-11,2021-02-01,2021-10-31,-1
59319A,4,True,False,CNP,Garrott to Midtown to Polk Ckt.90 Upgrades,2022-04-30,2021-02-01,2022-05-31,0
59319B,4,True,False,CNP,Garrott to Midtown to Polk Ckt.90 Upgrades,2022-04-30,2021-02-01,2022-05-31,0
44866,4,True,False,AEP TCC,Dilley - Jourdanton 69 kV Line,2022-04-16,2021-02-01,2022-01-30,-1
44866,8,True,False,AEP TCC,Dilley - Jourdanton 69 kV Line,2022-04-16,2020-02-01,2022-01-30,-1
44866,12,True,False,AEP TCC,Dilley - Jourdanton 69 kV Line,2022-04-16,2019-02-01,2022-10-30,2
59293,4,True,False,AEP TNC,Maddux: Build New 138 kV Station,2022-04-30,2021-02-01,2022-09-30,1
59363A,4,True,False,CNP,Hungerford (HUG) CNP-Owned Sub for SBranch Solar (22INR0205),2022-04-19,2021-02-01,2021-12-31,-2
59363B,4,True,False,CNP,Hungerford (HUG) CNP-Owned Sub for SBranch Solar (22INR0205),2022-03-23,2021-02-01,2021-12-31,-1
64390,4,True,False,ONCOR,Install two series reactors at Sandow Switch ,2022-12-01,2021-10-01,2022-05-15,-2
50880,4,True,False,AEP TCC,Medio Creek to Warburton (STEC),2023-02-28,2022-02-01,2022-05-30,-3
50880,8,True,False,AEP TCC,Medio Creek to Warburton (STEC),2023-02-28,2021-02-01,2022-05-30,-3
50880,12,True,False,AEP TCC,Medio Creek to Warburton (STEC),2023-02-28,2020-02-01,2022-05-30,-3
59418,4,True,False,ONCOR,Brown 138 kV Capacitors,2022-05-12,2021-02-01,2022-05-15,0
59546,4,True,False,ONCOR,Lamesa 138/69 kV Autotransformer #1,2022-05-20,2021-02-01,2022-05-15,0
58002,4,True,False,AEP TCC,Foxtrot: Construct new 345 kV Station,2022-05-15,2021-02-01,2022-03-01,-1
59412,4,True,False,ONCOR,Grady 138 kV Capacitors,2022-06-14,2021-06-01,2022-05-15,0
59541,4,True,False,ONCOR,Wolf 138 kV Terminal Addition,2022-05-18,2021-02-01,2022-06-15,0
57163,4,True,False,STEC,Rebuild VanHumble to Olivia Switch,2022-06-21,2021-06-01,2022-05-15,0
5624,4,True,False,ONCOR,Killeen Sw. Sta. 345/138 kV Autotransformer Replacement,2022-05-01,2021-02-01,2023-05-15,4
5624,8,True,False,ONCOR,Killeen Sw. Sta. 345/138 kV Autotransformer Replacement,2022-05-01,2020-02-01,2022-05-15,0
5624,12,True,False,ONCOR,Killeen Sw. Sta. 345/138 kV Autotransformer Replacement,2022-05-01,2019-02-01,2021-05-15,-4
59421,4,True,False,ONCOR,Aquifer Tap 138 kV Capacitors,2022-07-05,2021-06-01,2022-05-15,-1
59406,4,True,False,ONCOR,Tex Harvey 138 kV Capacitors,2022-06-16,2021-06-01,2022-05-15,0
57919,4,True,False,ONCOR,Buzzard Draw 138 kV Terminal Additions,2022-06-01,2021-02-01,2022-05-15,0
48782,4,True,False,AEP TCC,Progreso: Construct New Distribution Station,2022-06-28,2021-06-01,2022-05-30,0
48782,8,True,False,AEP TCC,Progreso: Construct New Distribution Station,2022-06-28,2020-06-01,2020-12-31,-6
48782,12,True,False,AEP TCC,Progreso: Construct New Distribution Station,2022-06-28,2019-06-01,2020-12-31,-6
59392,4,True,True,CNP,Riverside (RVR) Sub for CHAMON Phase 2 (19INR0056),2022-05-15,2021-02-01,2022-01-31,-1
57735A,4,True,False,CNP,Mykawa 138kV Switching Station,2022-04-29,2021-02-01,2022-05-31,0
59322,4,True,False,CNP,Sealy to Peters Ckt.65A Upgrades,2022-06-15,2021-06-01,2022-05-31,0
59387,4,True,False,CNP,DANBUR (DAB) 138kV Sub for Long Bow Solar (20INR0026),2022-05-30,2021-02-01,2022-02-28,-1
59342,4,True,False,CNP,Greens Bayou to LYCHEM Ckt.08 Upgrade,2022-04-04,2021-02-01,2022-05-31,0
59313,4,True,False,CNP,Beasly (BEA) CNP-Owned Sub for Fort Bend Solar (18INR0053),2022-05-24,2021-02-01,2021-11-30,-2
59398A,4,True,False,CNP,San Bernard (SAN) Sub for Brazoria County Solar (20INR0098),2022-05-22,2021-02-01,2022-03-31,-1
57735B,4,True,False,CNP,Mykawa 138kV Switching Station,2022-04-29,2021-02-01,2022-05-31,0
50950,4,True,False,AEP TCC,Whitepoint Area Improvements,2022-06-01,2021-02-01,2022-01-31,-1
50950,8,True,False,AEP TCC,Whitepoint Area Improvements,2022-06-01,2020-02-01,2022-01-31,-1
3948,4,True,False,ETT,Steamboat to Tuscola: Rebuild 69 kV line,2022-06-14,2021-06-01,2022-06-30,0
3948,8,True,False,ETT,Steamboat to Tuscola: Rebuild 69 kV line,2022-06-14,2020-06-01,2021-11-30,-2
3948,12,True,False,ETT,Steamboat to Tuscola: Rebuild 69 kV line,2022-06-14,2019-06-01,2021-11-30,-2
47448,4,True,False,LCRATSC,Motorman Substation Addition,2022-06-30,2021-06-01,2021-12-17,-2
47448,8,True,False,LCRATSC,Motorman Substation Addition,2022-06-30,2020-06-01,2020-12-14,-6
47448,12,True,False,LCRATSC,Motorman Substation Addition,2022-06-30,2019-06-01,2020-06-30,-8
44513,4,True,False,AEP TNC,Concho to Live Oak: Rebuild 69 kV line,2022-06-30,2021-06-01,2022-04-30,0
44513,8,True,False,AEP TNC,Concho to Live Oak: Rebuild 69 kV line,2022-06-30,2020-06-01,2023-06-30,4
44513,12,True,False,AEP TNC,Concho to Live Oak: Rebuild 69 kV line,2022-06-30,2019-06-01,2020-12-31,-6
57586,4,True,False,CNP,Cedar Bayou to Center Ckt.97D Upgrade,2022-07-26,2021-06-01,2021-12-31,-3
47436,4,True,False,LCRATSC,ROBERT BROWN JR ¿ SAN MARCOS Transmission Line OverHaul,2022-07-30,2021-06-01,2022-05-15,-1
47436,8,True,False,LCRATSC,ROBERT BROWN JR ¿ SAN MARCOS Transmission Line OverHaul,2022-07-30,2020-06-01,2022-05-25,-1
47436,12,True,False,LCRATSC,ROBERT BROWN JR ¿ SAN MARCOS Transmission Line OverHaul,2022-07-30,2019-06-01,2022-05-15,-1
57543,4,True,False,CNP,Angleton to West Columbia Ckt 04E Line Upgrades,2022-07-14,2021-06-01,2022-05-31,-1
59389,4,True,False,ONCOR,Johnson Draw POD - Flat Iron Substation 138 kV line,2022-08-02,2021-06-01,2022-08-02,0
6571,4,True,False,AEP TNC,Lake Pauline to Vernon 69 kV line: Rebuild taps,2022-08-03,2021-06-01,2022-03-31,-2
6571,8,True,False,AEP TNC,Lake Pauline to Vernon 69 kV line: Rebuild taps,2022-08-03,2020-06-01,2022-03-31,-2
6571,12,True,False,AEP TNC,Lake Pauline to Vernon 69 kV line: Rebuild taps,2022-08-03,2019-06-01,2022-03-31,-2
59839,4,True,False,ONCOR,Duck Cove Tap #1 - Wills Point 69 kV Double Circuit Line,2022-08-01,2021-06-01,2022-05-15,-1
57735C,4,True,False,CNP,Mykawa 138kV Switching Station,2022-09-29,2021-06-01,2022-05-31,-1
56003H,4,True,False,CNP,Mont Belvieu Reliability Project,2022-09-13,2021-06-01,2022-12-31,1
56003H,8,True,False,CNP,Mont Belvieu Reliability Project,2022-09-13,2020-06-01,2022-12-31,1
48288C,4,True,True,CNP,BOGGY (BOG) 138kV Substation (SHELL Substation Replacement),2022-10-18,2021-10-01,2022-10-18,0
48288C,8,True,True,CNP,BOGGY (BOG) 138kV Substation (SHELL Substation Replacement),2022-10-18,2020-10-01,2021-02-28,-7
48288C,12,True,True,CNP,BOGGY (BOG) 138kV Substation (SHELL Substation Replacement),2022-10-18,2019-10-01,2020-10-31,-8
49570,4,True,False,AEP TNC,Goodlett: Build 69 kV station,2022-10-31,2021-10-01,2021-10-31,-4
49570,8,True,False,AEP TNC,Goodlett: Build 69 kV station,2022-10-31,2020-10-01,2021-02-28,-7
49570,12,True,False,AEP TNC,Goodlett: Build 69 kV station,2022-10-31,2019-10-01,2021-02-28,-7
62843,4,True,False,AEP TCC,El Sauz Ranch Wind Interconnection,2022-10-28,2021-10-01,2022-08-01,-1
59315,4,True,False,CNP,BLUE (BLU) CNP-Owned Sub for Red-Tailed Hawk Solar (21INR038,2022-10-06,2021-10-01,2022-05-28,-2
50892,4,True,False,AEP TCC,Seawall to Port Aransas: Replace 69 kV undersea cable,2022-11-30,2021-10-01,2022-03-31,-3
50892,8,True,False,AEP TCC,Seawall to Port Aransas: Replace 69 kV undersea cable,2022-11-30,2020-10-01,2022-03-31,-3
50892,12,True,False,AEP TCC,Seawall to Port Aransas: Replace 69 kV undersea cable,2022-11-30,2019-10-01,2022-03-31,-3
58065,4,True,False,CNP,Alvin Approach Upgrades Ckt.53,2022-11-02,2021-10-01,2022-05-31,-2
44804,4,True,False,AEP TNC,Tinsley: Build 138 kV station,2022-11-08,2021-10-01,2021-11-12,-4
44804,8,True,False,AEP TNC,Tinsley: Build 138 kV station,2022-11-08,2020-10-01,2020-11-30,-8
44804,12,True,False,AEP TNC,Tinsley: Build 138 kV station,2022-11-08,2019-10-01,2020-11-30,-8
48288A,4,True,True,CNP,BOGGY (BOG) 138kV Substation (SHELL Substation Replacement),2022-11-04,2021-10-01,2022-11-03,0
48288A,8,True,True,CNP,BOGGY (BOG) 138kV Substation (SHELL Substation Replacement),2022-11-04,2020-10-01,2021-11-30,-4
48288A,12,True,True,CNP,BOGGY (BOG) 138kV Substation (SHELL Substation Replacement),2022-11-04,2019-10-01,2020-10-31,-8
48109,4,True,False,AEP TCC/PEC,Dolan Creek: Construct 138 kV Box Bay,2022-11-14,2021-10-01,2021-10-30,-4
48109,8,True,False,AEP TCC/PEC,Dolan Creek: Construct 138 kV Box Bay,2022-11-14,2020-10-01,2021-03-30,-7
48109,12,True,False,AEP TCC/PEC,Dolan Creek: Construct 138 kV Box Bay,2022-11-14,2019-10-01,2020-04-30,-10
57584,4,True,False,CNP,Cedar Bayou Auto A1 and A3 Position Swaps at 138kV,2022-10-25,2021-10-01,2022-05-31,-2
57584,8,True,False,CNP,Cedar Bayou Auto A1 and A3 Position Swaps at 138kV,2022-10-25,2020-10-01,2023-05-31,2
50952,4,True,False,AEP TCC,Whitepoint: 138 kV Line Upgrades,2022-12-14,2021-10-01,2022-10-31,0
50952,8,True,False,AEP TCC,Whitepoint: 138 kV Line Upgrades,2022-12-14,2020-10-01,2022-10-31,0
50952,12,True,False,AEP TCC,Whitepoint: 138 kV Line Upgrades,2022-12-14,2019-10-01,2022-01-31,-3
63904,4,True,False,ETT,Pendulo: Build New 345 kV Station,2022-12-12,2021-10-01,2022-11-30,0
63898,4,True,False,AEP TNC,Palouse: Build New 138 kV Station,2022-12-12,2021-10-01,2022-12-01,0
63410,4,True,False,ONCOR,Cyclone Switch (Bright Arrow Solar),2022-10-15,2021-10-01,2022-05-15,-2
5492,4,True,False,ONCOR,Venus - Webb/Cedar Hill Sw. Sta. 345 kV DCKT Line,2022-12-15,2021-10-01,2022-12-15,0
5492,8,True,False,ONCOR,Venus - Webb/Cedar Hill Sw. Sta. 345 kV DCKT Line,2022-12-15,2020-10-01,2022-12-15,0
5492,12,True,False,ONCOR,Venus - Webb/Cedar Hill Sw. Sta. 345 kV DCKT Line,2022-12-15,2019-10-01,2021-05-15,-6
62438,4,True,False,ONCOR,Waxahachie - Bardwell Lake - Italy 69 kV Line,2022-12-15,2021-10-01,2022-12-15,0
57934,4,True,False,ONCOR,Midland East - Spraberry 138 kV Line Rebuild,2022-06-01,2021-02-01,2022-12-15,2
62633,4,True,False,ONCOR,Install 2nd distribution transformer at Rockdale Substation,2022-12-22,2021-10-01,2022-12-15,0
60060,4,True,False,ONCOR,Add Marlin South 69 kV Cap Bank,2022-12-27,2021-10-01,2022-05-15,-2
7020,4,True,False,ONCOR,Cedar Hill - Camp Wisdom 138 kV Line,2022-12-15,2021-10-01,2022-05-15,-2
7020,8,True,False,ONCOR,Cedar Hill - Camp Wisdom 138 kV Line,2022-12-15,2020-10-01,2021-12-15,-4
7020,12,True,False,ONCOR,Cedar Hill - Camp Wisdom 138 kV Line,2022-12-15,2019-10-01,2020-12-15,-8
62638,4,True,False,ONCOR,Rebuild Trinidad (Creslenn) 69 kV Switch,2022-12-22,2021-10-01,2022-12-15,0
7115,4,True,False,ONCOR,Quarry Field - Kyle Ranch 138 kV Line,2022-12-15,2021-10-01,2022-12-15,0
7115,8,True,False,ONCOR,Quarry Field - Kyle Ranch 138 kV Line,2022-12-15,2020-10-01,2021-05-14,-6
7115,12,True,False,ONCOR,Quarry Field - Kyle Ranch 138 kV Line,2022-12-15,2019-10-01,2020-05-15,-10
62440,4,True,False,ONCOR,Ferris - Waxahachie OCF 69 kV Line,2022-11-15,2021-10-01,2022-11-15,0
62116,4,True,False,ONCOR,Upgrade Brushy Creek - Taylor 138 kV Line,2022-12-22,2021-10-01,2022-12-15,0
59765,4,True,False,ONCOR,Loy Lake 138 kV Capacitors,2022-12-15,2021-10-01,2022-05-15,-2
62143,4,True,False,ONCOR,Rebuild Taylor 138 kV Switch,2022-12-22,2021-10-01,2022-12-15,0
62641,4,True,False,ONCOR,Establish Sabana138 kV Substation,2022-11-22,2021-10-01,2022-12-15,0
62659,4,True,False,ONCOR,Upgrade Temple - Holland 69 kV Line,2022-12-22,2021-10-01,2021-12-15,-4
59402,4,True,False,ONCOR,Add Midland East Switch 345138 kV Autotransformer #2,2022-12-15,2021-10-01,2022-12-15,0
48814,4,True,False,AEP TNC,Albany Foundry to Fort Griffin: Rebuild 69 kV line,2022-12-17,2021-10-01,2022-10-31,0
48814,8,True,False,AEP TNC,Albany Foundry to Fort Griffin: Rebuild 69 kV line,2022-12-17,2020-10-01,2021-10-31,-4
48814,12,True,False,AEP TNC,Albany Foundry to Fort Griffin: Rebuild 69 kV line,2022-12-17,2019-10-01,2021-10-31,-4
59324,4,True,False,AEP TNC,Creosote: Build 138 kV Station,2022-12-20,2021-10-01,2022-11-30,0
52638,4,True,False,AEP TNC,Solanum: Build 138 kV station,2022-12-20,2021-10-01,2021-10-31,-4
52638,8,True,False,AEP TNC,Solanum: Build 138 kV station,2022-12-20,2020-10-01,2021-08-31,-5
6988,4,True,False,NBU,Sheriff's Posse Switch & Breaker Upgrades,2022-06-01,2021-02-01,2021-07-01,-4
6988,8,True,False,NBU,Sheriff's Posse Switch & Breaker Upgrades,2022-06-01,2020-02-01,2021-07-01,-4
6988,12,True,False,NBU,Sheriff's Posse Switch & Breaker Upgrades,2022-06-01,2019-06-01,2021-07-01,-4
5430G,4,True,False,DENTON,Conversion to 138kV,2018-12-11,2017-10-01,2018-12-11,0
5430G,8,True,False,DENTON,Conversion to 138kV,2018-12-11,2016-10-01,2018-12-11,0
56003F,4,True,False,CNP,Mont Belvieu Reliability Project,2022-11-06,2021-10-01,2022-12-31,0
56003F,8,True,False,CNP,Mont Belvieu Reliability Project,2022-11-06,2020-10-01,2022-12-31,0
56003C,4,True,False,CNP,Mont Belvieu Reliability Project,2022-11-04,2021-10-01,2022-12-31,0
56003C,8,True,False,CNP,Mont Belvieu Reliability Project,2022-11-04,2020-10-01,2022-12-31,0
5430J,4,True,False,DENTON,Conversion to 138kV,2018-12-11,2017-10-01,2019-07-01,2
5430J,8,True,False,DENTON,Conversion to 138kV,2018-12-11,2016-10-01,2019-07-01,2
56003A,4,True,False,CNP,Mont Belvieu Reliability Project,2022-10-07,2021-10-01,2022-12-31,0
56003A,8,True,False,CNP,Mont Belvieu Reliability Project,2022-10-07,2020-10-01,2022-12-31,0
56003B,4,True,False,CNP,Mont Belvieu Reliability Project,2022-10-07,2021-10-01,2022-12-31,0
56003B,8,True,False,CNP,Mont Belvieu Reliability Project,2022-10-07,2020-10-01,2022-12-31,0
5430I,4,True,False,DENTON,Conversion to 138kV,2018-12-11,2017-10-01,2019-03-11,1
5430I,8,True,False,DENTON,Conversion to 138kV,2018-12-11,2016-10-01,2019-03-11,1
5559,4,True,False,DENTON,Add new 138kV Bonnie Brae Substation and retire the 69kV sta,2018-12-11,2017-10-01,2018-12-11,0
5559,8,True,False,DENTON,Add new 138kV Bonnie Brae Substation and retire the 69kV sta,2018-12-11,2016-10-01,2018-12-11,0
56003E,4,True,False,CNP,Mont Belvieu Reliability Project,2022-10-19,2021-10-01,2022-12-31,0
56003E,8,True,False,CNP,Mont Belvieu Reliability Project,2022-10-19,2020-10-01,2022-12-31,0
56003D,4,True,False,CNP,Mont Belvieu Reliability Project,2022-11-04,2021-10-01,2022-12-31,0
56003D,8,True,False,CNP,Mont Belvieu Reliability Project,2022-11-04,2020-10-01,2022-12-31,0
66194,4,True,False,ONCOR,Holiday - Navy Kickapoo 69 kV Line,2023-04-01,2022-02-01,2022-12-15,-1
5461,4,True,True,DENTON,Load serving,2023-07-01,2022-06-01,2023-07-01,0
5461,8,True,True,DENTON,Load serving,2023-07-01,2021-06-01,2023-07-01,0
5461,12,True,True,DENTON,Load serving,2023-07-01,2020-06-01,2023-07-01,0
5430H,4,True,False,DME,Conversion to 138kV,2018-12-11,2017-10-01,2018-12-11,0
5430H,8,True,False,DME,Conversion to 138kV,2018-12-11,2016-10-01,2018-12-11,0
68754,4,True,False,ONCOR,Buchanan Ranch 138 kV Expansion,2023-10-15,2022-10-01,2023-12-15,0
62450,4,True,False,ONCOR,Pin Oak 138 kV Switch (Formerly Big Brown Tap),2023-05-15,2022-02-01,2022-12-15,-2
58006,4,True,False,AEP TCC,Magnolia Cap Bank,2022-12-19,2021-10-01,2022-05-31,-2
58006,8,True,False,AEP TCC,Magnolia Cap Bank,2022-12-19,2020-10-01,2022-05-31,-2
66530,4,True,False,ONCOR,Add Consavvy 345/138 kV Switch,2023-02-14,2022-02-01,2023-05-15,1
57167,4,True,False,STEC,Faysville substation conversion from 69 to 138 kV,2023-06-15,2022-06-01,2022-09-01,-3
57167,8,True,False,STEC,Faysville substation conversion from 69 to 138 kV,2023-06-15,2021-06-01,2022-06-01,-4
61875,4,True,False,CNP,Hungerford to East Bernard Ckt.60 Upgrades,2023-01-23,2021-10-01,2022-05-31,-3
59763,4,True,False,STEC,Construct three terminal 138 kV capable switching station,2023-05-15,2022-02-01,2022-07-15,-3
59763,8,True,False,STEC,Construct three terminal 138 kV capable switching station,2023-05-15,2021-02-01,2022-05-15,-4
51996,4,True,False,STEC,Rebuild Markham Tap to AEP Markham Tap,2023-06-15,2022-06-01,2022-09-16,-3
51996,8,True,False,STEC,Rebuild Markham Tap to AEP Markham Tap,2023-06-15,2021-06-01,2021-12-31,-6
51996,12,True,False,STEC,Rebuild Markham Tap to AEP Markham Tap,2023-06-15,2020-06-01,2021-02-28,-9
59518,4,True,False,ONCOR,upgrade the Desoto-Sterrett 138 kV Line,2023-01-15,2021-10-01,2022-12-15,-1
54084,4,True,False,LCRATSC,King Mountain Sub Upgrade,2023-03-01,2022-02-01,2022-03-11,-4
54084,8,True,False,LCRATSC,King Mountain Sub Upgrade,2023-03-01,2021-02-01,2022-03-11,-4
57343,4,True,False,RGEC,Rosita Creek Substation 138-kV T2 Power Transformer Addition,2023-03-01,2022-02-01,2023-03-01,0
57343,8,True,False,RGEC,Rosita Creek Substation 138-kV T2 Power Transformer Addition,2023-03-01,2021-02-01,2021-04-25,-7
61356,4,True,False,LCRATSC,Hays Energy-Henne Split Transmission Line Upgrade,2023-03-03,2021-06-01,2024-05-15,5
59265,4,True,False,ONCOR,Hurst - International Airport 138 kV Double-Circuit Line Sec,2022-12-15,2021-10-01,2022-12-15,0
7124,4,True,False,ONCOR,Flat Iron - Barr Ranch - Pegasus South 138 kV Line,2023-05-15,2022-02-01,2023-12-15,2
7124,8,True,False,ONCOR,Flat Iron - Barr Ranch - Pegasus South 138 kV Line,2023-05-15,2021-02-01,2023-05-16,0
7124,12,True,False,ONCOR,Flat Iron - Barr Ranch - Pegasus South 138 kV Line,2023-05-15,2020-02-01,2021-05-16,-8
14TPIT0010,4,True,False,ONCOR,Handley - Sherry 138 kV line,2022-12-15,2021-10-01,2022-05-15,-2
14TPIT0010,8,True,False,ONCOR,Handley - Sherry 138 kV line,2022-12-15,2020-10-01,2021-12-15,-4
14TPIT0010,12,True,False,ONCOR,Handley - Sherry 138 kV line,2022-12-15,2019-10-01,2020-12-15,-8
57645,4,True,False,CNP,Hillje 345kV Danish Fields Solar (21INR0069),2023-03-17,2022-02-01,2022-12-30,-1
57645,8,True,False,CNP,Hillje 345kV Danish Fields Solar (21INR0069),2023-03-17,2021-02-01,2021-04-30,-7
4895,4,True,False,CPS,CPSE_Capitol Cement Transmission Reconfiguration,2023-03-26,2022-02-01,2022-05-13,-3
4895,8,True,False,CPS,CPSE_Capitol Cement Transmission Reconfiguration,2023-03-26,2021-02-01,2022-01-31,-4
4895,12,True,False,CPS,CPSE_Capitol Cement Transmission Reconfiguration,2023-03-26,2020-02-01,2021-06-01,-7
50440,4,True,True,GVEC,Delhi Substation Addition,2023-03-31,2022-02-01,2022-09-30,-2
50440,8,True,True,GVEC,Delhi Substation Addition,2023-03-31,2021-02-01,2022-06-30,-3
50440,12,True,True,GVEC,Delhi Substation Addition,2023-03-31,2020-02-01,2022-06-30,-3
51734,4,True,False,GVEC,Blue Stem to Delhi Transmission Line,2023-03-31,2022-02-01,2022-09-30,-2
51734,8,True,False,GVEC,Blue Stem to Delhi Transmission Line,2023-03-31,2021-02-01,2022-06-30,-3
51734,12,True,False,GVEC,Blue Stem to Delhi Transmission Line,2023-03-31,2020-02-01,2022-06-30,-3
61436,4,True,False,LCRATSC,Bastrop West - Split Transmission Line Storm Hardening,2023-04-15,2022-02-01,2024-05-15,4
63900,4,True,False,ETT,Nebula: Build New 345 kV Station,2023-04-29,2022-02-01,2022-12-01,-2
61865,4,True,False,LCRATSC,Muldoon Substation Addition,2023-04-30,2022-02-01,2023-03-01,-1
56003G,4,True,False,CNP,Mont Belvieu Reliability Project,2023-05-04,2022-02-01,2022-12-31,-2
56003G,8,True,False,CNP,Mont Belvieu Reliability Project,2023-05-04,2021-02-01,2022-12-31,-2
66011C,4,True,False,CNP,CNP ARCHER POI for BROTMAN Power,2023-04-21,2022-02-01,2023-03-30,-1
59095,4,True,False,AEP TNC,Athey: Build 138 kV Temporary Hard Tap,2023-05-01,2022-02-01,2022-12-31,-2
59095,8,True,False,AEP TNC,Athey: Build 138 kV Temporary Hard Tap,2023-05-01,2021-02-01,2021-11-30,-6
52064,4,True,False,AEP TCC,Bay City - Lane City: 138 kV Line Rebuild,2023-05-03,2022-02-01,2023-11-01,2
52064,8,True,False,AEP TCC,Bay City - Lane City: 138 kV Line Rebuild,2023-05-03,2021-02-01,2022-04-09,-4
52064,12,True,False,AEP TCC,Bay City - Lane City: 138 kV Line Rebuild,2023-05-03,2020-02-01,2021-03-30,-9
58008,4,True,False,AEP TCC,Laredo VFT North to Las Cruces: Rebuild 138 kV Line,2023-05-04,2022-02-01,2022-05-31,-4
58008,8,True,False,AEP TCC,Laredo VFT North to Las Cruces: Rebuild 138 kV Line,2023-05-04,2021-02-01,2022-05-31,-4
45101,4,True,False,CPS,Chavaneaux_Chavaneaux Tap (Chavaneaux to Palo Alto)- 138 kV ,2023-04-21,2022-02-01,2023-06-01,0
45101,8,True,False,CPS,Chavaneaux_Chavaneaux Tap (Chavaneaux to Palo Alto)- 138 kV ,2023-04-21,2021-02-01,2023-06-01,0
45101,12,True,False,CPS,Chavaneaux_Chavaneaux Tap (Chavaneaux to Palo Alto)- 138 kV ,2023-04-21,2020-02-01,2022-06-01,-4
7161,4,True,False,AEP TCC,Naval Base to North Padre Island: Rebuild 69 kV Line  ,2023-05-11,2022-02-01,2022-04-30,-4
7161,8,True,False,AEP TCC,Naval Base to North Padre Island: Rebuild 69 kV Line  ,2023-05-11,2021-02-01,2022-04-30,-4
7161,12,True,False,AEP TCC,Naval Base to North Padre Island: Rebuild 69 kV Line  ,2023-05-11,2020-02-01,2022-04-30,-4
61591,4,True,False,LCRATSC,Sandy Creek Autotransformer Upgrade,2023-05-15,2022-02-01,2023-05-15,0
53968,4,True,False,LCRATSC,Fayetteville_Salem_TransmissionLine_Rehabilitation,2023-05-15,2022-02-01,2023-05-15,0
53968,8,True,False,LCRATSC,Fayetteville_Salem_TransmissionLine_Rehabilitation,2023-05-15,2021-02-01,2024-04-05,4
61599,4,True,False,LCRATSC,Pinto Creek Circuit Breaker Addition ,2023-05-15,2022-02-01,2022-05-18,-4
61453,4,True,False,LCRATSC,Ingram - Jack Furman Transmission Line Storm Hardening,2023-05-15,2022-02-01,2023-05-15,0
61455,4,True,False,LCRATSC,Hunt - Ingram Transmission Line Storm Hardening,2023-05-15,2022-02-01,2023-05-15,0
61440,4,True,False,LCRATSC,Harper Road - Jack Furman Transmission Line Storm Hardening,2023-05-15,2022-02-01,2023-05-15,0
59263,4,True,False,ONCOR,Weatherford Switch - Azle 138 kV Line,2023-05-01,2022-02-01,2022-12-15,-2
66196,4,True,False,ONCOR,WichitaFalls PPG Terminal Equipment,2023-05-11,2022-02-01,2023-12-15,2
63929,4,True,False,ONCOR,Buntin Drive 69 kV Substation Conversion To 138 kV,2023-05-26,2022-02-01,2023-05-15,0
62636,4,True,False,ONCOR,Rebuild Waco West (Peppervine) 138 kV Switch,2023-11-28,2022-10-01,2023-05-15,-2
62636,8,True,False,ONCOR,Rebuild Waco West (Peppervine) 138 kV Switch,2023-11-28,2021-10-01,2022-12-15,-4
62349,4,True,False,ONCOR,Rebuild Fairfield West as Ranchland 138 kV Switch,2023-05-15,2022-02-01,2023-05-15,0
61853,4,True,False,LCRATSC,LCRATSC Lampasas Substation Upgrade,2023-05-15,2022-02-01,2023-05-15,0
53958,4,True,False,LCRATSC,Fairland - Lago Vista Transmission Line Rehabilitation,2023-05-15,2022-02-01,2023-05-15,0
53958,8,True,False,LCRATSC,Fairland - Lago Vista Transmission Line Rehabilitation,2023-05-15,2021-02-01,2023-05-12,0
53999,4,True,False,LCRATSC,ElCampo - Ricebird Transmission Line Strom Hardening,2023-05-15,2022-02-01,2022-07-14,-3
53999,8,True,False,LCRATSC,ElCampo - Ricebird Transmission Line Strom Hardening,2023-05-15,2021-02-01,2023-08-21,1
62669,4,True,False,ONCOR,Pegasus South - Pleasant Farms Tap 138 kV Line Rebuild,2023-05-30,2022-02-01,2023-12-15,2
54103,4,True,False,LCRATSC,Hilltop - Strahan Transmission Line Upgrade,2023-05-15,2022-02-01,2023-05-15,0
54103,8,True,False,LCRATSC,Hilltop - Strahan Transmission Line Upgrade,2023-05-15,2021-02-01,2022-12-16,-2
66175,4,True,False,ONCOR,Liggett 138 kV Terminal Equipment,2023-05-30,2022-02-01,2023-05-15,0
54080,4,True,False,LCRATSC,Lockhart - Lulig Transmission Line Overhaul,2023-05-15,2022-02-01,2023-05-15,0
54080,8,True,False,LCRATSC,Lockhart - Lulig Transmission Line Overhaul,2023-05-15,2021-02-01,2023-05-02,0
54082,4,True,False,LCRATSC,Lockhart - Red Rock Transmission Line Overhaul,2023-05-15,2022-02-01,2023-05-15,0
54082,8,True,False,LCRATSC,Lockhart - Red Rock Transmission Line Overhaul,2023-05-15,2021-02-01,2023-05-09,0
52318,4,True,False,ONCOR,Royse Switch - Greenbriar Switch 138 kV Line,2023-09-22,2022-06-01,2023-05-15,-1
52318,8,True,False,ONCOR,Royse Switch - Greenbriar Switch 138 kV Line,2023-09-22,2021-06-01,2022-12-15,-3
52318,12,True,False,ONCOR,Royse Switch - Greenbriar Switch 138 kV Line,2023-09-22,2020-06-01,2022-05-15,-5
56350A,4,True,False,ONCOR,Burnett - Bowie 69 kV Line,2023-05-26,2022-02-01,2023-12-15,2
56350A,8,True,False,ONCOR,Burnett - Bowie 69 kV Line,2023-05-26,2021-02-01,2022-05-15,-4
4487,4,True,False,AEP TCC,Nueces Area 69kV Reinforcement,2023-05-22,2022-02-01,2022-03-31,-5
4487,8,True,False,AEP TCC,Nueces Area 69kV Reinforcement,2023-05-22,2021-02-01,2022-03-31,-5
4487,12,True,False,AEP TCC,Nueces Area 69kV Reinforcement,2023-05-22,2020-02-01,2021-01-30,-9
59452,4,True,False,AEP TCC,Air Liquide Pass Through 138 kV Station,2023-05-26,2022-02-01,2022-03-15,-5
59452,8,True,False,AEP TCC,Air Liquide Pass Through 138 kV Station,2023-05-26,2021-02-01,2022-03-15,-5
59804C,4,True,False,CNP,Jonte 138kV Switching Substation,2023-05-16,2022-02-01,2023-05-31,0
59804C,8,True,False,CNP,Jonte 138kV Switching Substation,2023-05-16,2021-02-01,2022-12-31,-2
62133,4,True,False,CNP,West Columbia to Damon Ckt.89A Thermal Uprate,2023-05-10,2022-02-01,2022-05-31,-4
66043B,4,True,False,CNP,Ckt29 THW-WhiteOak Reconductor and 138kV Conversion,2023-04-26,2022-02-01,2023-05-31,0
63971,4,True,False,CNP,Mykawa Distribution Facilities,2023-05-23,2022-02-01,2023-05-31,0
59804B,4,True,False,CNP,Jonte 138kV Switching Substation,2023-05-16,2022-02-01,2023-05-31,0
59804B,8,True,False,CNP,Jonte 138kV Switching Substation,2023-05-16,2021-02-01,2022-12-31,-2
59804A,4,True,False,CNP,Jonte 138kV Switching Substation,2023-05-16,2022-02-01,2023-05-31,0
59804A,8,True,False,CNP,Jonte 138kV Switching Substation,2023-05-16,2021-02-01,2022-12-31,-2
64505A,4,True,False,CNP,Flewellen to Peters Ckt.25E Upgrades,2023-06-23,2022-06-01,2023-05-31,0
65716A,4,True,False,CNP,Jonte Related Upgrades,2023-05-16,2022-02-01,2023-05-31,0
65716B,4,True,False,CNP,Jonte Related Upgrades,2023-05-16,2022-02-01,2023-05-31,0
66013,4,True,False,CNP,CNP WATERHOLE POI for G Star Solar,2023-05-15,2022-02-01,2023-05-31,0
61362,4,True,False,LCRATSC,Henne-River Oaks Transmission Line Upgrade,2023-06-15,2022-06-01,2024-05-15,4
61362,8,True,False,LCRATSC,Henne-River Oaks Transmission Line Upgrade,2023-06-15,2021-06-01,2024-05-15,4
57925,4,True,False,ONCOR,Midland County Northwest to Texaco Mabee Tap 138 kV Double-C,2022-12-21,2021-10-01,2022-12-15,0
57925,8,True,False,ONCOR,Midland County Northwest to Texaco Mabee Tap 138 kV Double-C,2022-12-21,2020-10-01,2022-05-15,-2
66621,4,True,False,ONCOR,Sandhills - Sandhills Tap 138 kV Line Rebuild,2023-05-30,2022-02-01,2022-12-15,-2
3505,4,True,False,GVEC,"Cibolo Substation, T3 transformer addition",2023-06-21,2022-06-01,2022-10-14,-2
3505,8,True,False,GVEC,"Cibolo Substation, T3 transformer addition",2023-06-21,2021-06-01,2022-10-14,-2
3505,12,True,False,GVEC,"Cibolo Substation, T3 transformer addition",2023-06-21,2020-06-01,2022-10-14,-2
54204,4,True,False,LCRATSC,Gonzales - Hochheim Transmission Line Overhaul,2023-06-30,2022-06-01,2023-06-30,0
54204,8,True,False,LCRATSC,Gonzales - Hochheim Transmission Line Overhaul,2023-06-30,2021-06-01,2023-06-30,0
54204,12,True,False,LCRATSC,Gonzales - Hochheim Transmission Line Overhaul,2023-06-30,2020-06-01,2023-06-30,0
61461,4,True,False,LCRATSC,Buchanan CTEC - Pitsburg Transmission Line Overhaul,2023-06-30,2022-06-01,2023-06-30,0
61461,8,True,False,LCRATSC,Buchanan CTEC - Pitsburg Transmission Line Overhaul,2023-06-30,2021-06-01,2023-06-30,0
61459,4,True,False,LCRATSC,Buchanan CTEC-Buchanan Transmission Line Overhaul,2023-06-30,2022-06-01,2023-06-30,0
61459,8,True,False,LCRATSC,Buchanan CTEC-Buchanan Transmission Line Overhaul,2023-06-30,2021-06-01,2023-06-30,0
59317,4,True,False,CNP,Deer Park Tap to Cardiff Ckt.96E Upgrades,2023-06-15,2022-06-01,2023-05-31,0
59317,8,True,False,CNP,Deer Park Tap to Cardiff Ckt.96E Upgrades,2023-06-15,2021-06-01,2022-12-31,-2
45084B,4,True,False,CPS,Braunig to Highland Rebuild,2023-04-19,2022-02-01,2024-06-01,4
45084B,8,True,False,CPS,Braunig to Highland Rebuild,2023-04-19,2021-02-01,2024-06-01,4
45084B,12,True,False,CPS,Braunig to Highland Rebuild,2023-04-19,2020-02-01,2022-06-01,-4
51736,4,True,True,GVEC,Cibolo to McQueeney Transmission Line,2023-07-28,2022-06-01,2022-12-23,-3
51736,8,True,True,GVEC,Cibolo to McQueeney Transmission Line,2023-07-28,2021-06-01,2022-12-23,-3
51736,12,True,True,GVEC,Cibolo to McQueeney Transmission Line,2023-07-28,2020-06-01,2022-12-23,-3
51841,4,True,False,GVEC,Cibolo-McQueeney Tap to Santa Clara Transmission Line Addtit,2023-07-28,2022-06-01,2022-12-23,-3
51841,8,True,False,GVEC,Cibolo-McQueeney Tap to Santa Clara Transmission Line Addtit,2023-07-28,2021-06-01,2022-12-23,-3
51841,12,True,False,GVEC,Cibolo-McQueeney Tap to Santa Clara Transmission Line Addtit,2023-07-28,2020-06-01,2022-12-23,-3
50446,4,True,True,GVEC,Santa Clara Substation Addition,2023-07-28,2022-06-01,2023-04-28,-1
50446,8,True,True,GVEC,Santa Clara Substation Addition,2023-07-28,2021-06-01,2022-12-16,-3
50446,12,True,True,GVEC,Santa Clara Substation Addition,2023-07-28,2020-06-01,2022-12-16,-3
52183,4,True,False,CNP,EXTER 69kV Substation Removal,2023-06-19,2022-06-01,2023-05-31,0
52183,8,True,False,CNP,EXTER 69kV Substation Removal,2023-06-19,2021-06-01,2022-12-30,-2
52183,12,True,False,CNP,EXTER 69kV Substation Removal,2023-06-19,2020-06-01,2022-12-30,-2
63493,4,True,False,STEC,Noelke to Schneeman Draw 2nd circuit,2023-12-05,2022-10-01,2023-05-15,-2
63493,8,True,False,STEC,Noelke to Schneeman Draw 2nd circuit,2023-12-05,2021-10-01,2023-01-15,-3
63491,4,True,False,STEC,Schneeman Draw to Big Hill 2nd circuit,2023-12-06,2022-10-01,2023-03-15,-3
63491,8,True,False,STEC,Schneeman Draw to Big Hill 2nd circuit,2023-12-06,2021-10-01,2022-10-15,-4
59398B,4,True,False,CNP,San Bernard (SAN) Sub for Brazoria County Solar (20INR0098),2023-08-10,2022-02-01,2022-05-31,-5
59398B,8,True,False,CNP,San Bernard (SAN) Sub for Brazoria County Solar (20INR0098),2023-08-10,2021-06-01,2022-05-31,-5
64572A,4,True,False,CNP,HO Clarke Bus Upgrade,2023-08-09,2022-02-01,2022-03-31,-6
64572B,4,True,False,CNP,HO Clarke Bus Upgrade,2023-08-09,2022-02-01,2022-03-31,-6
58917,4,True,False,STEC,Horizon 138 bus and line to Pearsall,2023-07-15,2022-06-01,2023-12-14,1
58917,8,True,False,STEC,Horizon 138 bus and line to Pearsall,2023-07-15,2021-06-01,2022-12-30,-3
61851,4,True,False,LCRATSC,Marion AT2 Autotransformer Upgrade,2023-08-25,2022-06-01,2023-05-15,-1
61851,8,True,False,LCRATSC,Marion AT2 Autotransformer Upgrade,2023-08-25,2021-06-01,2023-05-15,-1
5166,4,True,False,AEP TCC,Poesta to Three Rivers: Rebuild 69 kV line,2023-08-29,2022-06-01,2023-05-25,-1
5166,8,True,False,AEP TCC,Poesta to Three Rivers: Rebuild 69 kV line,2023-08-29,2021-06-01,2023-08-25,0
5166,12,True,False,AEP TCC,Poesta to Three Rivers: Rebuild 69 kV line,2023-08-29,2020-06-01,2022-08-30,-4
57890,4,True,False,AEP TCC,Brightside Permanent Connection,2023-08-30,2022-06-01,2022-12-11,-3
57890,8,True,False,AEP TCC,Brightside Permanent Connection,2023-08-30,2021-06-01,2022-12-11,-3
57731B,4,True,True,LCRATSC,Hornsby Substation Addition,2023-09-29,2022-06-01,2023-03-30,-2
57731B,8,True,True,LCRATSC,Hornsby Substation Addition,2023-09-29,2021-06-01,2023-04-30,-1
71161,4,True,False,ONCOR,Haggerty-Anna and Haggerty-Stone Creek 138 kV Lines,2023-10-03,2022-10-01,2023-10-15,0
69475,4,True,False,AEP TCC,Wormser Road: Install cap bank,2023-10-30,2022-10-01,2024-05-31,2
69007,4,True,False,ETT,Tiempo: Build new 345 kV station,2023-10-30,2022-10-01,2023-05-12,-2
43460,4,True,False,CNP,Moody to Stewart Ckt.63 Upgrades P1016,2023-10-31,2022-06-01,2022-06-30,-6
43460,8,True,False,CNP,Moody to Stewart Ckt.63 Upgrades P1016,2023-10-31,2021-10-01,2022-03-31,-7
43460,12,True,False,CNP,Moody to Stewart Ckt.63 Upgrades P1016,2023-10-31,2020-10-01,2022-12-30,-4
64999C,4,True,False,CNP,PH Robinson to LaMarque Ckt.93B Upgrades,2023-09-29,2022-06-01,2023-05-31,-1
57350,4,True,False,BBEC,Lyons to Gay Hill T-line pole change out and reconductor,2023-10-31,2022-10-01,2023-10-31,0
57350,8,True,False,BBEC,Lyons to Gay Hill T-line pole change out and reconductor,2023-10-31,2021-10-01,2023-10-31,0
57350,12,True,False,BBEC,Lyons to Gay Hill T-line pole change out and reconductor,2023-10-31,2020-10-01,2021-02-28,-11
59804D,4,True,False,CNP,Jonte 138kV Switching Substation,2023-10-19,2022-10-01,2023-05-31,-2
59804D,8,True,False,CNP,Jonte 138kV Switching Substation,2023-10-19,2021-10-01,2022-12-31,-4
64999A,4,True,False,CNP,PH Robinson to LaMarque Ckt.93B Upgrades,2023-09-29,2022-06-01,2023-05-31,-1
59804E,4,True,False,CNP,Jonte 138kV Switching Substation,2023-10-19,2022-10-01,2023-05-31,-2
59804E,8,True,False,CNP,Jonte 138kV Switching Substation,2023-10-19,2021-10-01,2022-12-31,-4
64999B,4,True,False,CNP,PH Robinson to LaMarque Ckt.93B Upgrades,2023-09-29,2022-06-01,2023-05-31,-1
68673,4,True,False,TNMP,Reconductor TNMP Wink-Oncor Wink Ckt 2,2023-09-30,2022-06-01,2023-03-01,-2
5165,4,True,False,AEP TCC,Poesta: Construct a new 138/69 kV station,2023-11-02,2022-10-01,2023-08-01,-1
5165,8,True,False,AEP TCC,Poesta: Construct a new 138/69 kV station,2023-11-02,2021-10-01,2023-05-25,-2
5165,12,True,False,AEP TCC,Poesta: Construct a new 138/69 kV station,2023-11-02,2020-10-01,2022-08-30,-5
67917,4,True,False,AEP TCC,Brackettville and Hamilton Road Relay Upgrades for Pinto Cre,2023-11-15,2022-10-01,2023-08-25,-1
45399,4,True,False,WETT/ONCOR,Bearkat Loop - Bearkat to Longshore,2023-11-07,2022-10-01,2023-05-31,-2
45399,8,True,False,WETT/ONCOR,Bearkat Loop - Bearkat to Longshore,2023-11-07,2021-10-01,2022-09-30,-5
45399,12,True,False,WETT/ONCOR,Bearkat Loop - Bearkat to Longshore,2023-11-07,2020-10-01,2022-03-31,-7
69005,4,True,False,ETT,Rapido: Build new 345 kV station,2023-11-17,2022-10-01,2023-11-17,0
64491,4,True,False,CNP,Bellaire to Smithers Ckt.98A Upgrade,2023-11-13,2022-10-01,2023-05-31,-2
64491,8,True,False,CNP,Bellaire to Smithers Ckt.98A Upgrade,2023-11-13,2021-10-01,2023-05-31,-2
4567,4,True,False,BRYN,BRYN_4567_Smetana_to_Leonard,2023-08-28,2022-06-01,2023-05-01,-1
4567,8,True,False,BRYN,BRYN_4567_Smetana_to_Leonard,2023-08-28,2021-06-01,2022-05-05,-5
4567,12,True,False,BRYN,BRYN_4567_Smetana_to_Leonard,2023-08-28,2020-06-01,2021-05-05,-9
67987,4,True,False,CNP,BIGVUE to Channelview Relay Upgrades,2023-11-20,2022-10-01,2023-05-31,-2
66368,4,True,False,TNMP,Rebuild West Columbia Main - Brazoria 138kV with 795 ACSS,2023-12-18,2022-10-01,2023-12-01,0
66198,4,True,False,TNMP,Rebuild West Columbia Main-CNP West Columbia with bundled 79,2023-09-25,2022-06-01,2023-12-01,1
64754,4,True,False,CPS,nan,2023-12-07,2022-10-01,2023-09-28,-1
64754,8,True,False,CPS,nan,2023-12-07,2021-10-01,2023-09-28,-1
69002,4,True,False,ETT,Pronto: Build new 345 kV station,2023-12-08,2022-10-01,2023-10-27,0
55299,4,True,False,AEP TNC,Munday to Throckmorton: Rebuild 69 kV line,2023-12-14,2022-10-01,2024-12-01,4
55299,8,True,False,AEP TNC,Munday to Throckmorton: Rebuild 69 kV line,2023-12-14,2021-10-01,2023-11-30,0
55299,12,True,False,AEP TNC,Munday to Throckmorton: Rebuild 69 kV line,2023-12-14,2020-10-01,2023-11-30,0
66571,4,True,False,ONCOR,Texaco Mabee Tap - Midland East 138 kV Line Rebuild,2023-12-15,2022-10-01,2023-12-15,0
68793,4,True,False,ONCOR,Expanse 345/138 kV Switch,2023-12-15,2022-10-01,2023-05-15,-2
59835,4,True,False,ONCOR,Royse Switch-Terrell Switch 69 kV Line Conversion to 138 kV,2023-12-11,2022-10-01,2023-12-15,0
59835,8,True,False,ONCOR,Royse Switch-Terrell Switch 69 kV Line Conversion to 138 kV,2023-12-11,2021-10-01,2022-12-15,-4
66186,4,True,False,ONCOR,Carrollton Northwest - Carrollton East 138 kV Line,2023-12-21,2022-10-01,2023-05-15,-2
68968,4,True,False,ETT,North Edinburg to Pomelo: Build new 345 kV line,2023-12-15,2022-10-01,2023-12-15,0
64484,4,True,False,RCEC,Cumby_Kiowa Conversion,2023-05-03,2022-02-01,2023-05-16,0
63933,4,True,False,ONCOR,Cedar Crest 69 kV Substation Conversion To 138 kV,2023-05-15,2022-02-01,2023-05-16,0
64382,4,True,False,ONCOR,Bowman Auto 1 Upgrade,2023-12-15,2022-10-01,2023-12-15,0
64382,8,True,False,ONCOR,Bowman Auto 1 Upgrade,2023-12-15,2021-10-01,2023-05-15,-2
59745,4,True,False,ONCOR,Royse Switch - Oates (GP&L) 138 kV Line,2023-12-15,2022-10-01,2023-05-15,-2
59745,8,True,False,ONCOR,Royse Switch - Oates (GP&L) 138 kV Line,2023-12-15,2021-10-01,2022-12-15,-4
62436,4,True,False,ONCOR,Cedar Hill - Desoto Hampton Road 138 kV Line,2023-12-19,2022-10-01,2023-05-15,-2
62436,8,True,False,ONCOR,Cedar Hill - Desoto Hampton Road 138 kV Line,2023-12-19,2021-10-01,2022-12-15,-4
50896,4,True,False,AEP TNC,Garnet: Build new 138 kV station,2023-12-15,2022-10-01,2023-11-23,0
50896,8,True,False,AEP TNC,Garnet: Build new 138 kV station,2023-12-15,2021-10-01,2022-12-31,-4
50896,12,True,False,AEP TNC,Garnet: Build new 138 kV station,2023-12-15,2020-10-01,2021-02-28,-11
69417,4,True,False,ONCOR,Crater Rock 138 kV Switch,2023-12-14,2022-10-01,2022-12-15,-4
64856,4,True,False,ETT/SHARYLAND,North Edinburg to Palmito: Build second circuit 345 kV line,2023-12-15,2022-10-01,2024-05-19,2
64856,8,True,False,ETT/SHARYLAND,North Edinburg to Palmito: Build second circuit 345 kV line,2023-12-15,2021-10-01,2024-07-23,3
66006,4,True,False,ONCOR,Sherry 138 KV Switch Terminal Equipment,2023-10-15,2022-10-01,2023-05-15,-2
71180,4,True,False,ONCOR,Hutto - Brushy Creek 138 kV Line,2023-12-15,2022-10-01,2024-05-15,2
68761,4,True,False,ONCOR,Blue Acres - South Midland 138 kV Line,2023-08-31,2022-06-01,2023-11-15,1
68768,4,True,False,ONCOR,Buffalo - Triangle 138 kV Line,2023-09-30,2022-06-01,2023-10-15,1
71164,4,True,False,ONCOR,Haggerty-Bells 138 kV Line Section,2023-12-12,2022-10-01,2023-10-16,0
62041,4,True,False,CNP,Twinwood 138kV Distribution Substation,2023-11-14,2022-10-01,2023-05-31,-2
62041,8,True,False,CNP,Twinwood 138kV Distribution Substation,2023-11-14,2021-10-01,2023-05-31,-2
70596,4,True,False,LCRATSC,LCRATSC_CraneEast_CB_Sub_Upgrade,2023-12-31,2022-10-01,2023-05-15,-2
66050,4,True,False,CNP,138 kV Fulshear Distribution Substation,2023-12-15,2022-10-01,2023-12-31,0
70194,4,True,False,LCRATSC,LCRATSC_Hallettsville_Mont_TL_Overhaul,2023-12-31,2022-10-01,2025-05-15,6
66011B,4,True,False,CNP,CNP ARCHER POI for BROTMAN Power,2023-03-04,2022-02-01,2023-03-30,0
66292,4,True,False,ETT,Salvare: Build 345 kV station,2023-04-06,2022-02-01,2023-02-28,-1
52260,4,True,False,BEPC,India to DWU Rebuild,2023-08-31,2022-06-01,2024-01-01,1
52260,8,True,False,BEPC,India to DWU Rebuild,2023-08-31,2021-06-01,2024-01-01,1
52260,12,True,False,BEPC,India to DWU Rebuild,2023-08-31,2020-06-01,2024-01-01,1
62728,4,True,False,ONCOR,Wink - Shifting Sands 69 kV Line Conversion to 138 kV,2023-12-15,2022-10-01,2022-12-15,-4
62728,8,True,False,ONCOR,Wink - Shifting Sands 69 kV Line Conversion to 138 kV,2023-12-15,2021-10-01,2022-12-15,-4
61516,4,True,False,ONCOR,Blissard - East Stiles 138 kV Line Section,2023-06-29,2022-06-01,2023-05-15,0
61516,8,True,False,ONCOR,Blissard - East Stiles 138 kV Line Section,2023-06-29,2021-06-01,2023-05-15,0
59552,4,True,False,ONCOR,Rebuild Eskota - Sweetwater No.2 69 kV Line,2023-05-30,2022-02-01,2022-12-15,-2
59552,8,True,False,ONCOR,Rebuild Eskota - Sweetwater No.2 69 kV Line,2023-05-30,2021-02-01,2022-05-15,-4
57521B,4,True,False,CNP,Stone Lake New Sub Ckt66,2022-11-07,2021-10-01,2023-05-31,2
57521B,8,True,False,CNP,Stone Lake New Sub Ckt66,2022-11-07,2020-10-01,2023-05-31,2
64589,4,True,False,CNP,Jeanetta Auto A3 Upgrade,2023-01-12,2021-10-01,2023-05-31,1
61519,4,True,False,ONCOR,Salt Flat Road - Skywest 138 kV Line Rebuild,2023-12-21,2022-02-01,2022-05-15,-6
61519,8,True,False,ONCOR,Salt Flat Road - Skywest 138 kV Line Rebuild,2023-12-21,2021-10-01,2022-05-15,-6
52322,4,True,False,ONCOR,Establish Courtney Creek Switch,2023-05-23,2022-02-01,2022-12-16,-2
52322,8,True,False,ONCOR,Establish Courtney Creek Switch,2023-05-23,2021-02-01,2021-12-16,-6
52322,12,True,False,ONCOR,Establish Courtney Creek Switch,2023-05-23,2020-02-01,2021-05-16,-8
66178,4,True,False,ONCOR,Centerville Switch - Centerville Road - Lake Hubbard Switch ,2023-12-05,2022-10-01,2023-05-15,-2
62327,4,True,False,ONCOR,Upgrade Fairfield West - Big Brown Tap 138 kV Line,2023-12-15,2022-10-01,2023-12-15,0
62327,8,True,False,ONCOR,Upgrade Fairfield West - Big Brown Tap 138 kV Line,2023-12-15,2021-10-01,2023-05-15,-2
67933,4,True,False,CNP,Springwood & Rayford Substation Upgrades,2023-12-12,2022-10-01,2023-05-31,-2
70665B,4,True,False,CNP,Danek (DNK) CEHE Substation for Remy Jade - 23INR0339,2023-11-20,2022-10-01,2024-01-31,1
69908,4,True,False,TNMP,Install 138kV Capacitor Bank at FM524,2023-12-20,2022-10-01,2023-12-01,0
66074,4,True,False,TNMP,Double ckt Soaptree-Holiday-AlamoSt,2023-12-13,2022-10-01,2023-06-01,-2
67270E,4,True,False,CNP,BP23 Reliability Upgrades,2023-10-31,2022-10-01,2023-05-31,-2
67270D,4,True,False,CNP,BP23 Reliability Upgrades,2023-12-14,2022-10-01,2023-05-31,-2
67270B,4,True,False,CNP,BP23 Reliability Upgrades,2023-10-16,2022-10-01,2023-05-31,-2
67270A,4,True,False,CNP,BP23 Reliability Upgrades,2023-11-30,2022-10-01,2023-05-31,-2
64493,4,True,False,CNP,Bellaire to WAP Ckt.50A Upgrade,2023-10-16,2022-10-01,2023-05-31,-2
64493,8,True,False,CNP,Bellaire to WAP Ckt.50A Upgrade,2023-10-16,2021-10-01,2023-05-31,-2
67422A,4,True,False,CNP,Greens Bayou to Clinton 138kV Conversion,2023-08-09,2022-06-01,2023-05-31,-1
66221J,4,True,False,CNP,Galena Park Area Conversion Project,2023-12-16,2022-10-01,2023-05-31,-2
68804,4,True,False,ONCOR,Loop Nine 345/138 kV Switch,2023-06-05,2022-06-01,2023-12-15,2
66011A,4,True,False,CNP,CNP ARCHER POI for BROTMAN Power,2023-03-04,2022-02-01,2023-03-29,0
56012,4,True,False,CNP,PSARCO Fault Duty Upgrade with Bus Reactors,2023-07-12,2022-06-01,2022-12-31,-3
56012,8,True,False,CNP,PSARCO Fault Duty Upgrade with Bus Reactors,2023-07-12,2021-06-01,2021-12-31,-7
56012,12,True,False,CNP,PSARCO Fault Duty Upgrade with Bus Reactors,2023-07-12,2020-06-01,2020-12-31,-11
70623D,4,True,False,CNP,Cottonwood Bayou - Related Upgrades,2023-12-20,2022-10-01,2024-03-31,1
66017A,4,True,False,CNP,Westpark Area Upgrades,2023-06-30,2022-06-01,2023-05-31,0
65704,4,True,False,CNP,Crosby 35kV Distribution Substation,2023-06-24,2022-06-01,2023-05-31,0
66017B,4,True,False,CNP,Westpark Area Upgrades,2023-09-18,2022-06-01,2023-05-31,-1
45689,4,True,False,ONCOR,Pronghorn - Salt Flat Road 138 kV Line,2023-12-08,2022-10-01,2023-12-15,0
69352,4,True,False,ONCOR,Pebble Creek - Desoto 138 kV Line,2023-06-05,2022-06-01,2024-05-15,4
59525,4,True,False,ONCOR,Cedar Crest Switch - Wall Street 69 kV Line Section Conversi,2023-12-15,2022-10-01,2023-12-16,0
59525,8,True,False,ONCOR,Cedar Crest Switch - Wall Street 69 kV Line Section Conversi,2023-12-15,2021-10-01,2023-05-15,-2
64505B,4,True,False,CNP,Flewellen to Peters Ckt.25E Upgrades,2023-06-23,2022-06-01,2023-05-31,0
66046,4,True,False,CNP,Ckt09 Zenith-VillageCreek Reconfigurations,2023-02-28,2022-02-01,2023-05-31,1
63834A,4,True,False,CNP,Alvin Area 138kV Conversions,2023-04-26,2022-02-01,2023-12-31,2
63834B,4,True,False,CNP,Alvin Area 138kV Conversions,2023-04-26,2022-02-01,2023-12-31,2
63834C,4,True,False,CNP,Alvin Area 138kV Conversions,2023-04-26,2022-02-01,2023-12-31,2
63834D,4,True,False,CNP,Alvin Area 138kV Conversions,2023-04-26,2022-02-01,2023-12-31,2
66192,4,True,False,AEP TNC,Abilene NW: Build 138 kV terminal,2023-06-30,2022-06-01,2023-04-30,0
63964,4,True,False,AEP TNC,Bronco: Build new 69 kV Terminal,2023-09-13,2022-06-01,2023-03-31,-2
11TPIT0008,4,True,False,AEN,RAINEY_ST 138kV substation,2023-09-29,2022-06-01,2022-09-30,-4
11TPIT0008,8,True,False,AEN,RAINEY_ST 138kV substation,2023-09-29,2021-06-01,2022-06-01,-5
11TPIT0008,12,True,False,AEN,RAINEY_ST 138kV substation,2023-09-29,2020-06-01,2022-06-01,-5
5430N,4,True,False,DME,Conversion to 138kV,2019-07-01,2018-06-01,2019-07-01,0
5430N,8,True,False,DME,Conversion to 138kV,2019-07-01,2017-06-01,2019-07-01,0
5430N,12,True,False,DME,Conversion to 138kV,2019-07-01,2016-06-01,2019-07-01,0
61138,4,True,False,AEN,Bergstrom Sub Cap Addition,2023-12-07,2022-10-01,2023-06-01,-2
61138,8,True,False,AEN,Bergstrom Sub Cap Addition,2023-12-07,2021-10-01,2023-06-01,-2
54521,4,True,False,BEPC,Hilltop_Weatherford_Rebuild,2023-05-24,2022-02-01,2024-12-26,6
54521,8,True,False,BEPC,Hilltop_Weatherford_Rebuild,2023-05-24,2021-02-01,2024-12-26,6
52688,4,True,False,CNP,Angleton Substation Expansion,2022-12-08,2021-10-01,2022-07-31,-1
52688,8,True,False,CNP,Angleton Substation Expansion,2022-12-08,2020-10-01,2021-03-30,-7
57521C,4,True,False,CNP,Stone Lake New Sub Ckt66,2022-11-07,2021-10-01,2023-05-31,2
57521C,8,True,False,CNP,Stone Lake New Sub Ckt66,2022-11-07,2020-10-01,2023-05-31,2
57521D,4,True,False,CNP,Stone Lake New Sub Ckt66,2022-11-07,2021-10-01,2023-05-31,2
57521D,8,True,False,CNP,Stone Lake New Sub Ckt66,2022-11-07,2020-10-01,2023-05-31,2
5206,4,True,False,AEP TCC,Brackettville to Escondido: Construct 138 kV line,2023-12-21,2022-10-01,2024-02-01,1
5206,8,True,False,AEP TCC,Brackettville to Escondido: Construct 138 kV line,2023-12-21,2021-10-01,2023-07-30,-1
5206,12,True,False,AEP TCC,Brackettville to Escondido: Construct 138 kV line,2023-12-21,2020-10-01,2023-07-30,-1
69221,4,True,False,AEP TCC,Rebuild 69 kV Line from Blessings to Palacios,2023-11-16,2022-10-01,2023-05-31,-2
4495,4,True,False,AEP TCC,Champlin: Station Reconfigure,2023-03-19,2022-02-01,2022-03-31,-4
4495,8,True,False,AEP TCC,Champlin: Station Reconfigure,2023-03-19,2021-02-01,2022-03-31,-4
4495,12,True,False,AEP TCC,Champlin: Station Reconfigure,2023-03-19,2020-02-01,2021-01-30,-8
69481,4,True,False,AEP TCC,Resaca: Install Cap Bank,2023-12-15,2022-10-01,2023-04-01,-3
67913,4,True,False,AEP TCC,Pomelo: Build new 345 kV terminal,2023-12-20,2022-10-01,2023-09-05,-1
50872,4,True,False,AEP TCC,Structure 25/7 - Medio Creek: Rebuild 138 kV Line,2023-12-23,2022-10-01,2022-12-15,-4
50872,8,True,False,AEP TCC,Structure 25/7 - Medio Creek: Rebuild 138 kV Line,2023-12-23,2021-10-01,2023-01-31,-3
50872,12,True,False,AEP TCC,Structure 25/7 - Medio Creek: Rebuild 138 kV Line,2023-12-23,2020-10-01,2023-01-31,-3
59088,4,True,False,AEP TCC,Alice - Falfurrias: Line Rebuild,2023-05-16,2022-02-01,2022-04-30,-4
59088,8,True,False,AEP TCC,Alice - Falfurrias: Line Rebuild,2023-05-16,2021-02-01,2022-04-30,-4
57908,4,True,False,AEP TCC,North Edinburg:138 kV Station Work,2023-12-20,2022-10-01,2023-05-30,-2
57908,8,True,False,AEP TCC,North Edinburg:138 kV Station Work,2023-12-20,2021-10-01,2021-11-30,-8
57908,12,True,False,AEP TCC,North Edinburg:138 kV Station Work,2023-12-20,2020-10-01,2021-11-30,-8
50882,4,True,False,AEP TCC,Lon Hill to Structure 25/4: Rebuild 138 kV Line,2023-12-23,2022-10-01,2023-05-01,-2
50882,8,True,False,AEP TCC,Lon Hill to Structure 25/4: Rebuild 138 kV Line,2023-12-23,2021-10-01,2023-11-30,0
50882,12,True,False,AEP TCC,Lon Hill to Structure 25/4: Rebuild 138 kV Line,2023-12-23,2020-10-01,2023-11-30,0
50160,4,True,False,AEP TCC,Beeville to Goliad: Rebuild 69 kV Line,2022-10-31,2021-10-01,2023-10-31,4
50160,8,True,False,AEP TCC,Beeville to Goliad: Rebuild 69 kV Line,2022-10-31,2020-10-01,2021-11-30,-4
50160,12,True,False,AEP TCC,Beeville to Goliad: Rebuild 69 kV Line,2022-10-31,2019-10-01,2021-11-30,-4
5621,4,True,False,AEP TCC,South McAllen-Bentsen and North Edinburg-West Edinburg 138 k,2023-01-25,2021-10-01,2022-04-07,-3
5621,8,True,False,AEP TCC,South McAllen-Bentsen and North Edinburg-West Edinburg 138 k,2023-01-25,2020-10-01,2022-04-07,-3
5621,12,True,False,AEP TCC,South McAllen-Bentsen and North Edinburg-West Edinburg 138 k,2023-01-25,2019-10-01,2020-06-30,-11
66128,4,True,False,AEP TCC,Clarkwood: Build new 138 kV terminal,2023-10-25,2022-10-01,2023-08-03,-1
59409,4,True,False,ONCOR,Centralia 138 kV Capacitors,2024-06-24,2022-02-01,2022-05-15,-8
59409,8,True,False,ONCOR,Centralia 138 kV Capacitors,2024-06-24,2022-02-01,2022-05-15,-8
59409,12,True,False,ONCOR,Centralia 138 kV Capacitors,2024-06-24,2021-06-01,2022-05-15,-8
61400,4,True,False,LCRATSC,Esperanza-Fair Oaks Transmission Line Upgrade,2024-02-29,2023-02-01,2024-05-15,1
61400,8,True,False,LCRATSC,Esperanza-Fair Oaks Transmission Line Upgrade,2024-02-29,2021-06-01,2024-05-15,1
7013,4,True,False,CNP,NASA Substation Upgrades,2024-10-31,2023-10-01,2023-10-31,-4
7013,8,True,False,CNP,NASA Substation Upgrades,2024-10-31,2022-10-01,2023-05-31,-6
7013,12,True,False,CNP,NASA Substation Upgrades,2024-10-31,2021-10-01,2022-08-31,-9
69552A,4,True,False,ONCOR,Teal 345/138 kV Switch connected to LCRA POI (Limmer),2024-05-15,2022-10-01,2023-12-15,-2
57412,4,True,False,CNP,GENRAL Substation Removal,2024-01-22,2022-10-01,2023-12-31,-1
57412,8,True,False,CNP,GENRAL Substation Removal,2024-01-22,2021-10-01,2023-12-30,-1
71193,4,True,False,ONCOR,Blue Acres - Yosemite 138 kV Line,2024-02-09,2023-02-01,2023-12-15,-1
61438,4,True,False,LCRATSC,Sim Gideon - Tahitian Village Transmission Line Storm Harden,2024-05-09,2023-02-01,2024-05-15,0
61438,8,True,False,LCRATSC,Sim Gideon - Tahitian Village Transmission Line Storm Harden,2024-05-09,2022-02-01,2024-05-15,0
64774,4,True,False,CPS,nan,2024-02-01,2022-10-01,2023-09-28,-2
64774,8,True,False,CPS,nan,2024-02-01,2021-10-01,2023-09-28,-2
48587,4,True,False,ONCOR,Tesoro 345/138 kV Switch,2024-02-05,2023-02-01,2023-12-15,-1
67217B,4,True,False,CNP,Addicks to Campbell Ckts 09 & 21 Upgrades,2024-01-04,2022-10-01,2023-05-31,-3
67217A,4,True,False,CNP,Addicks to Campbell Ckts 09 & 21 Upgrades,2024-01-04,2022-10-01,2023-05-31,-3
63495,4,True,False,STEC,Cedar Canyon to Noelke 2nd circuit,2024-02-13,2023-02-01,2023-07-01,-3
63495,8,True,False,STEC,Cedar Canyon to Noelke 2nd circuit,2024-02-13,2022-02-01,2023-03-15,-4
69888B,4,True,False,CNP,Deepwater to Clinton Ckts.33B-33C Line Upgrades,2024-01-11,2022-10-01,2023-05-31,-3
71196,4,True,False,ONCOR,Grey Well Draw - Pecan Grove 138 kV Line,2024-02-05,2023-02-01,2023-12-15,-1
66532,4,True,False,ONCOR,Grey Well Draw - Pronghorn 138 kV Line Rebuild,2024-02-05,2023-02-01,2023-12-15,-1
66532,8,True,False,ONCOR,Grey Well Draw - Pronghorn 138 kV Line Rebuild,2024-02-05,2022-02-01,2023-05-15,-3
70623C,4,True,False,CNP,Cottonwood Bayou - Related Upgrades,2024-05-24,2023-05-12,2024-03-31,-1
66221E,4,True,False,CNP,Galena Park Area Conversion Project,2024-02-08,2023-02-01,2023-05-31,-3
66221E,8,True,False,CNP,Galena Park Area Conversion Project,2024-02-08,2022-02-01,2023-05-31,-3
6931,4,True,False,STEC,New Tres Lagos Substation,2024-05-15,2023-05-12,2023-11-01,-2
6931,8,True,False,STEC,New Tres Lagos Substation,2024-05-15,2022-02-01,2023-05-15,-4
6931,12,True,False,STEC,New Tres Lagos Substation,2024-05-15,2021-02-01,2021-06-01,-12
61457,4,True,False,LCRATSC,Nada - Ricebird Transmission Line Overhaul,2024-02-02,2023-02-01,2024-05-15,1
61457,8,True,False,LCRATSC,Nada - Ricebird Transmission Line Overhaul,2024-02-02,2022-02-01,2024-05-15,1
68974,4,True,False,STEC,Second circuit from San Miguel to Fowlerton 345 kV,2024-05-01,2023-02-01,2023-09-01,-3
66124,4,True,False,AEP TCC,Prarie Swiitch Wind Interconnect,2024-02-14,2023-02-01,2023-07-06,-2
66124,8,True,False,AEP TCC,Prarie Swiitch Wind Interconnect,2024-02-14,2022-02-01,2023-04-17,-3
64310,4,True,False,ONCOR,Cumby-Cumby Tap Line Conversion,2024-03-11,2023-02-01,2023-12-15,-1
64310,8,True,False,ONCOR,Cumby-Cumby Tap Line Conversion,2024-03-11,2022-02-01,2023-05-15,-3
52147,4,True,False,BEPC,Rising Star Area Conversions,2024-02-29,2023-02-01,2023-09-01,-2
52147,8,True,False,BEPC,Rising Star Area Conversions,2024-02-29,2022-02-01,2023-09-01,-2
52147,12,True,False,BEPC,Rising Star Area Conversions,2024-02-29,2021-02-01,2023-09-01,-2
65003,4,True,False,CNP,WA Parish to Nash Ckt.02B Upgrades,2024-02-06,2023-02-01,2023-06-30,-3
65003,8,True,False,CNP,WA Parish to Nash Ckt.02B Upgrades,2024-02-06,2022-02-01,2023-05-31,-3
66221A,4,True,False,CNP,Galena Park Area Conversion Project,2024-02-08,2023-02-01,2023-05-31,-3
66221A,8,True,False,CNP,Galena Park Area Conversion Project,2024-02-08,2022-02-01,2023-05-31,-3
66221B,4,True,False,CNP,Galena Park Area Conversion Project,2024-02-08,2023-02-01,2023-05-31,-3
66221B,8,True,False,CNP,Galena Park Area Conversion Project,2024-02-08,2022-02-01,2023-05-31,-3
66221C,4,True,False,CNP,Galena Park Area Conversion Project,2024-02-08,2023-02-01,2023-05-31,-3
66221C,8,True,False,CNP,Galena Park Area Conversion Project,2024-02-08,2022-02-01,2023-05-31,-3
66221D,4,True,False,CNP,Galena Park Area Conversion Project,2024-02-08,2023-02-01,2023-05-31,-3
66221D,8,True,False,CNP,Galena Park Area Conversion Project,2024-02-08,2022-02-01,2023-05-31,-3
66221F,4,True,False,CNP,Galena Park Area Conversion Project,2024-02-15,2023-02-01,2023-11-30,-1
66221F,8,True,False,CNP,Galena Park Area Conversion Project,2024-02-15,2022-02-01,2023-05-31,-3
66221H,4,True,False,CNP,Galena Park Area Conversion Project,2024-02-08,2023-02-01,2023-05-31,-3
66221H,8,True,False,CNP,Galena Park Area Conversion Project,2024-02-08,2022-02-01,2023-05-31,-3
62712,4,True,False,ONCOR,Driver - Skywest 138 kV Line Rebuild,2024-06-01,2023-05-12,2023-12-15,-2
62712,8,True,False,ONCOR,Driver - Skywest 138 kV Line Rebuild,2024-06-01,2022-06-01,2023-12-15,-2
62712,12,True,False,ONCOR,Driver - Skywest 138 kV Line Rebuild,2024-06-01,2021-06-01,2022-05-15,-8
70964,4,True,False,WETT,WETT 345 kV Volta witch,2024-06-04,2023-05-12,2024-01-31,-1
71190,4,True,False,ONCOR,Einstein - St Lawrence 138 kV Line,2024-03-18,2023-02-01,2023-12-15,-1
66635,4,True,False,ONCOR,Lamesa 69 kV Substation Conversion to 138 kV,2024-03-09,2023-02-01,2023-06-15,-3
66635,8,True,False,ONCOR,Lamesa 69 kV Substation Conversion to 138 kV,2024-03-09,2022-02-01,2023-05-15,-3
70665A,4,True,False,CNP,Danek (DNK) CEHE Substation for Remy Jade - 23INR0339,2024-03-14,2023-02-01,2024-01-31,0
55464,4,True,False,STEC,Adds new Morrow sub near Pearsall,2024-06-18,2023-05-12,2023-12-01,-2
55464,8,True,False,STEC,Adds new Morrow sub near Pearsall,2024-06-18,2022-06-01,2023-05-28,-4
55464,12,True,False,STEC,Adds new Morrow sub near Pearsall,2024-06-18,2021-06-01,2022-03-30,-9
52169,4,True,False,BEPC,Rising Star Area Conversions,2024-05-16,2023-05-12,2023-10-01,-3
52169,8,True,False,BEPC,Rising Star Area Conversions,2024-05-16,2022-02-01,2023-10-01,-3
52169,12,True,False,BEPC,Rising Star Area Conversions,2024-05-16,2021-02-01,2023-10-01,-3
68229,4,True,False,AEP TNC,Penumbra: Build new 345 kV Station,2024-04-11,2023-02-01,2023-11-15,-2
57169,4,True,False,STEC,Rebuild Redgate to N Edinburg 138 kV ,2024-05-22,2023-05-12,2023-11-01,-2
57169,8,True,False,STEC,Rebuild Redgate to N Edinburg 138 kV ,2024-05-22,2022-02-01,2023-04-01,-5
57169,12,True,False,STEC,Rebuild Redgate to N Edinburg 138 kV ,2024-05-22,2021-02-01,2022-12-01,-6
67604,4,True,True,CNP,Stafford Reconfigurations Ckt.05D,2024-02-06,2023-02-01,2023-05-31,-3
70961A,4,True,False,CNP,Crosby Sub Exp for HOLY/Citadel BESS and Upgrades,2024-02-05,2023-02-01,2024-02-29,0
69894,4,True,False,CNP,HO Clarke Substation Expansion for Callisto Energy Center (2,2024-05-01,2023-02-01,2023-08-31,-3
55572,4,True,False,AEP TNC,Burma to Sterling City: Rebuild 69 kV Line,2024-05-01,2023-02-01,2024-05-31,0
55572,8,True,False,AEP TNC,Burma to Sterling City: Rebuild 69 kV Line,2024-05-01,2022-02-01,2024-05-31,0
55572,12,True,False,AEP TNC,Burma to Sterling City: Rebuild 69 kV Line,2024-05-01,2021-02-01,2024-05-31,0
68055,4,True,True,STEC,Rio Colorado substation,2024-02-01,2022-10-01,2023-10-07,-1
56350C,4,True,False,ONCOR,Burnett - Bowie 69 kV Line,2024-06-15,2023-05-12,2024-05-15,0
56350B,4,True,False,ONCOR,Burnett - Bowie 69 kV Line,2024-06-15,2023-05-12,2023-12-15,-2
56350B,8,True,False,ONCOR,Burnett - Bowie 69 kV Line,2024-06-15,2022-06-01,2022-12-15,-6
56350B,12,True,False,ONCOR,Burnett - Bowie 69 kV Line,2024-06-15,2021-06-01,2023-05-15,-4
68797,4,True,False,ONCOR,Morgan Creek - Barber Lake East 138 kV Line,2024-05-22,2023-05-12,2024-05-15,0
71973,4,True,False,ONCOR,Morgan Creek - Barber Lake Rebuild West Ckt,2024-05-22,2023-05-12,2024-12-15,2
70900A,4,True,False,ONCOR,Roanoke Area Upgrades,2024-05-15,2023-05-12,2024-05-15,0
71898,4,True,False,ONCOR,Install two additional 9.2 Mvar stages at Carroll Springs 69,2024-06-15,2023-05-12,2024-12-15,2
67377,4,True,False,ONCOR,Upgrade Bowman Autotransfomer 2 ,2024-05-15,2023-05-12,2024-05-15,0
45084A,4,True,False,CPS,Braunig to Highland Rebuild,2024-05-03,2023-02-01,2025-06-01,4
45084A,8,True,False,CPS,Braunig to Highland Rebuild,2024-05-03,2022-02-01,2024-06-01,0
45084A,12,True,False,CPS,Braunig to Highland Rebuild,2024-05-03,2021-02-01,2024-06-01,0
61402,4,True,False,LCRATSC,Boerne-Esperanza Transmission Line Upgrade,2024-05-10,2023-02-01,2024-05-15,0
61402,8,True,False,LCRATSC,Boerne-Esperanza Transmission Line Upgrade,2024-05-10,2021-06-01,2024-05-15,0
61463,4,True,False,LCRATSC,Marshall Ford - McNeil Transmission Line Storm Hardening,2024-05-15,2023-05-12,2024-05-15,0
61463,8,True,False,LCRATSC,Marshall Ford - McNeil Transmission Line Storm Hardening,2024-05-15,2022-02-01,2023-05-15,-4
61465,4,True,False,LCRATSC,Starcke - Wirtz Transmission Line Storm Hardening,2024-05-15,2023-05-12,2024-05-15,0
61465,8,True,False,LCRATSC,Starcke - Wirtz Transmission Line Storm Hardening,2024-05-15,2022-02-01,2023-05-15,-4
71948,4,True,False,LCRATSC,LCRATSC_Copperas_Copperas_TL_Overhaul,2024-05-15,2023-05-12,2024-05-15,0
5940B,4,True,False,LCRATSC,Mountain Home Substation and Transmission Line Addition,2024-05-15,2023-05-12,2024-06-30,0
5940B,8,True,False,LCRATSC,Mountain Home Substation and Transmission Line Addition,2024-05-15,2022-02-01,2023-06-30,-4
5940B,12,True,False,LCRATSC,Mountain Home Substation and Transmission Line Addition,2024-05-15,2021-02-01,2022-12-27,-6
71175,4,True,False,ONCOR,Tall City - Pecan Grove 138 kV Line,2024-06-01,2023-05-12,2024-12-15,2
70977,4,True,False,ONCOR,Ozark Trail 345 kV Switch,2024-05-17,2023-05-12,2024-05-15,0
72572,4,True,False,PEC,Highway 32 capacitor bank addition,2024-10-10,2023-10-01,2024-05-15,-2
71172,4,True,False,ONCOR,Luther - Vealmoor 138 kV Line,2024-06-12,2023-05-12,2024-05-15,0
73434,4,True,False,ONCOR,Shaw 138 kV POD,2024-06-30,2023-05-12,2024-05-15,0
71940,4,True,True,LCRATSC/AEP TCC,LCRATSC_Saxet_Substation_Addition,2024-05-15,2023-05-12,2023-06-30,-4
73417,4,True,False,LCRATSC,LCRATSC_Schumansville_SheriffsPosse_StormHardening,2024-05-15,2023-05-12,2025-05-15,4
57726,4,True,False,ONCOR,Commerce - Royse 69 kV Line Conversion to 138 kV,2024-05-23,2023-05-12,2024-05-15,0
57726,8,True,False,ONCOR,Commerce - Royse 69 kV Line Conversion to 138 kV,2024-05-23,2022-02-01,2023-12-15,-2
57726,12,True,False,ONCOR,Commerce - Royse 69 kV Line Conversion to 138 kV,2024-05-23,2021-02-01,2023-05-15,-4
70351,4,True,False,LCRATSC,LCRATSC_Rattler_Redwood_TL_Upgrade,2024-05-15,2023-05-12,2025-05-15,4
70204,4,True,False,LCRATSC,LCRATSC_McCarty_Rattler_TL_Upgrade,2024-02-26,2023-02-01,2025-05-15,5
67422B,4,True,False,CNP,Greens Bayou to Clinton 138kV Conversion,2024-03-01,2023-02-01,2024-05-31,1
69896,4,True,False,CNP,Singleton Expansion for Limousin Oak Storage (22INR0338),2024-05-03,2023-02-01,2023-05-31,-4
67422C,4,True,False,CNP,Greens Bayou to Clinton 138kV Conversion,2024-02-07,2023-02-01,2024-05-31,1
67422D,4,True,False,CNP,Greens Bayou to Clinton 138kV Conversion,2024-02-07,2023-02-01,2024-05-31,1
61398,4,True,False,AEP TCC,Whitepoint 138 kV Station: Upgrade Pelican Terminal,2024-11-27,2023-10-01,2023-10-30,-4
61398,8,True,False,AEP TCC,Whitepoint 138 kV Station: Upgrade Pelican Terminal,2024-11-27,2022-10-01,2022-11-30,-8
61398,12,True,False,AEP TCC,Whitepoint 138 kV Station: Upgrade Pelican Terminal,2024-11-27,2021-10-01,2021-10-31,-12
63902,4,True,False,ETT,Bakersfield: Build New 345 kV Terminal,2024-05-01,2023-02-01,2023-05-30,-4
63902,8,True,False,ETT,Bakersfield: Build New 345 kV Terminal,2024-05-01,2022-02-01,2022-05-31,-8
54811,4,True,False,AEP TNC,Winecup: Build 69 kV station,2024-07-01,2023-05-12,2023-12-15,-2
54811,8,True,False,AEP TNC,Winecup: Build 69 kV station,2024-07-01,2022-02-01,2022-05-31,-8
54811,12,True,False,AEP TNC,Winecup: Build 69 kV station,2024-07-01,2021-06-01,2022-05-31,-8
66386,4,True,False,AEP TNC,Albany to Throckmorton: Rebuild 69 kV line,2024-05-15,2023-05-12,2026-05-31,8
66386,8,True,False,AEP TNC,Albany to Throckmorton: Rebuild 69 kV line,2024-05-15,2022-02-01,2026-05-31,8
70225,4,True,False,AEP TNC,Junction: Install capacitor bank,2024-08-20,2023-05-12,2024-05-15,-1
68970,4,True,False,ETT,Lobo: Build (2) 345 kV terminals,2024-05-01,2023-02-01,2023-03-23,-5
50710,4,True,False,ONCOR,Quartz Sand 138 kV Switch ,2024-06-22,2023-05-12,2024-05-15,0
68780,4,True,False,ONCOR,Triangle - Yosemite 138 kV Line,2024-09-15,2023-05-12,2023-12-15,-3
68780,8,True,False,ONCOR,Triangle - Yosemite 138 kV Line,2024-09-15,2022-06-01,2023-12-15,-3
71968,4,True,False,ONCOR,Midkiff - Pemkiff 138 kV Line,2024-06-21,2023-05-12,2024-12-15,2
66522,4,True,False,ONCOR,Andrews North - Paul Davis Tap 138 kV Line Rebuild,2024-06-01,2023-05-12,2024-06-15,0
66522,8,True,False,ONCOR,Andrews North - Paul Davis Tap 138 kV Line Rebuild,2024-06-01,2022-06-01,2023-05-15,-4
71901,4,True,False,ONCOR,Install 110.4 Mvar 138 kV capacitor bank at Thorndale North,2024-06-28,2023-05-12,2024-12-15,2
66216,4,True,False,ONCOR,Upgrade and convert Waco West - Temple 69 kV Line to 138 kV,2024-12-26,2023-10-01,2024-06-15,-2
66216,8,True,False,ONCOR,Upgrade and convert Waco West - Temple 69 kV Line to 138 kV,2024-12-26,2022-10-01,2024-12-15,0
71873,4,True,False,CPS,CPSE_Hill Country Auto# 2 Impedance Upgrade,2024-08-22,2023-05-12,2025-06-01,3
61350,4,True,False,LCRATSC,Antler-Highway 46 Transmission Line Upgrade,2024-06-21,2023-05-12,2026-05-15,8
61350,8,True,False,LCRATSC,Antler-Highway 46 Transmission Line Upgrade,2024-06-21,2022-06-01,2025-05-15,4
61350,12,True,False,LCRATSC,Antler-Highway 46 Transmission Line Upgrade,2024-06-21,2021-06-01,2024-05-15,0
52670,4,True,False,BEPC,Rising Star Area voltage conversion,2024-10-18,2023-10-01,2024-06-24,-2
52670,8,True,False,BEPC,Rising Star Area voltage conversion,2024-10-18,2022-10-01,2024-02-05,-3
52670,12,True,False,BEPC,Rising Star Area voltage conversion,2024-10-18,2021-10-01,2024-02-05,-3
61230,4,True,False,LCRATSC,Altair - Garwood Transmission Line Overhaul,2024-06-24,2023-05-12,2024-06-28,0
61230,8,True,False,LCRATSC,Altair - Garwood Transmission Line Overhaul,2024-06-24,2022-06-01,2023-06-30,-4
61230,12,True,False,LCRATSC,Altair - Garwood Transmission Line Overhaul,2024-06-24,2021-06-01,2023-06-30,-4
61513,4,True,False,BRYN,New RELLIS Substation,2024-10-30,2023-10-01,2024-03-30,-3
51225,4,True,False,ONCOR,Driver - Hadacol Corner 138 kV Line,2024-06-27,2023-05-12,2024-05-15,0
70961B,4,True,False,CNP,Crosby Sub Exp for HOLY/Citadel BESS and Upgrades,2024-09-27,2023-05-12,2024-02-29,-2
66120,4,True,False,TNMP,Rebuild Freeway Park-Dickinson with bundled 795 ACSS,2024-04-01,2023-02-01,2023-12-01,-1
66120,8,True,False,TNMP,Rebuild Freeway Park-Dickinson with bundled 795 ACSS,2024-04-01,2022-02-01,2023-12-01,-1
70200,4,True,False,LCRATSC,LCRATSC_ChiefBrady_RoundRock_TL_Upgrade,2024-07-01,2023-05-12,2024-05-15,0
18TPIT0001,4,True,False,GVEC,Wiederstein Substation Transformer Replacement,2024-07-09,2023-05-12,2024-06-28,-1
18TPIT0001,8,True,False,GVEC,Wiederstein Substation Transformer Replacement,2024-07-09,2022-06-01,2023-10-27,-3
18TPIT0001,12,True,False,GVEC,Wiederstein Substation Transformer Replacement,2024-07-09,2021-06-01,2023-05-26,-5
52179,4,True,False,BEPC,Rising Star Area Conversions,2024-05-17,2023-05-12,2024-10-01,2
52179,8,True,False,BEPC,Rising Star Area Conversions,2024-05-17,2022-02-01,2024-10-01,2
52179,12,True,False,BEPC,Rising Star Area Conversions,2024-05-17,2021-02-01,2024-10-01,2
75522,4,True,False,BEPC,Rising Star Area Conversions,2024-10-23,2023-10-01,2024-08-10,-1
63497,4,True,False,STEC,Bakersfield to Cedar Canyon 2nd circuit,2024-09-12,2023-05-12,2023-09-01,-4
63497,8,True,False,STEC,Bakersfield to Cedar Canyon 2nd circuit,2024-09-12,2022-06-01,2023-06-01,-5
52175,4,True,False,BEPC,Rising Star Area Conversions,2024-06-06,2023-05-12,2024-04-01,-1
52175,8,True,False,BEPC,Rising Star Area Conversions,2024-06-06,2022-06-01,2024-04-01,-1
52175,12,True,False,BEPC,Rising Star Area Conversions,2024-06-06,2021-06-01,2024-04-01,-1
66200B,4,True,False,ONCOR,Upgrade Taylor - Holland 69 kV Line ,2024-12-04,2023-10-01,2024-09-15,-1
45693,4,True,False,ONCOR,Rocky Road - Stiles 138 kV Line,2024-09-20,2023-05-12,2024-12-15,1
5167,4,True,False,AEP TCC,Poesta to Tuleta: Build new double circuit 138/69 kV line,2024-09-17,2023-05-12,2023-12-30,-3
5167,8,True,False,AEP TCC,Poesta to Tuleta: Build new double circuit 138/69 kV line,2024-09-17,2022-06-01,2023-05-25,-5
5167,12,True,False,AEP TCC,Poesta to Tuleta: Build new double circuit 138/69 kV line,2024-09-17,2021-06-01,2023-08-25,-4
70190,4,True,False,LCRATSC,LCRATSC_Cuero_Substation_Upgrade,2024-09-24,2023-05-12,2024-05-15,-1
76694,4,True,False,ONCOR,Calmont 69 kV line rebuild,2024-12-28,2023-10-01,2024-10-01,0
75518,4,True,False,BEPC,Rising Star Area Conversions,2024-10-18,2023-10-01,2024-06-10,-2
72586,4,True,False,PEC,Seward Junction capacitor bank addition,2024-12-19,2023-10-01,2024-05-15,-2
70798,4,True,False,AEP TCC,Stewart Road: Station work,2024-10-17,2023-10-01,2024-06-01,-2
70798,8,True,False,AEP TCC,Stewart Road: Station work,2024-10-17,2022-10-01,2024-06-01,-2
6373,4,True,False,AEP TCC,Hamilton Road to Picacho Ckt #2: Rebuild 138 kV Line,2024-10-18,2023-10-01,2024-10-31,0
6373,8,True,False,AEP TCC,Hamilton Road to Picacho Ckt #2: Rebuild 138 kV Line,2024-10-18,2022-10-01,2023-03-30,-7
6373,12,True,False,AEP TCC,Hamilton Road to Picacho Ckt #2: Rebuild 138 kV Line,2024-10-18,2021-10-01,2023-03-30,-7
48327,4,True,False,AEN,Reconductor 138kV ckt 972 Howard Lane to McNeil to 3000A.,2024-01-26,2022-10-01,2023-10-01,-2
48327,8,True,False,AEN,Reconductor 138kV ckt 972 Howard Lane to McNeil to 3000A.,2024-01-26,2021-10-01,2022-06-01,-7
48327,12,True,False,AEN,Reconductor 138kV ckt 972 Howard Lane to McNeil to 3000A.,2024-01-26,2020-10-01,2022-06-01,-7
57549A,4,True,True,CNP,Garden Villas 138kV Load Conversion,2024-11-07,2023-10-01,2023-12-31,-4
57549A,8,True,True,CNP,Garden Villas 138kV Load Conversion,2024-11-07,2022-10-01,2022-12-31,-8
57549A,12,True,True,CNP,Garden Villas 138kV Load Conversion,2024-11-07,2021-10-01,2022-12-31,-8
57549B,4,True,True,CNP,Garden Villas 138kV Load Conversion,2024-11-07,2023-10-01,2023-12-31,-4
57549B,8,True,True,CNP,Garden Villas 138kV Load Conversion,2024-11-07,2022-10-01,2022-12-31,-8
57549B,12,True,True,CNP,Garden Villas 138kV Load Conversion,2024-11-07,2021-10-01,2022-12-31,-8
73371A,4,True,False,CNP,BP24 Sub Upgrades,2024-10-14,2023-10-01,2024-05-31,-2
57750,4,True,False,CNP,Seabrook 138kV Distribution Substation,2024-12-15,2023-10-01,2024-05-31,-2
57750,8,True,False,CNP,Seabrook 138kV Distribution Substation,2024-12-15,2022-10-01,2023-12-31,-4
57750,12,True,False,CNP,Seabrook 138kV Distribution Substation,2024-12-15,2021-10-01,2022-05-31,-10
73057,4,True,False,AEP TCC,Basil: Construct New 138 kV Station,2024-10-18,2023-10-01,2024-10-31,0
61358,4,True,False,LCRATSC,Highway 46-River Oaks Transmission Line Upgrade,2024-11-13,2023-10-01,2025-05-15,2
61358,8,True,False,LCRATSC,Highway 46-River Oaks Transmission Line Upgrade,2024-11-13,2022-10-01,2025-05-15,2
61358,12,True,False,LCRATSC,Highway 46-River Oaks Transmission Line Upgrade,2024-11-13,2021-06-01,2024-05-15,-2
49572,4,True,False,AEP TNC,Goodlett to Quanah: Build a new portion of 69 kV line,2024-11-18,2023-10-01,2024-06-15,-2
49572,8,True,False,AEP TNC,Goodlett to Quanah: Build a new portion of 69 kV line,2024-11-18,2022-10-01,2024-02-01,-3
49572,12,True,False,AEP TNC,Goodlett to Quanah: Build a new portion of 69 kV line,2024-11-18,2021-10-01,2022-10-31,-8
73050,4,True,False,LCRATSC,LCRATSC_JohnDumas_Substation_Addition,2024-11-20,2023-10-01,2025-02-01,1
71011,4,True,False,AEP TNC,Solstice: CT Removal,2024-11-25,2023-10-01,2024-11-30,0
71011,8,True,False,AEP TNC,Solstice: CT Removal,2024-11-25,2022-10-01,2023-10-31,-4
50948,4,True,False,AEP TCC,Angstrom - Grissom: Build New Line,2024-11-22,2023-10-01,2024-04-01,-3
50948,8,True,False,AEP TCC,Angstrom - Grissom: Build New Line,2024-11-22,2022-10-01,2024-04-01,-3
50948,12,True,False,AEP TCC,Angstrom - Grissom: Build New Line,2024-11-22,2021-10-01,2024-04-01,-3
50966,4,True,False,AEP TCC,Naismith: Build 345/138 kV Station,2024-12-18,2023-10-01,2024-04-30,-2
50966,8,True,False,AEP TCC,Naismith: Build 345/138 kV Station,2024-12-18,2022-10-01,2023-11-30,-4
50966,12,True,False,AEP TCC,Naismith: Build 345/138 kV Station,2024-12-18,2021-10-01,2024-04-01,-3
72042,4,True,False,CNP,Oasis 345kV Substation Expansion for SMT Ironman BESS (24INR,2024-10-09,2023-10-01,2024-05-31,-2
73371G,4,True,False,CNP,BP24 Sub Upgrades,2024-12-12,2023-10-01,2024-05-31,-2
52728,4,True,False,ONCOR,Add Foundry 138 kV Switch,2024-12-01,2023-10-01,2024-11-15,0
52728,8,True,False,ONCOR,Add Foundry 138 kV Switch,2024-12-01,2022-10-01,2024-05-15,-2
52728,12,True,False,ONCOR,Add Foundry 138 kV Switch,2024-12-01,2021-10-01,2022-12-15,-8
76145,4,True,False,AEP TNC,Matador: Station Build,2024-12-11,2023-10-01,2024-07-31,-1
63579,4,True,False,AEP TNC,Roby to Rotan: Rebuild 69 kV Line,2024-12-11,2023-10-01,2024-12-31,0
63579,8,True,False,AEP TNC,Roby to Rotan: Rebuild 69 kV Line,2024-12-11,2022-10-01,2025-08-31,3
63579,12,True,False,AEP TNC,Roby to Rotan: Rebuild 69 kV Line,2024-12-11,2021-10-01,2025-08-31,3
51010,4,True,False,AEP TNC,Heron to Ollin: Rebuild and convert to 138 kV line,2024-12-12,2023-10-01,2024-10-25,0
51010,8,True,False,AEP TNC,Heron to Ollin: Rebuild and convert to 138 kV line,2024-12-12,2022-10-01,2023-04-30,-6
51010,12,True,False,AEP TNC,Heron to Ollin: Rebuild and convert to 138 kV line,2024-12-12,2021-10-01,2023-04-30,-6
50843,4,True,False,AEP TNC,Heron: Build 138 kV station,2024-12-12,2023-10-01,2026-03-15,5
50843,8,True,False,AEP TNC,Heron: Build 138 kV station,2024-12-12,2022-10-01,2024-09-11,-1
50843,12,True,False,AEP TNC,Heron: Build 138 kV station,2024-12-12,2021-10-01,2023-04-30,-6
66130,4,True,False,AEP TCC,North Shore Reactive Project,2024-12-13,2023-10-01,2024-04-30,-2
66130,8,True,False,AEP TCC,North Shore Reactive Project,2024-12-13,2022-10-01,2023-04-23,-6
5466,4,True,False,ONCOR,Redland Switch 345/138 kV Autotransformer,2024-12-20,2023-10-01,2024-12-15,0
5466,8,True,False,ONCOR,Redland Switch 345/138 kV Autotransformer,2024-12-20,2022-10-01,2024-05-15,-2
5466,12,True,False,ONCOR,Redland Switch 345/138 kV Autotransformer,2024-12-20,2021-10-01,2023-12-15,-4
64089,4,True,False,AEP TCC,Raptor: Construct New 345 kV Station,2024-12-15,2023-10-01,2023-10-30,-4
64089,8,True,False,AEP TCC,Raptor: Construct New 345 kV Station,2024-12-15,2022-10-01,2023-10-30,-4
64089,12,True,False,AEP TCC,Raptor: Construct New 345 kV Station,2024-12-15,2021-10-01,2022-12-19,-8
45640,4,True,False,ONCOR,Spraberry - Polecat Creek 138 kV Line,2024-12-15,2023-10-01,2024-12-15,0
45640,8,True,False,ONCOR,Spraberry - Polecat Creek 138 kV Line,2024-12-15,2022-10-01,2024-12-15,0
5436,4,True,False,ONCOR,Morgan Creek - McDonald 138 kV Line,2024-12-15,2023-10-01,2024-12-15,0
5436,8,True,False,ONCOR,Morgan Creek - McDonald 138 kV Line,2024-12-15,2022-10-01,2028-05-15,14
5436,12,True,False,ONCOR,Morgan Creek - McDonald 138 kV Line,2024-12-15,2021-10-01,2025-05-15,2
66200C,4,True,False,ONCOR,Upgrade Taylor - Holland 69 kV Line ,2024-12-22,2023-10-01,2025-09-15,3
71960,4,True,False,ONCOR,Upgrade Grady - Expanse 138 kV Line,2024-12-13,2023-10-01,2024-12-15,0
71908,4,True,False,ONCOR,Install second 345/138 kV Auto at Temple Pecan Creek,2024-12-16,2023-10-01,2024-12-15,0
66289A,4,True,False,ONCOR,Tyler to Athens 138 kV line Conversion,2024-12-31,2023-10-01,2025-12-15,4
52332,4,True,False,ONCOR,Lamesa - Paul Davis Tap 138 kV Line Section,2024-12-15,2023-10-01,2024-12-15,0
52332,8,True,False,ONCOR,Lamesa - Paul Davis Tap 138 kV Line Section,2024-12-15,2022-10-01,2024-12-15,0
5467,4,True,False,ONCOR,Nacogdoches Southeast_Redland 345kV Line,2024-12-20,2023-10-01,2024-12-15,0
5467,8,True,False,ONCOR,Nacogdoches Southeast_Redland 345kV Line,2024-12-20,2022-10-01,2024-05-14,-2
5467,12,True,False,ONCOR,Nacogdoches Southeast_Redland 345kV Line,2024-12-20,2021-10-01,2023-12-14,-4
71976,4,True,False,ONCOR,Watermill 138 kV Switch,2024-12-15,2023-10-01,2024-12-15,0
70900B,4,True,False,ONCOR,Roanoke Area Upgrades,2024-12-31,2023-10-01,2024-12-15,0
71989,4,True,False,ONCOR,Big Spring West - Stanton East 138 kV Line,2024-12-15,2023-10-01,2024-12-15,0
71993,4,True,False,ONCOR,Tributary - Vincent 138 kV Line Section,2024-12-20,2023-10-01,2024-12-15,0
68955,4,True,False,ONCOR,Meteor 345 kV Switch,2024-12-27,2023-10-01,2024-12-15,0
68955,8,True,False,ONCOR,Meteor 345 kV Switch,2024-12-27,2022-10-01,2023-05-15,-6
62693,4,True,False,ONCOR,Courtney Creek - Yucca Drive 69 kV Line Conversion to 138 kV,2024-12-01,2023-10-01,2024-12-15,0
62693,8,True,False,ONCOR,Courtney Creek - Yucca Drive 69 kV Line Conversion to 138 kV,2024-12-01,2022-10-01,2024-12-15,0
62693,12,True,False,ONCOR,Courtney Creek - Yucca Drive 69 kV Line Conversion to 138 kV,2024-12-01,2021-10-01,2023-12-15,-4
76080,4,True,False,AEP TCC/ETT,Laredo VFT North to North Laredo Switch: Rebuild 138 kV Line,2024-12-15,2023-10-01,2024-04-30,-2
56350D,4,True,False,ONCOR,Burnett - Bowie 69 kV Line,2024-11-14,2023-10-01,2024-05-15,-2
73043,4,True,False,ONCOR,Peck - Driver 138 kV Line,2024-12-16,2023-10-01,2024-12-15,0
3297,4,True,False,CPS,Tezel Road - New 138kV Substation,2024-12-19,2023-10-01,2024-05-10,-2
3297,8,True,False,CPS,Tezel Road - New 138kV Substation,2024-12-19,2022-10-01,2024-06-01,-2
3297,12,True,False,CPS,Tezel Road - New 138kV Substation,2024-12-19,2021-10-01,2024-06-01,-2
65725,4,True,False,AEP TCC,James Rowe: Construct New Distribution Station,2024-12-18,2023-10-01,2023-10-30,-4
65725,8,True,False,AEP TCC,James Rowe: Construct New Distribution Station,2024-12-18,2022-10-01,2023-05-01,-6
70717,4,True,False,LCRATSC,LCRATSC_Yarrington_Substation_Addition,2024-12-18,2023-10-01,2024-12-15,0
70717,8,True,False,LCRATSC,LCRATSC_Yarrington_Substation_Addition,2024-12-18,2022-10-01,2024-12-15,0
59099,4,True,False,AEP TCC,Blessing to Celanese: Rebuild 138 kV line,2024-12-18,2023-10-01,2024-06-30,-2
59099,8,True,False,AEP TCC,Blessing to Celanese: Rebuild 138 kV line,2024-12-18,2022-10-01,2024-05-30,-2
59099,12,True,False,AEP TCC,Blessing to Celanese: Rebuild 138 kV line,2024-12-18,2021-10-01,2022-05-30,-10
69281,4,True,False,AEP TCC,Angstrom to Naismith: Build New 345 kV Line,2024-12-18,2023-10-01,2024-05-31,-2
69281,8,True,False,AEP TCC,Angstrom to Naismith: Build New 345 kV Line,2024-12-18,2022-10-01,2024-04-30,-2
69283,4,True,False,AEP TCC,Naismith to Resnik: Build New 138 kV Line,2024-12-18,2023-10-01,2024-04-30,-2
69283,8,True,False,AEP TCC,Naismith to Resnik: Build New 138 kV Line,2024-12-18,2022-10-01,2023-11-30,-4
57797,4,True,False,AEP TNC,Athey: Build 138 kV Station,2024-12-19,2023-10-01,2024-11-30,0
57797,8,True,False,AEP TNC,Athey: Build 138 kV Station,2024-12-19,2022-10-01,2023-10-01,-5
57797,12,True,False,AEP TNC,Athey: Build 138 kV Station,2024-12-19,2021-10-01,2022-11-30,-8
6934B,4,True,False,CPS,Elm Creek - New 345 kV Reactor,2024-12-19,2023-10-01,2024-05-10,-2
6934B,8,True,False,CPS,Elm Creek - New 345 kV Reactor,2024-12-19,2022-10-01,2024-01-31,-3
6934B,12,True,False,CPS,Elm Creek - New 345 kV Reactor,2024-12-19,2021-10-01,2022-12-01,-8
70354,4,True,False,LCRATSC,LCRATSC_WolfLane_Substation_Upgrade,2024-12-20,2023-10-01,2024-05-15,-2
70354,8,True,False,LCRATSC,LCRATSC_WolfLane_Substation_Upgrade,2024-12-20,2022-10-01,2024-05-15,-2
76719,4,True,False,ONCOR,Establish Blue Mountain 138 kV Switch,2024-12-01,2023-10-01,2024-12-15,0
76078,4,True,False,AEP TCC/ETT,Laredo VFT North to North Laredo Switch: Rebuild 138 kV Line,2024-12-30,2023-10-01,2024-04-30,-2
73338A,4,True,False,CNP,Pythias (PYT) 138kV CNP Station for Second Division Solar (2,2024-09-28,2023-05-12,2024-01-31,-2
76176,4,True,False,TNMP,Transmission POI for Dogfish BESS,2024-10-03,2023-10-01,2024-12-31,0
73476,4,True,False,TNMP,Rebuild Kermit #2 as Windblown 69kV Substation.,2024-12-20,2023-10-01,2024-01-01,-4
70633A,4,True,False,CNP,Burke to Eagles Nest Ckt.02J Upgrades,2024-07-11,2023-05-12,2025-01-31,2
73166,4,True,False,AEP TCC,Whitepoint: Rebuild Station,2024-12-31,2023-10-01,2024-03-05,-3
75930,4,True,False,CNP,Expand Highlands substation with addition of 3rd distributio,2024-11-02,2023-10-01,2024-05-31,-2
52068,4,True,False,AEP TCC,Coy City Tap to Pleasanton: Convert to 138 kV,2024-12-03,2023-10-01,2024-12-30,0
52068,8,True,False,AEP TCC,Coy City Tap to Pleasanton: Convert to 138 kV,2024-12-03,2022-10-01,2024-04-30,-2
52068,12,True,False,AEP TCC,Coy City Tap to Pleasanton: Convert to 138 kV,2024-12-03,2021-10-01,2023-06-30,-6
66567,4,True,False,ONCOR,Add Wolf - Moss 138 kV Line Rebuild,2024-12-31,2023-10-01,2024-05-15,-2
66567,8,True,False,ONCOR,Add Wolf - Moss 138 kV Line Rebuild,2024-12-31,2022-10-01,2023-12-15,-4
70633B,4,True,False,CNP,Burke to Eagles Nest Ckt.02J Upgrades,2024-12-11,2023-10-01,2025-05-31,2
73338B,4,True,False,CNP,Pythias (PYT) 138kV CNP Station for Second Division Solar (2,2024-09-28,2023-05-12,2024-01-31,-2
73371C,4,True,False,CNP,BP24 Sub Upgrades,2024-11-15,2023-10-01,2024-05-31,-2
73578F,4,True,False,CNP,Heights 138kV Loop Conversion,2024-10-30,2023-10-01,2024-05-31,-2
60094,4,True,False,ONCOR,Convert Waco East - Elm Mott 69 kV Line to 138 kV,2024-05-15,2023-05-12,2023-12-15,-2
60094,8,True,False,ONCOR,Convert Waco East - Elm Mott 69 kV Line to 138 kV,2024-05-15,2022-02-01,2023-12-15,-2
60094,12,True,False,ONCOR,Convert Waco East - Elm Mott 69 kV Line to 138 kV,2024-05-15,2021-02-01,2022-12-15,-6
72061,4,True,False,CNP,HO Clarke to Kirby Ckt.90A Upgrade to Limiting Section,2024-04-30,2023-02-01,2023-11-30,-2
66221G,4,True,False,CNP,Galena Park Area Conversion Project,2024-02-15,2023-02-01,2023-05-31,-3
66221G,8,True,False,CNP,Galena Park Area Conversion Project,2024-02-15,2022-02-01,2023-05-31,-3
59093,4,True,False,AEP TCC,Starr Solar Connection,2024-10-09,2023-10-01,2024-02-28,-3
59093,8,True,False,AEP TCC,Starr Solar Connection,2024-10-09,2022-10-01,2023-01-01,-7
59093,12,True,False,AEP TCC,Starr Solar Connection,2024-10-09,2021-10-01,2022-09-28,-9
68179,4,True,False,AEP TCC,North Edinburg Red Gate,2024-11-10,2023-10-01,2024-03-30,-3
68179,8,True,False,AEP TCC,North Edinburg Red Gate,2024-11-10,2022-10-01,2023-03-27,-7
68972,4,True,False,ETT/STEC,Tiempo to Fowlerton: Add Second 345 kV Circuit,2024-05-01,2023-02-01,2023-10-03,-2
69226,4,True,False,AEP TCC,Rebuild 69 kV Line from Point Comfort to Carancahua,2024-05-14,2023-05-12,2023-11-17,-2
68960,4,True,False,AEP TCC,North Edinburg: Expand 345 kV station,2024-05-15,2023-05-12,2024-01-15,-1
72309,4,True,False,AEP TCC,AEP_TCC_LonHillHaisley,2024-12-23,2023-05-12,2023-05-15,-6
77046,4,True,False,AEP TCC,AEP_TCC_OdemSandPit,2024-12-31,2023-10-01,2024-04-01,-3
57912,4,True,False,ETT,Champlin to Weil Tract: Rebuild 138 kV Line,2024-04-08,2023-02-01,2023-06-01,-4
57912,8,True,False,ETT,Champlin to Weil Tract: Rebuild 138 kV Line,2024-04-08,2022-02-01,2022-05-31,-8
57912,12,True,False,ETT,Champlin to Weil Tract: Rebuild 138 kV Line,2024-04-08,2021-02-01,2022-05-31,-8
50954,4,True,False,AEP TCC,Whitepoint: Add Second Auto,2024-05-15,2023-05-12,2023-12-01,-2
50954,8,True,False,AEP TCC,Whitepoint: Add Second Auto,2024-05-15,2022-02-01,2022-11-23,-6
50954,12,True,False,AEP TCC,Whitepoint: Add Second Auto,2024-05-15,2021-02-01,2022-01-31,-9
50874,4,True,False,AEP TCC,Smith - Mathis: Line Rebuild,2024-02-28,2023-02-01,2024-05-30,1
50874,8,True,False,AEP TCC,Smith - Mathis: Line Rebuild,2024-02-28,2022-02-01,2024-05-30,1
50874,12,True,False,AEP TCC,Smith - Mathis: Line Rebuild,2024-02-28,2021-02-01,2024-05-30,1
70777,4,True,False,AEP TCC,Bunsen: Install Cap Bank,2024-09-26,2023-05-12,2024-04-01,-2
71000,4,True,False,AEP TCC,TCC& TNC Cap Bank Rehab,2024-06-12,2022-10-01,2022-12-15,-6
65987,4,True,False,AEP TCC,Gibbs: Build new 138 kV terminal,2024-08-30,2023-05-12,2024-04-30,-1
65987,8,True,False,AEP TCC,Gibbs: Build new 138 kV terminal,2024-08-30,2022-06-01,2023-04-30,-5
44854,4,True,False,AEP TCC,Lipton: Build 138 kV Box Bay,2024-05-14,2023-05-12,2023-06-29,-4
44854,8,True,False,AEP TCC,Lipton: Build 138 kV Box Bay,2024-05-14,2022-02-01,2023-01-14,-5
44854,12,True,False,AEP TCC,Lipton: Build 138 kV Box Bay,2024-05-14,2021-02-01,2021-12-09,-10
50870,4,True,False,AEP TCC,Coleto Creek - Rosata: Line Rebuild,2024-05-14,2023-05-12,2024-03-16,-1
50870,8,True,False,AEP TCC,Coleto Creek - Rosata: Line Rebuild,2024-05-14,2022-02-01,2023-03-16,-5
50870,12,True,False,AEP TCC,Coleto Creek - Rosata: Line Rebuild,2024-05-14,2021-02-01,2023-03-16,-5
73368,4,True,False,ONCOR,Grey Well Draw - Buffalo 138 kV Second Circuit,2025-01-01,2023-10-01,2024-12-15,-1
77074,4,True,False,PEC,Buda to Turnersville Storm Hardening,2025-01-09,2023-10-01,2024-12-31,-1
72053,4,True,False,CNP,Oasis 345kV Substation Expansion for SOHO BESS (23INR0419),2026-01-07,2024-10-01,2024-12-31,-5
72053,8,True,False,CNP,Oasis 345kV Substation Expansion for SOHO BESS (23INR0419),2026-01-07,2023-10-01,2024-05-31,-7
73352B,4,True,False,CNP,PH Robinson Area 138kV Upgrades,2025-01-09,2023-10-01,2024-05-31,-3
78167,4,True,False,BEPC,Add 2nd autotransformer at Trumbull,2025-02-20,2024-02-01,2025-11-15,3
76682,4,True,False,ONCOR,Add Capacitor Bank at Savanna 138 kV Substation,2025-01-31,2023-10-01,2024-12-15,-1
73371F,4,True,False,CNP,BP24 Sub Upgrades,2025-06-05,2024-02-01,2024-05-31,-4
73371F,8,True,False,CNP,BP24 Sub Upgrades,2025-06-05,2023-05-12,2024-05-31,-4
73371H,4,True,False,CNP,BP24 Sub Upgrades,2025-02-11,2024-02-01,2024-05-31,-3
67919,4,True,False,ETT,Avanzada: Construct New 345 kV Station,2025-02-14,2024-02-01,2024-10-15,-1
67919,8,True,False,ETT,Avanzada: Construct New 345 kV Station,2025-02-14,2023-02-01,2024-01-13,-4
6216,4,True,False,BEPC,Bartlett Switch to Bartlett,2025-05-12,2024-02-01,2024-11-28,-2
6216,8,True,False,BEPC,Bartlett Switch to Bartlett,2025-05-12,2023-05-12,2023-12-28,-6
50725,4,True,False,ONCOR,Lean Clay 138 kV Switch,2025-02-01,2024-02-01,2024-12-15,-1
50725,8,True,False,ONCOR,Lean Clay 138 kV Switch,2025-02-01,2023-02-01,2024-05-15,-3
70223,4,True,False,LCRATSC,Mont - Pilot Grove Transmission Line Overhaul,2025-02-21,2024-02-01,2025-01-24,0
70223,8,True,False,LCRATSC,Mont - Pilot Grove Transmission Line Overhaul,2025-02-21,2023-02-01,2025-05-15,1
76622,4,True,False,CNP,Expand Peters 138kV substation for Walstrom BESS (22INR0540),2025-02-28,2024-02-01,2025-05-31,1
78374,4,True,False,ONCOR,Rockhound 345/138 kV Switch,2025-02-14,2024-02-01,2024-12-16,-1
61392,4,True,False,LCRATSC,Bergheim - Fair Oaks Transmission Line Upgrade,2025-03-12,2024-02-01,2024-11-30,-1
61392,8,True,False,LCRATSC,Bergheim - Fair Oaks Transmission Line Upgrade,2025-03-12,2023-02-01,2026-05-15,5
61392,12,True,False,LCRATSC,Bergheim - Fair Oaks Transmission Line Upgrade,2025-03-12,2021-06-01,2024-05-15,-3
45501,4,True,False,AEP TNC,Eldorado Live Oak to Sonora: Rebuild 69 kV line,2025-03-12,2024-02-01,2024-12-15,-1
45501,8,True,False,AEP TNC,Eldorado Live Oak to Sonora: Rebuild 69 kV line,2025-03-12,2023-02-01,2024-06-01,-3
45501,12,True,False,AEP TNC,Eldorado Live Oak to Sonora: Rebuild 69 kV line,2025-03-12,2022-02-01,2024-03-31,-4
72500,4,True,False,BEC,Rio Lago - New 138kV Substation,2025-03-21,2024-02-01,2024-11-30,-1
47541,4,True,False,LCRATSC,Crane Circuit Breaker Addition,2025-02-26,2024-02-01,2025-01-31,0
47541,8,True,False,LCRATSC,Crane Circuit Breaker Addition,2025-02-26,2023-02-01,2025-05-15,1
47541,12,True,False,LCRATSC,Crane Circuit Breaker Addition,2025-02-26,2022-02-01,2022-12-30,-9
73895,4,True,False,LCRATSC,Sunglow Substation Addition,2025-03-12,2024-02-01,2026-10-15,7
69890,4,True,False,CNP,Bailey 345kV Substation Expansion for Ray Gulf Wind (22INR05,2025-07-08,2024-06-01,2025-09-30,0
69890,8,True,False,CNP,Bailey 345kV Substation Expansion for Ray Gulf Wind (22INR05,2025-07-08,2023-05-12,2023-09-30,-8
71954,4,True,False,STEC,Adds new Talitha substation and short line from Talitha to O,2025-04-01,2024-02-01,2024-12-01,-1
71954,8,True,False,STEC,Adds new Talitha substation and short line from Talitha to O,2025-04-01,2023-02-01,2024-04-01,-4
71982,4,True,False,STEC,Upgrade Orange Grove station,2025-04-01,2024-02-01,2024-12-01,-1
71982,8,True,False,STEC,Upgrade Orange Grove station,2025-04-01,2023-02-01,2024-04-01,-4
61234,4,True,False,LCRATSC,Antler - Bergheim Transmission Line Upgrade,2025-02-24,2024-02-01,2024-09-20,-2
61234,8,True,False,LCRATSC,Antler - Bergheim Transmission Line Upgrade,2025-02-24,2023-02-01,2026-05-15,5
61234,12,True,False,LCRATSC,Antler - Bergheim Transmission Line Upgrade,2025-02-24,2021-06-01,2024-05-15,-3
4323,4,True,False,CPS,CPSE_Brooks_MLSE,2025-04-10,2024-02-01,2027-06-01,8
4323,8,True,False,CPS,CPSE_Brooks_MLSE,2025-04-10,2023-02-01,2027-06-01,8
4323,12,True,False,CPS,CPSE_Brooks_MLSE,2025-04-10,2022-02-01,2022-06-18,-12
72576A,4,True,False,PEC,Lago Vista to Nameless Transmission Line Upgrade,2025-04-01,2024-02-01,2025-04-15,1
70922,4,True,False,LCRATSC,Chief Brady - Georgetown Transmission Line Upgrade,2025-04-18,2024-02-01,2025-04-17,0
70922,8,True,False,LCRATSC,Chief Brady - Georgetown Transmission Line Upgrade,2025-04-18,2023-02-01,2024-05-15,-4
71956,4,True,False,LCRATSC,Elgin Switch Substation Upgrade,2025-05-14,2024-02-01,2025-05-15,0
71956,8,True,False,LCRATSC,Elgin Switch Substation Upgrade,2025-05-14,2023-05-12,2025-05-15,0
71930,4,True,False,STEC,Upgrade RIOHONDO to BURNS line,2025-07-01,2024-06-01,2025-05-01,0
71930,8,True,False,STEC,Upgrade RIOHONDO to BURNS line,2025-07-01,2023-05-12,2024-05-01,-4
69345,4,True,False,LCRATSC,Limmer Substation Addition,2025-05-01,2024-02-01,2025-05-15,0
69345,8,True,False,LCRATSC,Limmer Substation Addition,2025-05-01,2023-02-01,2024-05-15,-4
67992D,4,True,False,CPS/NO,"CPSE_345KV_Howard_Switching_Station,CPSE_Hamilton_to_MedCtr_",2025-04-16,2024-02-01,2026-01-31,3
75889,4,True,False,BRYN,Add_Wellborn_Load,2025-05-14,2024-02-01,2024-04-30,-4
73838,4,True,False,LCRATSC,Redwood - San Marcos Transmission Line Upgrade,2025-05-13,2024-02-01,2025-12-28,2
73838,8,True,False,LCRATSC,Redwood - San Marcos Transmission Line Upgrade,2025-05-13,2023-05-12,2025-05-15,0
77041,4,True,False,LCRATSC,Leon Switch - Putnam Transmission Line Overhaul,2025-05-21,2024-02-01,2024-12-26,-2
73793,4,True,False,LCRATSC,McCarty Lane - Zorn Transmission Line Storm Hardening,2025-05-01,2024-02-01,2025-05-15,0
70538,4,True,False,LCRATSC,Pilot Grove - Yoakum Gartner Road Transmission Line Overhaul,2025-05-15,2024-02-01,2025-05-15,0
70538,8,True,False,LCRATSC,Pilot Grove - Yoakum Gartner Road Transmission Line Overhaul,2025-05-15,2023-05-12,2025-05-15,0
62666A,4,True,False,ONCOR,Upgrade and convert McGregor - Waco West Line,2025-12-15,2024-10-01,2024-12-15,-4
69552B,4,True,False,ONCOR,Teal 345/138 kV Switch connected to LCRA POI (Limmer),2025-05-30,2024-02-01,2025-05-15,0
69552B,8,True,False,ONCOR,Teal 345/138 kV Switch connected to LCRA POI (Limmer),2025-05-30,2022-10-01,2023-12-15,-6
52247,4,True,False,ONCOR,Marrs - Handley 69 kV Line Conversion to 138 kV,2025-05-30,2024-02-01,2024-12-15,-2
52247,8,True,False,ONCOR,Marrs - Handley 69 kV Line Conversion to 138 kV,2025-05-30,2023-05-12,2023-12-15,-6
52247,12,True,False,ONCOR,Marrs - Handley 69 kV Line Conversion to 138 kV,2025-05-30,2022-02-01,2022-12-15,-10
82806,4,True,False,ONCOR,Establish Long Hollow 345 kV Switch (POI for Pinnington Sola,2025-06-30,2024-06-01,2025-05-15,0
66569,4,True,False,ONCOR,Rebuild and reconfigure the existing Mulberry Creek 345 kV S,2025-05-15,2024-02-01,2025-05-15,0
66569,8,True,False,ONCOR,Rebuild and reconfigure the existing Mulberry Creek 345 kV S,2025-05-15,2023-05-12,2024-05-15,-4
66569,12,True,False,ONCOR,Rebuild and reconfigure the existing Mulberry Creek 345 kV S,2025-05-15,2022-02-01,2023-12-15,-6
81383,4,True,False,ONCOR,Edwards Tap - Sandhills Tap 138 kV Line Rebuild,2025-07-24,2024-06-01,2025-05-15,-1
72007,4,True,False,ONCOR,Ranger Camp 345/138/69 kV Switch,2025-04-16,2024-02-01,2024-12-15,-2
72007,8,True,False,ONCOR,Ranger Camp 345/138/69 kV Switch,2025-04-16,2023-02-01,2025-12-15,2
78382,4,True,False,ONCOR,Adds Capacitor Bank at White Dune,2025-06-30,2024-06-01,2025-05-15,0
78371,4,True,False,ONCOR,Richardson East Switch – Richardson Spring Creek 138 kV Line,2025-05-21,2024-02-01,2025-05-15,0
76578,4,True,False,ONCOR,Upgrade the Temple Pecan - Temple Elm 138 kV Double-Circuit ,2025-06-05,2024-06-01,2025-05-15,0
71199,4,True,False,ONCOR,Yucca Drive - Moss 138 kV Line,2025-05-30,2024-02-01,2025-05-15,0
71199,8,True,False,ONCOR,Yucca Drive - Moss 138 kV Line,2025-05-30,2023-05-12,2024-05-15,-4
72004,4,True,False,ONCOR,Cat Claw 138 kV Dynamic Reactive Device (formerly Midkiff),2025-05-12,2024-02-01,2025-05-15,0
72004,8,True,False,ONCOR,Cat Claw 138 kV Dynamic Reactive Device (formerly Midkiff),2025-05-12,2023-05-12,2024-12-15,-2
72870,4,True,False,LCRATSC,Soda Lake Generator Circuit Breaker Addition,2025-06-09,2024-02-01,2024-03-31,-5
72870,8,True,False,LCRATSC,Soda Lake Generator Circuit Breaker Addition,2025-06-09,2023-05-12,2023-10-31,-6
62068,4,True,False,LCRATSC,Lakeway - Marble Falls Transmission Line Storm Hardening,2025-05-16,2024-02-01,2025-05-15,0
62068,8,True,False,LCRATSC,Lakeway - Marble Falls Transmission Line Storm Hardening,2025-05-16,2023-05-12,2025-05-15,0
62068,12,True,False,LCRATSC,Lakeway - Marble Falls Transmission Line Storm Hardening,2025-05-16,2022-02-01,2025-05-15,0
66447,4,True,False,AEP TCC,Reforzar: Construct New 345 kV Station,2025-05-16,2024-02-01,2026-11-30,6
66447,8,True,False,AEP TCC,Reforzar: Construct New 345 kV Station,2025-05-16,2023-05-12,2026-11-30,6
66447,12,True,False,AEP TCC,Reforzar: Construct New 345 kV Station,2025-05-16,2022-02-01,2026-12-31,6
75887,4,True,False,BRYN,Add_SteepHollow_Load,2025-05-19,2024-02-01,2024-04-30,-4
72037A,4,True,False,CNP,Seabreeze 345kV Substation for Tanglewood Solar (23INR0054),2025-05-21,2024-02-01,2025-01-31,-1
72037A,8,True,False,CNP,Seabreeze 345kV Substation for Tanglewood Solar (23INR0054),2025-05-21,2023-05-12,2024-10-31,-2
72037B,4,True,True,CNP,Seabreeze 345kV Substation for Tanglewood Solar (23INR0054),2025-05-21,2024-02-01,2025-01-31,-1
72037B,8,True,True,CNP,Seabreeze 345kV Substation for Tanglewood Solar (23INR0054),2025-05-21,2023-05-12,2024-10-31,-2
67992C,4,True,False,CPS/NO,"CPSE_345KV_Howard_Switching_Station,CPSE_Hamilton_to_MedCtr_",2025-04-07,2024-02-01,2025-06-01,0
67992C,8,True,False,CPS/NO,"CPSE_345KV_Howard_Switching_Station,CPSE_Hamilton_to_MedCtr_",2025-04-07,2023-02-01,2025-06-01,0
67992A,4,True,False,CPS/NO,"CPSE_345KV_Howard_Switching_Station,CPSE_Hamilton_to_MedCtr_",2025-04-07,2024-02-01,2024-02-16,-5
67992A,8,True,False,CPS/NO,"CPSE_345KV_Howard_Switching_Station,CPSE_Hamilton_to_MedCtr_",2025-04-07,2023-02-01,2025-06-01,0
78485A,4,True,False,CNP,Britmoore to Bellaire Ckt.24B Upgrades,2025-02-07,2024-02-01,2026-05-31,5
69902A,4,True,False,CNP,New 345kV Mission (MSS) substation for generator interconnec,2025-05-07,2024-02-01,2024-05-31,-4
73578C,4,True,False,CNP,Heights 138kV Loop Conversion,2025-05-14,2024-02-01,2025-12-31,2
73578C,8,True,False,CNP,Heights 138kV Loop Conversion,2025-05-14,2023-05-12,2024-05-31,-4
11TPIT0011,4,True,False,AEN,East_Village138kV Substation,2025-05-14,2024-02-01,2024-10-18,-2
11TPIT0011,8,True,False,AEN,East_Village138kV Substation,2025-05-14,2023-05-12,2023-10-09,-6
11TPIT0011,12,True,False,AEN,East_Village138kV Substation,2025-05-14,2022-02-01,2023-10-09,-6
70349,4,True,False,AEP TNC,Belknap to Fort Griffin: Rebuild 69 kV Line,2025-06-11,2024-06-01,2025-05-31,0
70349,8,True,False,AEP TNC,Belknap to Fort Griffin: Rebuild 69 kV Line,2025-06-11,2023-05-12,2025-05-31,0
72880,4,True,False,AEP TNC,Sisseton: Build 69 kV station,2025-05-14,2024-02-01,2024-09-25,-3
72880,8,True,False,AEP TNC,Sisseton: Build 69 kV station,2025-05-14,2023-05-12,2023-11-30,-6
67921,4,True,False,AEP TNC,Sisseton: Build 69 kV tap ,2025-05-14,2024-02-01,2024-09-30,-3
67921,8,True,False,AEP TNC,Sisseton: Build 69 kV tap ,2025-05-14,2023-05-12,2023-06-30,-8
76574,4,True,False,ETT,TexasAg Wind Interconnection,2025-05-14,2024-02-01,2025-05-30,0
49574,4,True,False,ETT,Tesla: Build 345 kV terminal,2025-06-17,2024-06-01,2024-10-30,-2
49574,8,True,False,ETT,Tesla: Build 345 kV terminal,2025-06-17,2023-05-12,2024-10-30,-2
49574,12,True,False,ETT,Tesla: Build 345 kV terminal,2025-06-17,2022-02-01,2022-03-24,-13
63924,4,True,False,ETT,Quasar: Build New 345 kV Station,2025-06-27,2024-06-01,2025-11-30,2
63924,8,True,False,ETT,Quasar: Build New 345 kV Station,2025-06-27,2023-05-12,2025-10-30,2
63924,12,True,False,ETT,Quasar: Build New 345 kV Station,2025-06-27,2022-06-01,2023-02-28,-9
48816,4,True,False,AEP TNC,Mulberry Creek: Rebuild 345 kV station,2025-06-30,2024-06-01,2025-05-28,0
48816,8,True,False,AEP TNC,Mulberry Creek: Rebuild 345 kV station,2025-06-30,2023-05-12,2025-05-28,0
48816,12,True,False,AEP TNC,Mulberry Creek: Rebuild 345 kV station,2025-06-30,2022-06-01,2024-05-31,-4
45155,4,True,False,AEP TNC,Ollin: Build 138 kV station,2025-06-26,2024-06-01,2024-12-01,-2
45155,8,True,False,AEP TNC,Ollin: Build 138 kV station,2025-06-26,2023-05-12,2024-10-15,-2
45155,12,True,False,AEP TNC,Ollin: Build 138 kV station,2025-06-26,2022-06-01,2023-01-30,-9
70019,4,True,False,DME,Add 138kV Locust-Hickory line 700MVA,2025-06-30,2024-06-01,2025-06-30,0
70019,8,True,False,DME,Add 138kV Locust-Hickory line 700MVA,2025-06-30,2023-05-12,2024-06-30,-4
5430K,4,True,False,DME,Conversion to 138kV,2025-07-01,2024-06-01,2025-07-01,0
5430K,8,True,False,DME,Conversion to 138kV,2025-07-01,2023-05-12,2024-07-01,-4
5430K,12,True,False,DME,Conversion to 138kV,2025-07-01,2022-06-01,2024-07-01,-4
64776,4,True,False,DME,Upgrade 138kV DentonWest-RDWells line to 700MVA (SUM2024),2025-07-01,2024-06-01,2025-07-01,0
64776,8,True,False,DME,Upgrade 138kV DentonWest-RDWells line to 700MVA (SUM2024),2025-07-01,2023-05-12,2024-07-01,-4
64776,12,True,False,DME,Upgrade 138kV DentonWest-RDWells line to 700MVA (SUM2024),2025-07-01,2022-06-01,2024-04-01,-5
5430O,4,True,False,DME,Conversion to 138kV,2025-07-01,2024-06-01,2025-07-01,0
5430O,8,True,False,DME,Conversion to 138kV,2025-07-01,2023-05-12,2024-07-01,-4
5430O,12,True,False,DME,Conversion to 138kV,2025-07-01,2022-06-01,2024-07-01,-4
77648B,4,True,False,ONCOR,Establish Tiger Creek 345 kV Switch for Jaguar Solar/BESS,2025-10-16,2024-10-01,2025-05-15,-2
13TPIT0070,4,True,False,GVEC,Nash Creek Substation,2025-07-30,2024-06-01,2024-12-20,-3
13TPIT0070,8,True,False,GVEC,Nash Creek Substation,2025-07-30,2023-05-12,2024-06-28,-5
13TPIT0070,12,True,False,GVEC,Nash Creek Substation,2025-07-30,2022-06-01,2024-06-28,-5
72882,4,True,False,LCRATSC,Lockhart - Luling 69-kV Transmission Line Overhaul,2025-06-27,2024-06-01,2025-06-30,0
72882,8,True,False,LCRATSC,Lockhart - Luling 69-kV Transmission Line Overhaul,2025-06-27,2023-05-12,2025-06-30,0
64069,4,True,False,AEP TCC,Charger Solar Interconnection,2025-07-08,2024-06-01,2024-12-31,-3
64069,8,True,False,AEP TCC,Charger Solar Interconnection,2025-07-08,2023-05-12,2024-04-30,-5
64069,12,True,False,AEP TCC,Charger Solar Interconnection,2025-07-08,2022-06-01,2023-05-01,-9
77827,4,True,False,TNMP,Reconductor TNMP Cottonwood to Oncor Lean Clay,2025-02-21,2024-02-01,2024-12-16,-1
76076,4,True,False,AEP TCC/ETT,Laredo VFT North to North Laredo Switch: Rebuild 138 kV Line,2025-08-15,2024-06-01,2025-02-28,-2
78485B,4,True,False,CNP,Britmoore to Bellaire Ckt.24B Upgrades,2025-06-03,2024-06-01,2025-05-31,0
75835A,4,True,False,CNP,Upgrade Ckt.66B Stone Lake to Tomball to increase thermal li,2025-07-29,2024-06-01,2026-10-31,5
6253,4,True,False,AEN,AEN_New_Kramer_Lane_Substation,2025-09-04,2024-02-01,2024-02-26,-6
6253,8,True,False,AEN,AEN_New_Kramer_Lane_Substation,2025-09-04,2023-05-12,2024-02-26,-6
6253,12,True,False,AEN,AEN_New_Kramer_Lane_Substation,2025-09-04,2022-06-01,2024-02-01,-6
66202A,4,True,False,ONCOR,Upgrade Palestine-Crockett 69 kV Line,2025-08-06,2024-06-01,2025-09-15,0
66202A,8,True,False,ONCOR,Upgrade Palestine-Crockett 69 kV Line,2025-08-06,2023-05-12,2023-09-15,-8
66210,4,True,False,ONCOR,Upgrade and convert Lake Creek - Marlin 69 kV Line to 138 kV,2025-12-01,2024-10-01,2025-09-15,-1
66210,8,True,False,ONCOR,Upgrade and convert Lake Creek - Marlin 69 kV Line to 138 kV,2025-12-01,2023-10-01,2025-09-15,-1
66210,12,True,False,ONCOR,Upgrade and convert Lake Creek - Marlin 69 kV Line to 138 kV,2025-12-01,2022-10-01,2023-12-15,-8
50878,4,True,False,AEP TCC,North Edinburg: 345 kV Reconfigure,2025-11-24,2024-10-01,2025-09-30,-1
50878,8,True,False,AEP TCC,North Edinburg: 345 kV Reconfigure,2025-11-24,2023-10-01,2025-09-30,-1
50878,12,True,False,AEP TCC,North Edinburg: 345 kV Reconfigure,2025-11-24,2022-10-01,2023-03-10,-11
76234,4,True,False,AEP TCC,Wormser Road: Construct New 138 kV Terminal,2025-09-15,2024-06-01,2025-05-31,-1
76686,4,True,False,ONCOR,Hog Mountain 138 kV POD,2025-12-30,2024-06-01,2024-12-15,-4
76686,8,True,False,ONCOR,Hog Mountain 138 kV POD,2025-12-30,2023-10-01,2024-12-15,-4
76705,4,True,False,ONCOR,Prairieland 345/138 kV Switch and 138 kV Line,2025-12-16,2024-10-01,2025-05-15,-2
76705,8,True,False,ONCOR,Prairieland 345/138 kV Switch and 138 kV Line,2025-12-16,2023-10-01,2025-12-15,0
50847,4,True,False,AEP TNC,Sage: Expand 69 kV station,2025-10-06,2024-10-01,2025-02-28,-3
50847,8,True,False,AEP TNC,Sage: Expand 69 kV station,2025-10-06,2023-10-01,2024-12-30,-4
50847,12,True,False,AEP TNC,Sage: Expand 69 kV station,2025-10-06,2022-10-01,2023-04-30,-10
78414,4,True,False,NBU,SW3379 Replacement,2025-09-15,2024-06-01,2025-07-01,-1
73364,4,True,False,CPS/NO,New Omicron 138kV Substation,2025-10-30,2024-10-01,2025-05-01,-2
73364,8,True,False,CPS/NO,New Omicron 138kV Substation,2025-10-30,2023-10-01,2025-10-15,0
88046,4,True,False,CPS/NO,Rebuild the Omicron to Rafter transmission line,2025-10-30,2024-10-01,2028-05-01,10
80486,4,True,True,AEP TCC,Loxley: Construct New 138 kV Station,2025-12-18,2024-10-01,2025-10-31,0
76274,4,True,False,AEP TCC/ETT,Hamilton Road: Construct New 138 kV Terminal,2025-10-29,2024-10-01,2025-05-18,-2
76274,8,True,False,AEP TCC/ETT,Hamilton Road: Construct New 138 kV Terminal,2025-10-29,2023-10-01,2025-05-18,-2
72065,4,True,False,CNP,Lake Jackson Distribution Substation Conversion to Low-Profi,2025-09-24,2024-06-01,2025-05-31,-1
72065,8,True,False,CNP,Lake Jackson Distribution Substation Conversion to Low-Profi,2025-09-24,2023-05-12,2024-05-31,-5
75938,4,True,False,CNP,Expand Zenith substation with addition of 35kV Distribution ,2025-03-05,2024-02-01,2025-05-31,1
78490A,4,True,False,CNP,Jeanetta Auto Upgrades,2025-05-19,2024-02-01,2026-05-31,4
78490B,4,True,False,CNP,Jeanetta Auto Upgrades,2025-03-23,2024-02-01,2025-05-31,1
76624,4,True,False,CNP,WA Parish 345kV Substation Expansion for Crowned Heron Stora,2025-12-16,2024-10-01,2025-08-31,-1
76624,8,True,False,CNP,WA Parish 345kV Substation Expansion for Crowned Heron Stora,2025-12-16,2023-10-01,2025-05-31,-2
70536,4,True,False,CPS/NO,New 138 kV Verde Circle Substation,2025-11-20,2024-10-01,2025-05-01,-2
70536,8,True,False,CPS/NO,New 138 kV Verde Circle Substation,2025-11-20,2023-10-01,2024-10-01,-4
70536,12,True,False,CPS/NO,New 138 kV Verde Circle Substation,2025-11-20,2022-10-01,2024-10-01,-4
78480A,4,True,False,CNP,Weinbrenner (WEI) 138kV CEHE Station for LONGPO (LNP) / Long,2025-12-10,2024-10-01,2025-10-31,0
66221K,4,True,True,CNP,Galena Park Area Conversion Project,2025-11-07,2024-10-01,2025-05-31,-2
66221K,8,True,True,CNP,Galena Park Area Conversion Project,2025-11-07,2023-10-01,2024-10-31,-4
77122,4,True,True,AEP TNC,Mulberry Creek: Construct New 345 kV Terminal,2025-12-31,2024-10-01,2026-04-30,2
78480B,4,True,False,CNP,Weinbrenner (WEI) 138kV CEHE Station for LONGPO (LNP) / Long,2025-12-10,2024-10-01,2025-10-31,0
78471,4,True,False,CNP,WA Parish 345kV Substation Expansion for Bypass Storage (23I,2025-10-30,2024-10-01,2025-11-30,0
71937,4,True,False,GVEC,Caterpillar Substation,2026-01-12,2024-10-01,2026-03-26,0
71937,8,True,False,GVEC,Caterpillar Substation,2026-01-12,2023-10-01,2025-03-18,-4
70886,4,True,False,STEC,Rebuild TinTop - Rio Colorado,2025-07-03,2024-06-01,2025-04-01,-2
70886,8,True,False,STEC,Rebuild TinTop - Rio Colorado,2025-07-03,2023-05-12,2024-12-01,-3
86633,4,True,False,ONCOR,Dusty Road 345 kV Switch,2025-12-04,2024-10-01,2025-12-15,0
70900D,4,True,False,ONCOR,Roanoke Area Upgrades,2025-12-31,2024-10-01,2025-12-15,0
70900D,8,True,False,ONCOR,Roanoke Area Upgrades,2025-12-31,2023-10-01,2025-12-15,0
81060,4,True,False,ONCOR,Riverton-Border-Quarry Field 138 kV Second Circuit,2025-12-01,2024-10-01,2025-12-15,0
70900C,4,True,False,ONCOR,Roanoke Area Upgrades,2025-12-15,2024-10-01,2025-12-15,0
70900C,8,True,False,ONCOR,Roanoke Area Upgrades,2025-12-15,2023-10-01,2025-12-15,0
87830,4,True,False,ONCOR,Blue Mountain 138 kV Capactior Bank,2025-11-15,2024-10-01,2025-12-15,0
66289B,4,True,False,ONCOR,Tyler to Athens 138 kV line Conversion,2025-12-15,2024-10-01,2025-12-15,0
66289B,8,True,False,ONCOR,Tyler to Athens 138 kV line Conversion,2025-12-15,2023-10-01,2026-09-15,3
62666B,4,True,False,ONCOR,Upgrade and convert McGregor - Waco West Line,2025-12-31,2024-10-01,2025-05-15,-2
81175,4,True,False,ONCOR, Salt Flat Road 138 kV Switch and Salt Flat Road - Barr Ranc,2025-12-15,2024-10-01,2025-12-15,0
81389,4,True,False,ONCOR,Sandhills Tap - Wolf 138 kV Line Rebuild,2025-12-15,2024-10-01,2025-12-15,0
80546A,4,True,False,ONCOR,Upgrade the Hutto & Round Rock - Salado 138 kV Line,2026-01-06,2024-10-01,2025-05-15,-3
72009,4,True,False,ONCOR,Cattleman 345/138 kV Switch,2025-11-15,2024-10-01,2025-12-15,0
72009,8,True,False,ONCOR,Cattleman 345/138 kV Switch,2025-11-15,2023-10-01,2025-12-15,0
76135,4,True,False,ONCOR,Hackberry Switch – DFW D-East 2 138 kV DCKT Line Section,2025-12-31,2024-10-01,2025-12-15,0
76135,8,True,False,ONCOR,Hackberry Switch – DFW D-East 2 138 kV DCKT Line Section,2025-12-31,2023-10-01,2025-12-15,0
87758,4,True,False,ONCOR,Badger 345 kV Switch,2025-12-05,2024-10-01,2025-05-15,-2
5475,4,True,False,ONCOR,Lufkin Switch - Redland Switch 345 kV Line,2025-12-15,2024-10-01,2025-12-15,0
5475,8,True,False,ONCOR,Lufkin Switch - Redland Switch 345 kV Line,2025-12-15,2023-10-01,2025-12-15,0
5475,12,True,False,ONCOR,Lufkin Switch - Redland Switch 345 kV Line,2025-12-15,2022-10-01,2025-12-15,0
62448,4,True,False,ONCOR,Rebuild Marlin 69 kV Switch,2025-12-01,2024-10-01,2025-05-15,-2
62448,8,True,False,ONCOR,Rebuild Marlin 69 kV Switch,2025-12-01,2023-10-01,2025-05-15,-2
62448,12,True,False,ONCOR,Rebuild Marlin 69 kV Switch,2025-12-01,2022-10-01,2023-05-15,-10
72958,4,True,False,ONCOR,Graham to Graham Switch 69 kV Line Rebuild ,2025-12-31,2024-10-01,2026-12-15,4
72958,8,True,False,ONCOR,Graham to Graham Switch 69 kV Line Rebuild ,2025-12-31,2023-10-01,2025-12-15,0
76690,4,True,False,ONCOR,Add Atchison POD ,2025-12-16,2024-10-01,2025-04-15,-2
76690,8,True,False,ONCOR,Add Atchison POD ,2025-12-16,2023-10-01,2024-12-15,-4
68183,4,True,False,AEP TNC,Estes to Putnam: Rebuild 138 kV line,2025-12-16,2024-10-01,2026-11-30,4
68183,8,True,False,AEP TNC,Estes to Putnam: Rebuild 138 kV line,2025-12-16,2023-10-01,2025-12-31,0
68183,12,True,False,AEP TNC,Estes to Putnam: Rebuild 138 kV line,2025-12-16,2022-10-01,2024-11-30,-4
44946,4,True,True,CPS/NO,CPSE_New_Scenic_Loop_138kV_Load_Serving_Station,2025-12-18,2024-10-01,2025-06-13,-2
44946,8,True,True,CPS/NO,CPSE_New_Scenic_Loop_138kV_Load_Serving_Station,2025-12-18,2023-10-01,2025-05-30,-2
44946,12,True,True,CPS/NO,CPSE_New_Scenic_Loop_138kV_Load_Serving_Station,2025-12-18,2022-10-01,2023-12-01,-8
81270,4,True,False,ONCOR,Construct the new Prong Moss 345 kV switch,2025-12-31,2024-10-01,2025-12-30,0
73123,4,True,False,LCRATSC,Sim Gideon - Swiftex Transmission Line Upgrade,2025-12-31,2024-10-01,2025-12-31,0
73123,8,True,False,LCRATSC,Sim Gideon - Swiftex Transmission Line Upgrade,2025-12-31,2023-10-01,2025-05-15,-2
70665C,4,True,False,CNP,Danek (DNK) CEHE Substation for Remy Jade - 23INR0339,2026-01-12,2024-10-01,2024-11-30,-5
70665C,8,True,False,CNP,Danek (DNK) CEHE Substation for Remy Jade - 23INR0339,2026-01-12,2023-10-01,2024-02-28,-8
70665C,12,True,False,CNP,Danek (DNK) CEHE Substation for Remy Jade - 23INR0339,2026-01-12,2022-10-01,2024-01-31,-8
72647,4,True,True,RCEC,Add_Blue_Ridge_Load,2025-08-01,2024-06-01,2025-01-01,-2
72647,8,True,True,RCEC,Add_Blue_Ridge_Load,2025-08-01,2023-05-12,2024-01-01,-7
72935,4,True,False,AEP TNC,Saragosa: Install 2nd Bay,2025-05-30,2024-02-01,2024-09-30,-3
72935,8,True,False,AEP TNC,Saragosa: Install 2nd Bay,2025-05-30,2023-05-12,2024-09-30,-3
50845,4,True,False,AEP TNC,Kinnison: Expand 138 kV station,2025-07-22,2024-06-01,2025-02-28,-2
50845,8,True,False,AEP TNC,Kinnison: Expand 138 kV station,2025-07-22,2023-05-12,2024-10-28,-3
50845,12,True,False,AEP TNC,Kinnison: Expand 138 kV station,2025-07-22,2022-06-01,2023-04-30,-9
64063,4,True,False,AEP TCC,BRP Antlia BESS Interconnection,2025-01-31,2023-10-01,2025-12-31,3
64063,8,True,False,AEP TCC,BRP Antlia BESS Interconnection,2025-01-31,2022-10-01,2023-09-30,-6
64063,12,True,False,AEP TCC,BRP Antlia BESS Interconnection,2025-01-31,2021-10-01,2023-01-31,-8
73408,4,True,False,AEP TNC,Odysseus: Build new 345 kV station,2025-12-31,2024-10-01,2025-05-30,-2
73408,8,True,False,AEP TNC,Odysseus: Build new 345 kV station,2025-12-31,2023-10-01,2024-10-31,-4
51012,4,True,False,AEP TNC,Kinnison to Sage: Rebuild 69 kV line,2025-11-15,2024-10-01,2025-02-28,-3
51012,8,True,False,AEP TNC,Kinnison to Sage: Rebuild 69 kV line,2025-11-15,2023-10-01,2024-10-28,-4
51012,12,True,False,AEP TNC,Kinnison to Sage: Rebuild 69 kV line,2025-11-15,2022-10-01,2023-04-30,-10
45174,4,True,False,AEP TNC,"Ollin to LCRA Crane: Partial Build, Partial Rebuild, and Con",2025-12-05,2024-10-01,2025-04-30,-2
45174,8,True,False,AEP TNC,"Ollin to LCRA Crane: Partial Build, Partial Rebuild, and Con",2025-12-05,2023-10-01,2024-11-15,-4
45174,12,True,False,AEP TNC,"Ollin to LCRA Crane: Partial Build, Partial Rebuild, and Con",2025-12-05,2022-10-01,2023-02-02,-11
76214,4,True,False,AEP TCC,North Edinburg: 345 kV Reconfigure,2025-11-24,2024-10-01,2025-09-30,-1
76214,8,True,False,AEP TCC,North Edinburg: 345 kV Reconfigure,2025-11-24,2023-10-01,2024-10-31,-4
76151,4,True,False,AEP TNC,Gas Pad Tap: Replace CTVT,2025-05-02,2024-02-01,2024-04-30,-4
68252,4,True,False,ETT,Lobo: Line settings,2025-04-14,2024-02-01,2025-01-30,-1
68252,8,True,False,ETT,Lobo: Line settings,2025-04-14,2023-02-01,2023-02-28,-9
50868,4,True,False,AEP TCC,Rosata - Structure 31/8: Line Rebuild,2025-05-15,2024-02-01,2025-01-12,-1
50868,8,True,False,AEP TCC,Rosata - Structure 31/8: Line Rebuild,2025-05-15,2023-05-12,2025-01-12,-1
50868,12,True,False,AEP TCC,Rosata - Structure 31/8: Line Rebuild,2025-05-15,2022-02-01,2024-01-12,-5
70779,4,True,False,AEP TCC,Tortuga: Install Cap Bank,2025-05-16,2024-02-01,2025-05-30,0
70779,8,True,False,AEP TCC,Tortuga: Install Cap Bank,2025-05-16,2023-05-12,2025-04-01,-1
4645,4,True,False,BEPC,Rebuild of Myra to Spring,2025-08-01,2024-06-01,2024-12-01,-3
4645,8,True,False,BEPC,Rebuild of Myra to Spring,2025-08-01,2023-05-12,2024-12-01,-3
71879,4,True,False,CPS/NO,Upgrade Metering CT,2026-01-22,2024-10-01,2025-05-01,-3
71879,8,True,False,CPS/NO,Upgrade Metering CT,2026-01-22,2023-10-01,2024-05-14,-7
80508,4,True,False,ETT,Kilby: Construct New 345 kV Station,2026-01-27,2024-10-01,2025-11-01,-1
76350,4,True,True,CNP,Install new TARGA 138kV customer substation as Ckt.86 Jordan,2026-01-09,2024-10-01,2025-12-31,-1
76350,8,True,True,CNP,Install new TARGA 138kV customer substation as Ckt.86 Jordan,2026-01-09,2023-10-01,2025-05-31,-3
69463,4,True,False,AEP TCC,Gulch: Construct new 345 kV Station,2025-12-31,2024-10-01,2024-11-30,-4
69463,8,True,False,AEP TCC,Gulch: Construct new 345 kV Station,2025-12-31,2023-10-01,2024-04-30,-6
69463,12,True,False,AEP TCC,Gulch: Construct new 345 kV Station,2025-12-31,2022-10-01,2023-09-01,-9
76194,4,True,False,AEP TCC,Angstrom: Construct New 345 kV Terminal,2026-01-30,2024-10-01,2025-05-01,-3
76194,8,True,False,AEP TCC,Angstrom: Construct New 345 kV Terminal,2026-01-30,2023-10-01,2025-05-01,-3
72063,4,True,False,CNP,Moody to Stewart Ckt.63 Upgrades P1041,2025-10-31,2024-10-01,2025-12-31,0
72063,8,True,False,CNP,Moody to Stewart Ckt.63 Upgrades P1041,2025-10-31,2023-10-01,2024-10-31,-4
80572,4,True,False,ETT,Miel: Construct New 138 kV Station,2026-01-13,2024-10-01,2026-03-31,0
68150,4,True,False,AEP TNC,Abilene South to Estes: Rebuild 138 kV Line,2025-12-18,2024-10-01,2025-12-31,0
68150,8,True,False,AEP TNC,Abilene South to Estes: Rebuild 138 kV Line,2025-12-18,2023-10-01,2024-12-31,-4
68150,12,True,False,AEP TNC,Abilene South to Estes: Rebuild 138 kV Line,2025-12-18,2022-10-01,2024-04-29,-6
87344,4,True,False,CNP,Addicks 345kV to White oak Ckt.71B Upgrades,2026-01-25,2024-10-01,2026-10-31,3
71926,4,True,False,STEC,Upgrade  BURNS to Heidelberg line,2026-04-02,2025-02-01,2025-12-01,-2
71926,8,True,False,STEC,Upgrade  BURNS to Heidelberg line,2026-04-02,2024-02-01,2025-12-01,-2
71926,12,True,False,STEC,Upgrade  BURNS to Heidelberg line,2026-04-02,2023-02-01,2024-12-01,-6
80384,4,True,False,BRYN,nan,2026-03-13,2025-02-01,2026-06-01,1
61404,4,True,False,LCRATSC,Boerne Split-Welfare Transmission Line Upgrade,2026-03-15,2025-02-01,2026-01-30,0
61404,8,True,False,LCRATSC,Boerne Split-Welfare Transmission Line Upgrade,2026-03-15,2024-02-01,2025-04-03,-3
61404,12,True,False,LCRATSC,Boerne Split-Welfare Transmission Line Upgrade,2026-03-15,2023-02-01,2025-05-15,-3
87395,4,True,True,LCRATSC,Caldwell Substation Addition,2026-03-11,2025-02-01,2026-03-16,0
90157,4,True,False,CNP,NRG THW GT at TH Wharton 345kV (24INR0482),2026-04-03,2025-02-01,2025-10-31,-2
86015,4,True,False,CNP,King Substation - Add 3rd Distribution Transformer ,2026-03-06,2025-02-01,2025-12-31,-1
70880,4,True,False,STEC,Rebuild Carancahua -TinTop,2026-03-13,2025-02-01,2026-04-01,0
70880,8,True,False,STEC,Rebuild Carancahua -TinTop,2026-03-13,2024-02-01,2025-12-01,-1
70880,12,True,False,STEC,Rebuild Carancahua -TinTop,2026-03-13,2023-02-01,2025-03-01,-4
70186,4,True,False,LCRATSC,Buchanan CTEC - Kingsland 1 Transmission Line Overhaul,2026-04-07,2025-02-01,2026-06-30,0
70186,8,True,False,LCRATSC,Buchanan CTEC - Kingsland 1 Transmission Line Overhaul,2026-04-07,2024-02-01,2026-01-06,-1
70186,12,True,False,LCRATSC,Buchanan CTEC - Kingsland 1 Transmission Line Overhaul,2026-04-07,2023-02-01,2025-06-30,-4
89986,4,True,False,ONCOR,Mule Deer 345 kV Switch,2026-06-30,2025-02-01,2025-04-17,-4
67093,4,True,True,AEN,New 138 kV station cut-in between Garfield and Hi-Cross,2026-05-14,2025-02-01,2026-06-20,0
67093,8,True,True,AEN,New 138 kV station cut-in between Garfield and Hi-Cross,2026-05-14,2024-02-01,2024-06-01,-8
67093,12,True,True,AEN,New 138 kV station cut-in between Garfield and Hi-Cross,2026-05-14,2023-05-12,2024-06-01,-8
80921,4,True,False,PEC,Downtown Kyle Substation Addition,2026-05-15,2025-02-01,2026-05-15,0
88035,4,True,False,ONCOR,Pastores 138 kV Switch,2026-05-15,2025-02-01,2026-05-15,0
85963,4,True,True,LCRATSC,FPP Yard 2 - Lytton Springs Transmission Line Overhaul,2026-05-15,2025-02-01,2026-05-15,0
73106,4,True,False,LCRATSC,Lockhart - San Marcos Transmission Line Conversion,2026-05-13,2025-02-01,2026-05-15,0
73106,8,True,False,LCRATSC,Lockhart - San Marcos Transmission Line Conversion,2026-05-13,2024-02-01,2026-09-01,1
73106,12,True,False,LCRATSC,Lockhart - San Marcos Transmission Line Conversion,2026-05-13,2023-05-12,2026-05-15,0
78408,4,True,False,LCRATSC,Henne Substation Bus Upgrade,2026-05-10,2025-02-01,2026-05-15,0
78408,8,True,False,LCRATSC,Henne Substation Bus Upgrade,2026-05-10,2024-02-01,2026-05-15,0
70534,4,True,True,LCRATSC,Hueco Springs Substation Addition,2026-05-08,2025-02-01,2026-05-15,0
70534,8,True,True,LCRATSC,Hueco Springs Substation Addition,2026-05-08,2024-02-01,2025-05-15,-4
70534,12,True,True,LCRATSC,Hueco Springs Substation Addition,2026-05-08,2023-02-01,2024-05-15,-8
70196,4,True,False,LCRATSC,Kingsland 1 - Sandy Creek Transmission Line Overhaul,2026-04-07,2025-02-01,2026-01-14,-1
70196,8,True,False,LCRATSC,Kingsland 1 - Sandy Creek Transmission Line Overhaul,2026-04-07,2024-02-01,2025-06-30,-4
70196,12,True,False,LCRATSC,Kingsland 1 - Sandy Creek Transmission Line Overhaul,2026-04-07,2023-02-01,2025-06-30,-4
80466,4,True,False,AEP TCC,Oleander: Construct New 138 kV Terminal,2025-12-19,2024-10-01,2025-09-30,-1
64581A,4,True,False,CNP,New 138kV Waterfowl substation,2026-05-20,2025-02-01,2026-01-31,-1
64581A,8,True,False,CNP,New 138kV Waterfowl substation,2026-05-20,2024-02-01,2025-10-31,-2
64581A,12,True,False,CNP,New 138kV Waterfowl substation,2026-05-20,2023-05-12,2024-05-31,-8
64581B,4,True,False,CNP,New 138kV Waterfowl substation,2026-05-20,2025-02-01,2026-01-31,-1
64581B,8,True,False,CNP,New 138kV Waterfowl substation,2026-05-20,2024-02-01,2025-10-31,-2
64581B,12,True,False,CNP,New 138kV Waterfowl substation,2026-05-20,2023-05-12,2024-05-31,-8
64581C,4,True,True,CNP,New 138kV Waterfowl substation,2026-05-20,2025-02-01,2026-01-31,-1
64581C,8,True,True,CNP,New 138kV Waterfowl substation,2026-05-20,2024-02-01,2025-10-31,-2
64581C,12,True,True,CNP,New 138kV Waterfowl substation,2026-05-20,2023-05-12,2024-05-31,-8
64581D,4,True,False,CNP,New 138kV Waterfowl substation,2026-05-20,2025-02-01,2026-01-31,-1
64581D,8,True,False,CNP,New 138kV Waterfowl substation,2026-05-20,2024-02-01,2025-10-31,-2
64581D,12,True,False,CNP,New 138kV Waterfowl substation,2026-05-20,2023-05-12,2024-05-31,-8
59959,4,True,False,CPS/NO,New Hickory 345kV Switchyard,2026-05-16,2025-02-01,2026-01-30,-1
59959,8,True,False,CPS/NO,New Hickory 345kV Switchyard,2026-05-16,2024-02-01,2024-10-04,-6
59959,12,True,False,CPS/NO,New Hickory 345kV Switchyard,2026-05-16,2023-05-12,2024-10-04,-6
78427A,4,True,False,CNP,Bohemian (BOH) 138kV CEHE Substation for Destiny Storage (24,2026-02-07,2025-02-01,2025-10-31,-1
78427A,8,True,False,CNP,Bohemian (BOH) 138kV CEHE Substation for Destiny Storage (24,2026-02-07,2024-02-01,2024-09-30,-6
71004A,4,True,False,CNP,Julia CEHE-Owned Sub for Melaza Solar (21INR0220),2026-05-15,2025-02-01,2025-10-31,-2
71004A,8,True,False,CNP,Julia CEHE-Owned Sub for Melaza Solar (21INR0220),2026-05-15,2024-02-01,2024-12-31,-6
85970A,4,True,False,CNP,Athena (ATH) 138kV CEHE Station for RAVEN (RVN) / Raven Sola,2026-05-04,2025-02-01,2026-05-31,0
63922,4,True,False,CNP,Tiki Island Distribution Upgrades,2026-05-14,2025-02-01,2025-05-31,-4
63922,8,True,False,CNP,Tiki Island Distribution Upgrades,2026-05-14,2024-02-01,2025-05-31,-4
63922,12,True,False,CNP,Tiki Island Distribution Upgrades,2026-05-14,2023-05-12,2024-05-31,-8
87640,4,True,True,CNP,New load customer interconnection RAOULT connecting on ckt 8,2026-04-29,2025-02-01,2026-01-20,-1
90130,4,True,False,CNP,Install (2) new 100 MVA distribution transformers at Orchard,2026-05-13,2025-02-01,2026-05-31,0
90336,4,True,True,CNP,DURZNO (DUR) 138kV Customer Substation,2026-05-20,2025-02-01,2026-03-31,-1
78427B,4,True,False,CNP,Bohemian (BOH) 138kV CEHE Substation for Destiny Storage (24,2026-02-07,2025-02-01,2025-10-31,-1
78427B,8,True,False,CNP,Bohemian (BOH) 138kV CEHE Substation for Destiny Storage (24,2026-02-07,2024-02-01,2024-09-30,-6
90180B,4,True,False,CNP,Clodine Reconfiguration for Houston IV BESS (24INR0584),2026-04-17,2025-02-01,2026-05-30,0
63956,4,True,False,ETT/AEP TNC,Clear Crossing: Build 345 kV terminal,2026-06-30,2025-06-01,2026-06-30,0
63956,8,True,False,ETT/AEP TNC,Clear Crossing: Build 345 kV terminal,2026-06-30,2024-06-01,2024-12-31,-6
63956,12,True,False,ETT/AEP TNC,Clear Crossing: Build 345 kV terminal,2026-06-30,2023-05-12,2024-03-15,-9
90180A,4,True,False,CNP,Clodine Reconfiguration for Houston IV BESS (24INR0584),2026-04-17,2025-02-01,2026-05-30,0
73371B,4,True,False,CNP,BP24 Sub Upgrades,2026-06-23,2025-02-01,2025-10-31,-2
73371B,8,True,False,CNP,BP24 Sub Upgrades,2026-06-23,2024-02-01,2024-05-31,-8
73371B,12,True,False,CNP,BP24 Sub Upgrades,2026-06-23,2023-05-12,2024-05-31,-8
72582C,4,True,False,PEC,Nameless to Leander Transmission Line Upgrade,2026-05-01,2025-02-01,2026-05-01,0
72582C,8,True,False,PEC,Nameless to Leander Transmission Line Upgrade,2026-05-01,2024-02-01,2026-01-01,-1
