item,ctx,p_R,cap_R,delay_mult,residence_on,eps_mult,realistic,metric,baseline,ratio_of_means,p025,p975,share_pos,E_base,E_cdro,T2_shift-2,T2_shift+2,T2_shift+4
A_pR15_cap100_d10_res0_e1,A,15.0,100.0,10.0,False,1.0,False,VSS,B1,0.014898046505276997,-0.005400363688119391,0.027505898648946512,0.94,567.9856549171822,559.6479930895491,0.05638187438664017,0.0695375541010734,0.12590414966213073
A_pR15_cap100_d10_res0_e1,A,15.0,100.0,10.0,False,1.0,False,VCI,B4,0.15136136511926182,0.10141569143093075,0.17284982427050433,1.0,644.3570773098385,559.6479930895491,0.17687670966258148,0.10860637132267188,0.024444856633002342
A_pR15_cap100_d10_res0_e1,A,15.0,100.0,10.0,False,1.0,False,vs_CSAA,CSAA,0.016536779915645138,-0.024296609677946383,0.08844554957398029,0.72,568.9027687815035,559.6479930895491,-0.09114650638205918,0.21248988127231283,0.5251091163019534
A_pR15_cap100_d10_res0_e1,A,15.0,100.0,10.0,False,1.0,False,vs_B3,B3,0.08139034683068853,0.051370304413116324,0.09989686518744041,1.0,605.1979373502063,559.6479930895491,0.12153654186569977,0.024774477362529492,-0.03519786819070834
A_pR15_cap100_d10_res0_e1,A,15.0,100.0,10.0,False,1.0,False,vs_B7,B7,0.19070914922320978,0.13118772296059875,0.22282864220418425,1.0,666.3779857161338,559.6479930895491,0.21208523083995157,0.1478872817329314,0.05263610755464863
A_pR15_cap100_d10_res1_e1,A,15.0,100.0,10.0,True,1.0,False,VSS,B1,0.011641524571902085,-0.008040161142267493,0.02478950946720779,0.92,568.2056767909153,561.6670164180575,0.047646925516041966,0.06825728098067617,0.13203137047529415
A_pR15_cap100_d10_res1_e1,A,15.0,100.0,10.0,True,1.0,False,VCI,B4,0.14987433357289218,0.09890006746076804,0.17177277972060934,1.0,645.8464861935886,561.6670164180575,0.17731904591399106,0.10240626361655941,0.019003147027621094
A_pR15_cap100_d10_res1_e1,A,15.0,100.0,10.0,True,1.0,False,vs_CSAA,CSAA,0.01446377525866958,-0.025301268066738967,0.08470921532253828,0.66,569.7908419137358,561.6670164180575,-0.09144386743180653,0.20269080675115608,0.5053259618886061
A_pR15_cap100_d10_res1_e1,A,15.0,100.0,10.0,True,1.0,False,vs_B3,B3,0.08175244582803072,0.05150889620702712,0.10084931792189115,1.0,607.5846687511664,561.6670164180575,0.12633398999756615,0.02029473320284919,-0.0387968190486047
A_pR15_cap100_d10_res1_e1,A,15.0,100.0,10.0,True,1.0,False,vs_B7,B7,0.190669346923262,0.13006039256119403,0.2233057887915492,1.0,668.7596996268256,561.6670164180575,0.21264175444353808,0.14296180540612913,0.048216990165383215
A_pR15_cap100_d1_res0_e1,A,15.0,100.0,1.0,False,1.0,False,VSS,B1,0.03772212304020965,0.01578139948390487,0.05844210990891472,1.0,504.26847883044235,485.9378706826538,0.0900871209216239,0.13795103044469834,0.24203348239639236
A_pR15_cap100_d1_res0_e1,A,15.0,100.0,1.0,False,1.0,False,VCI,B4,0.09389190952331547,0.06810877277032636,0.11556607053781448,1.0,531.5635052707421,485.9378706826538,0.15977987761192558,0.053071706432822705,0.00493924655864102
A_pR15_cap100_d1_res0_e1,A,15.0,100.0,1.0,False,1.0,False,vs_CSAA,CSAA,-0.0006701961268607823,-0.0014234691124708854,-0.00025669330376398267,0.0,485.6121970038273,485.9378706826538,5.159502815786625e-16,-0.00422984318357739,-0.0075119368844924215
A_pR15_cap100_d1_res0_e1,A,15.0,100.0,1.0,False,1.0,False,vs_B3,B3,-0.0006698853220807549,-0.001423225470267992,-0.00025634822399115434,0.0,485.6123480356403,485.9378706826538,4.881481581245309e-07,-0.004229643735715964,-0.007511876746388804
A_pR15_cap100_d1_res0_e1,A,15.0,100.0,1.0,False,1.0,False,vs_B7,B7,0.34988879758096736,0.28429030454849596,0.3790150677826965,1.0,655.9620879548631,485.9378706826538,0.41974715036974547,0.28647746935443485,0.17155694480712894
A_pR15_cap100_d1_res1_e1,A,15.0,100.0,1.0,True,1.0,True,VSS,B1,0.03772212304020698,0.01578139948390288,0.058442109908912306,1.0,504.26847883044235,485.93787068265505,0.09008712092162467,0.13795103044468462,0.24203348239637573
A_pR15_cap100_d1_res1_e1,A,15.0,100.0,1.0,True,1.0,True,VCI,B4,0.0938872225004232,0.06810737676732587,0.11555966835715342,1.0,531.5612276688194,485.93787068265505,0.15976295812513452,0.053061597006907026,0.004937318147571674
A_pR15_cap100_d1_res1_e1,A,15.0,100.0,1.0,True,1.0,True,vs_CSAA,CSAA,-0.0006701961268644067,-0.0014234691124758872,-0.0002566933037660942,0.0,485.6121970038268,485.93787068265505,-3.869627111839969e-16,-0.004229843183590866,-0.007511936884506802
A_pR15_cap100_d1_res1_e1,A,15.0,100.0,1.0,True,1.0,True,vs_B3,B3,-0.0006701961268652256,-0.0014234691124768396,-0.0002566933037678759,0.0,485.6121970038264,485.93787068265505,0.0,-0.004229843183594575,-0.0075119368845101295
A_pR15_cap100_d1_res1_e1,A,15.0,100.0,1.0,True,1.0,True,vs_B7,B7,0.3526485323591293,0.2865861423145353,0.38207509943351986,1.0,657.3031475966137,485.93787068265505,0.42170997474926947,0.2879026280507651,0.17120842998650745
A_pR15_cap100_d3_res0_e1,A,15.0,100.0,3.0,False,1.0,False,VSS,B1,0.014830340886025941,-0.005657531204731729,0.027506332342418924,0.94,567.9856549171817,559.6853306743726,0.05638187438663713,0.06954481815912028,0.12592310253563652
A_pR15_cap100_d3_res0_e1,A,15.0,100.0,3.0,False,1.0,False,VCI,B4,0.1512845557939713,0.10108381804073502,0.17283827336902294,1.0,644.357077309847,559.6853306743726,0.17687670966259103,0.10861390072732399,0.024462101594552452
A_pR15_cap100_d3_res0_e1,A,15.0,100.0,3.0,False,1.0,False,vs_CSAA,CSAA,-0.0005064773969903935,-0.031220437069355664,0.03680753681622311,0.44,559.401862704959,559.6853306743726,-0.09114650638206134,0.12595340842499517,0.28629214375889417
A_pR15_cap100_d3_res0_e1,A,15.0,100.0,3.0,False,1.0,False,vs_B3,B3,0.08095604111043646,0.04991093613893257,0.09974695786785133,1.0,604.9952393133553,559.6853306743726,0.12153654186569934,0.02478143739984525,-0.035181627223159845
A_pR15_cap100_d3_res0_e1,A,15.0,100.0,3.0,False,1.0,False,vs_B7,B7,0.19062971493858874,0.1308468903626452,0.22281662114052558,1.0,666.377985716138,559.6853306743726,0.21208523083995548,0.1478950779246748,0.05265382707277514
A_pR15_cap100_d3_res1_e1,A,15.0,100.0,3.0,True,1.0,True,VSS,B1,0.013871352141067361,-0.005484119390532022,0.0269953611587071,0.94,568.2056767909145,560.4317309005648,0.04764692551604087,0.07417695746302441,0.13684188135088649
A_pR15_cap100_d3_res1_e1,A,15.0,100.0,3.0,True,1.0,True,VCI,B4,0.15240884943429894,0.10161752616587642,0.1741934206590538,1.0,645.8464861935926,560.4317309005648,0.17731904591399816,0.10851517440884623,0.02333335010226624
A_pR15_cap100_d3_res1_e1,A,15.0,100.0,3.0,True,1.0,True,vs_CSAA,CSAA,0.0008154227529302525,-0.03014443295216634,0.03831932953914341,0.5,560.8887196854052,560.4317309005648,-0.09144386743181442,0.12642467949621658,0.2852990732335935
A_pR15_cap100_d3_res1_e1,A,15.0,100.0,3.0,True,1.0,True,vs_B3,B3,0.08397686495301258,0.052912808699877245,0.10231667464266736,1.0,607.4950306817847,560.4317309005648,0.1263339899975657,0.02594862842522344,-0.034712234048389246
A_pR15_cap100_d3_res1_e1,A,15.0,100.0,3.0,True,1.0,True,vs_B7,B7,0.1932937818353273,0.13285464524379204,0.22583303778903438,1.0,668.7596996268535,560.4317309005648,0.21264175444362687,0.1492954520286999,0.0526713360101062
A_pR15_cap200_d10_res0_e1,A,15.0,200.0,10.0,False,1.0,False,VSS,B1,0.014898046505490379,-0.005400363687348473,0.0275058986489537,0.94,567.9856549171822,559.6479930894315,0.05638187438664017,0.0695375541010738,0.12590414966213073
A_pR15_cap200_d10_res0_e1,A,15.0,200.0,10.0,False,1.0,False,VCI,B4,0.15136136511955223,0.10141569143203094,0.17284982427059645,1.0,644.3570773098655,559.6479930894315,0.1768767096626253,0.10860637132270505,0.024444856633017563
A_pR15_cap200_d10_res0_e1,A,15.0,200.0,10.0,False,1.0,False,vs_CSAA,CSAA,0.003952907708960085,-0.030303737894849584,0.04871641996015729,0.56,561.8602299556187,559.6479930894315,-0.0911470523672284,0.20983913843161164,0.43244459462608487
A_pR15_cap200_d10_res0_e1,A,15.0,200.0,10.0,False,1.0,False,vs_B3,B3,0.08139034683092078,0.051370304414223834,0.09989686518752332,1.0,605.197937350209,559.6479930894315,0.12153654186569977,0.024774477362529884,-0.03519786819070834
A_pR15_cap200_d10_res0_e1,A,15.0,200.0,10.0,False,1.0,False,vs_B7,B7,0.19070914922345933,0.13118772296168918,0.2228286422042251,1.0,666.3779857161334,559.6479930894315,0.21208523083995115,0.14788728173293145,0.052636107554648454
A_pR15_cap200_d10_res1_e1,A,15.0,200.0,10.0,True,1.0,False,VSS,B1,0.01164152457197723,-0.008040161142109857,0.024789509467278866,0.92,568.2056767909155,561.667016418016,0.047646925516041966,0.06825728098079989,0.1320313704753935
A_pR15_cap200_d10_res1_e1,A,15.0,200.0,10.0,True,1.0,False,VCI,B4,0.149874333572983,0.09890006746097113,0.17177277972067262,1.0,645.8464861935919,561.667016418016,0.17731904591399777,0.10240626361669428,0.019003147027716914
A_pR15_cap200_d10_res1_e1,A,15.0,200.0,10.0,True,1.0,False,vs_CSAA,CSAA,0.003003171976549592,-0.03079551924809082,0.04821278436866333,0.54,563.3537990618748,561.667016418016,-0.09144504463702484,0.20047412009771237,0.4206918737274293
A_pR15_cap200_d10_res1_e1,A,15.0,200.0,10.0,True,1.0,False,vs_B3,B3,0.08175244582810841,0.05150889620720492,0.10084931792193287,1.0,607.5846687511652,561.667016418016,0.12633398999756615,0.02029473320296647,-0.03879681904852064
A_pR15_cap200_d10_res1_e1,A,15.0,200.0,10.0,True,1.0,False,vs_B7,B7,0.190669346923353,0.13006039256140142,0.2233057887916092,1.0,668.7596996268273,561.667016418016,0.21264175444354308,0.1429618054062618,0.04821699016547437
A_pR15_cap200_d1_res0_e1,A,15.0,200.0,1.0,False,1.0,False,VSS,B1,0.03772212304021038,0.015781399483905462,0.05844210990891535,1.0,504.26847883044235,485.93787068265345,0.0900871209216239,0.1379510304447018,0.24203348239639688
A_pR15_cap200_d1_res0_e1,A,15.0,200.0,1.0,False,1.0,False,VCI,B4,0.09389190952331343,0.0681087727703246,0.1155660705378134,1.0,531.5635052707407,485.93787068265345,0.15977987761192558,0.05307170643281327,0.004939246558630663
A_pR15_cap200_d1_res0_e1,A,15.0,200.0,1.0,False,1.0,False,vs_CSAA,CSAA,-0.0006701045113418929,-0.0014233973004964273,-0.0002565915665389046,0.0,485.61224152327713,485.93787068265345,1.4397886918391946e-07,-0.00422978443605629,-0.007511919241455538
A_pR15_cap200_d1_res0_e1,A,15.0,200.0,1.0,False,1.0,False,vs_B3,B3,-0.000669885136784131,-0.0014232252945522766,-0.00025634803199084464,0.0,485.6123481256826,485.93787068265345,4.883051605053397e-07,-0.004229643537073335,-0.007511876560495852
A_pR15_cap200_d1_res0_e1,A,15.0,200.0,1.0,False,1.0,False,vs_B7,B7,0.3498887975809683,0.2842903045484967,0.37901506778269695,1.0,655.9620879548631,485.93787068265345,0.41974715036974547,0.2864774693544388,0.17155694480713282
A_pR15_cap200_d1_res1_e1,A,15.0,200.0,1.0,True,1.0,True,VSS,B1,0.03772212304020881,0.01578139948390445,0.058442109908913846,1.0,504.26847883044223,485.9378706826541,0.09008712092162467,0.1379510304446914,0.24203348239638062
A_pR15_cap200_d1_res1_e1,A,15.0,200.0,1.0,True,1.0,True,VCI,B4,0.0938872225004235,0.06810737676732627,0.11555966835715391,1.0,531.5612276688184,485.9378706826541,0.15976295812513452,0.05306159700690754,0.0049373181475701605
A_pR15_cap200_d1_res1_e1,A,15.0,200.0,1.0,True,1.0,True,vs_CSAA,CSAA,-0.0006701961268619516,-0.0014234691124719726,-0.00025669330376467347,0.0,485.612197003827,485.9378706826541,1.2898757039466563e-16,-0.004229843183580433,-0.007511936884495725
A_pR15_cap200_d1_res1_e1,A,15.0,200.0,1.0,True,1.0,True,vs_B3,B3,-0.00067019612686511,-0.001423469112474558,-0.000256693303768035,0.0,485.6121970038255,485.9378706826541,-3.740639541445303e-15,-0.004229843183582833,-0.007511936884497095
A_pR15_cap200_d1_res1_e1,A,15.0,200.0,1.0,True,1.0,True,vs_B7,B7,0.3526485323591554,0.28658614231455737,0.38207509943353796,1.0,657.3031475966251,485.9378706826541,0.4217099747493131,0.2879026280507934,0.17120842998652255
A_pR15_cap200_d3_res0_e1,A,15.0,200.0,3.0,False,1.0,False,VSS,B1,0.014830340886012542,-0.005657531204790328,0.027506332342418564,0.94,567.9856549171817,559.68533067438,0.05638187438663713,0.0695448181591211,0.1259231025356375
A_pR15_cap200_d3_res0_e1,A,15.0,200.0,3.0,False,1.0,False,VCI,B4,0.1512845557939112,0.10108381804063504,0.17283827336897112,1.0,644.3570773098219,559.68533067438,0.17687670966255,0.1086139007272923,0.024462101594537596
A_pR15_cap200_d3_res0_e1,A,15.0,200.0,3.0,False,1.0,False,vs_CSAA,CSAA,-0.0029539826725394876,-0.03148974977025281,0.033197242561547366,0.38,558.0320299054933,559.68533067438,-0.09114705236722852,0.1352464599294961,0.29023427229738735
A_pR15_cap200_d3_res0_e1,A,15.0,200.0,3.0,False,1.0,False,vs_B3,B3,0.08095604111042239,0.04991093613890249,0.0997469578678455,1.0,604.9952393133555,559.68533067438,0.12153654186569934,0.024781437399846038,-0.03518162722315901
A_pR15_cap200_d3_res0_e1,A,15.0,200.0,3.0,False,1.0,False,vs_B7,B7,0.190629714938573,0.1308468903625785,0.22281662114052259,1.0,666.377985716138,559.68533067438,0.21208523083995548,0.14789507792467568,0.05265382707277605
A_pR15_cap200_d3_res1_e1,A,15.0,200.0,3.0,True,1.0,True,VSS,B1,0.013871350489052622,-0.0054841264372844836,0.026995360762586025,0.94,568.2056767909144,560.4317318137392,0.04764692551604087,0.0741769574732773,0.13684188137598927
A_pR15_cap200_d3_res1_e1,A,15.0,200.0,3.0,True,1.0,True,VCI,B4,0.15240884755656187,0.10161751831866662,0.17419342029555404,1.0,645.8464861935994,560.4317318137392,0.1773190459140103,0.10851517441943878,0.02333335012487021
A_pR15_cap200_d3_res1_e1,A,15.0,200.0,3.0,True,1.0,True,vs_CSAA,CSAA,-0.0013832115531418516,-0.030385405660443864,0.035117346206805636,0.44,559.6565361675472,560.4317318137392,-0.09144504463702526,0.1352187134895099,0.28969875994377553
A_pR15_cap200_d3_res1_e1,A,15.0,200.0,3.0,True,1.0,True,vs_B3,B3,0.08397686318676807,0.052912804869137964,0.10231667389682889,1.0,607.4950306817851,560.4317318137392,0.1263339899975657,0.025948628435018,-0.034712234027071645
A_pR15_cap200_d3_res1_e1,A,15.0,200.0,3.0,True,1.0,True,vs_B7,B7,0.19329377989096452,0.13285463717573034,0.22583303741009716,1.0,668.7596996268562,560.4317318137392,0.21264175444363487,0.14929545203967526,0.05267133603335446
A_pR15_cap50_d10_res0_e1,A,15.0,50.0,10.0,False,1.0,False,VSS,B1,0.010193186316285517,-0.008816902522568457,0.02309559080676041,0.9,566.9410729945301,561.2204483994849,0.04257987780648877,0.07018448033037981,0.13491787039327782
A_pR15_cap50_d10_res0_e1,A,15.0,50.0,10.0,False,1.0,False,VCI,B4,0.14537308061599685,0.09570646305155361,0.1668980601816078,1.0,642.8067938880091,561.2204483994849,0.16970424395992761,0.10248474494541986,0.02084751371878956
A_pR15_cap50_d10_res0_e1,A,15.0,50.0,10.0,False,1.0,False,vs_CSAA,CSAA,0.022387893540449743,-0.023111520725313407,0.11395152463702077,0.72,573.784992050976,561.2204483994849,-0.09099580682285377,0.15757274291948428,0.4929203547425794
A_pR15_cap50_d10_res0_e1,A,15.0,50.0,10.0,False,1.0,False,vs_B3,B3,0.08022561285508728,0.0492857916277386,0.09913297434298896,1.0,606.2447028191405,561.2204483994849,0.12132012212585627,0.022979166098481472,-0.03612123002652852
A_pR15_cap50_d10_res0_e1,A,15.0,50.0,10.0,False,1.0,False,vs_B7,B7,0.1873890599040692,0.12769275096426796,0.21986656903178955,1.0,666.3870206240045,561.2204483994849,0.20688729684145207,0.14361320785958945,0.04996995886692246
A_pR15_cap50_d10_res1_e1,A,15.0,50.0,10.0,True,1.0,False,VSS,B1,0.010845700347934997,-0.00879018122028633,0.023812962415148093,0.9,567.9249816590086,561.8315252896933,0.04388295657688439,0.06967155140879157,0.13386182376056527
A_pR15_cap50_d10_res1_e1,A,15.0,50.0,10.0,True,1.0,False,VCI,B4,0.14663103487000512,0.09616347602945496,0.16833225915983482,1.0,644.2134632655145,561.8315252896933,0.17185258690261868,0.10211968554700156,0.019750531057844547
A_pR15_cap50_d10_res1_e1,A,15.0,50.0,10.0,True,1.0,False,vs_CSAA,CSAA,0.0241172347897312,-0.02169444952747557,0.1171760345839347,0.74,575.3813480973777,561.8315252896933,-0.09031862902663597,0.16615619676582594,0.5089111324722588
A_pR15_cap50_d10_res1_e1,A,15.0,50.0,10.0,True,1.0,False,vs_B3,B3,0.08143569985305528,0.051234788758277985,0.10004541852391874,1.0,607.584668751169,561.8315252896933,0.12387352083387242,0.022089579755414042,-0.03727419721901375
A_pR15_cap50_d10_res1_e1,A,15.0,50.0,10.0,True,1.0,False,vs_B7,B7,0.18785112435873708,0.1274360465382781,0.22047791378465967,1.0,667.3722090155464,561.8315252896933,0.20811852041634096,0.14294910680909603,0.04911813866542115
A_pR15_cap50_d1_res0_e1,A,15.0,50.0,1.0,False,1.0,False,VSS,B1,0.03772212304021014,0.015781399483905133,0.0584421099089149,1.0,504.26847883044235,485.93787068265357,0.0900871209216239,0.13795103044470006,0.2420334823963947
A_pR15_cap50_d1_res0_e1,A,15.0,50.0,1.0,False,1.0,False,VCI,B4,0.09389190952331879,0.0681087727703282,0.11556607053781615,1.0,531.5635052707435,485.93787068265357,0.15977987761192558,0.05307170643283566,0.004939246558655512
A_pR15_cap50_d1_res0_e1,A,15.0,50.0,1.0,False,1.0,False,vs_CSAA,CSAA,-0.0006701045072258328,-0.0014233973111518277,-0.0002565915774616401,0.0,485.6122415252774,485.93787068265357,1.439332191928811e-07,-0.004229784450982013,-0.00751191922115665
A_pR15_cap50_d1_res0_e1,A,15.0,50.0,1.0,False,1.0,False,vs_B3,B3,-0.0006698851120323244,-0.0014232252764112602,-0.00025634800368050956,0.0,485.61234813771057,485.93787068265357,4.883454250073389e-07,-0.004229643527206558,-0.007511876566475755
A_pR15_cap50_d1_res0_e1,A,15.0,50.0,1.0,False,1.0,False,vs_B7,B7,0.34988879758096797,0.28429030454849613,0.37901506778269684,1.0,655.9620879548631,485.93787068265357,0.41974715036974547,0.2864774693544368,0.17155694480713077
A_pR15_cap50_d1_res1_e1,A,15.0,50.0,1.0,True,1.0,True,VSS,B1,0.03772212304020856,0.015781399483904213,0.05844210990891382,1.0,504.26847883044235,485.9378706826543,0.09008712092162467,0.13795103044469356,0.24203348239638642
A_pR15_cap50_d1_res1_e1,A,15.0,50.0,1.0,True,1.0,True,VCI,B4,0.09388722250041223,0.06810737676731789,0.11555966835714769,1.0,531.5612276688132,485.9378706826543,0.15976295812513452,0.05306159700685901,0.0049373181475174995
A_pR15_cap50_d1_res1_e1,A,15.0,50.0,1.0,True,1.0,True,vs_CSAA,CSAA,-0.0006701961268627701,-0.0014234691124729543,-0.000256693303765059,0.0,485.61219700382685,485.9378706826543,-2.5797514078933125e-16,-0.004229843183582607,-0.007511936884498059
A_pR15_cap50_d1_res1_e1,A,15.0,50.0,1.0,True,1.0,True,vs_B3,B3,-0.0006701961268649927,-0.0014234691124742698,-0.0002566933037679689,0.0,485.61219700382577,485.9378706826543,-4.772540104602628e-15,-0.004229843183582607,-0.007511936884495906
A_pR15_cap50_d1_res1_e1,A,15.0,50.0,1.0,True,1.0,True,vs_B7,B7,0.35264853235914423,0.28658614231454793,0.38207509943353,1.0,657.30314759662,485.9378706826543,0.4217099747492935,0.2879026280507839,0.17120842998651908
A_pR15_cap50_d3_res0_e1,A,15.0,50.0,3.0,False,1.0,False,VSS,B1,0.01012370723437642,-0.009074557011271888,0.023074152788355676,0.9,566.9410729945305,561.259050682774,0.042579877806488725,0.07019194923601627,0.1349380088005183
A_pR15_cap50_d3_res0_e1,A,15.0,50.0,3.0,False,1.0,False,VCI,B4,0.1452943041292674,0.09537823204078104,0.166881036729699,1.0,642.8067938879809,561.259050682774,0.16970424395987663,0.10249243927721295,0.020865628018909656
A_pR15_cap50_d3_res0_e1,A,15.0,50.0,3.0,False,1.0,False,vs_CSAA,CSAA,-0.000919244557499017,-0.0329472285608345,0.037725748862998176,0.36,560.7431163550868,561.259050682774,-0.09099580682285464,0.09450469733110661,0.23987002578622682
A_pR15_cap50_d3_res0_e1,A,15.0,50.0,3.0,False,1.0,False,vs_B3,B3,0.08015131708199658,0.04900522389058359,0.09910401813166544,1.0,606.2447028191895,561.259050682774,0.12132012212596578,0.022986305554352188,-0.03610412660113708
A_pR15_cap50_d3_res0_e1,A,15.0,50.0,3.0,False,1.0,False,vs_B7,B7,0.18730739364173352,0.12735495280346182,0.2198487927255887,1.0,666.3870206239981,561.259050682774,0.2068872968414352,0.1436211892303501,0.04998858992663302
A_pR15_cap50_d3_res1_e1,A,15.0,50.0,3.0,True,1.0,True,VSS,B1,0.010841046807412777,-0.008810507504922663,0.02381465416761739,0.9,567.9249816590066,561.8341117554644,0.04388678954018287,0.06967788240674369,0.1338723161120578
A_pR15_cap50_d3_res1_e1,A,15.0,50.0,3.0,True,1.0,True,VCI,B4,0.1466257562263152,0.09613336421785944,0.1683335766745706,1.0,644.2134632653494,561.8341117554644,0.17185688974867797,0.10212620859342587,0.019759967464073235
A_pR15_cap50_d3_res1_e1,A,15.0,50.0,3.0,True,1.0,True,vs_CSAA,CSAA,0.0002646595835665989,-0.031926228247997145,0.03921991184576376,0.42,561.9828065375151,561.8341117554644,-0.09031528882907829,0.09629252280487001,0.24322553659404308
A_pR15_cap50_d3_res1_e1,A,15.0,50.0,3.0,True,1.0,True,vs_B3,B3,0.08127117590573421,0.05058032793137125,0.09999150163487695,1.0,607.4950306817847,561.8341117554644,0.12387764750912554,0.022095629132928805,-0.03726528849901929
A_pR15_cap50_d3_res1_e1,A,15.0,50.0,3.0,True,1.0,True,vs_B7,B7,0.18784565595407815,0.12740507206318946,0.22047929228609325,1.0,667.3722090155464,561.8341117554644,0.20812295642511566,0.1429558715103161,0.04912784682917008
A_pR25_cap100_d10_res0_e1,A,25.0,100.0,10.0,False,1.0,False,VSS,B1,0.011284200017796862,-0.008505732117556201,0.024152285433376233,0.92,568.4371666057621,562.0943811796511,0.04799094169252401,0.0667209310357922,0.13013796777477724
A_pR25_cap100_d10_res0_e1,A,25.0,100.0,10.0,False,1.0,False,VCI,B4,0.15067871927685708,0.09938103801750901,0.1729445139169458,1.0,646.7900426485185,562.0943811796511,0.1796795190995948,0.10184591953110647,0.01787365695700143
A_pR25_cap100_d10_res0_e1,A,25.0,100.0,10.0,False,1.0,False,vs_CSAA,CSAA,-0.004938964529215105,-0.03167611447662962,0.02556331712217118,0.3,559.3182169689337,562.0943811796511,-0.08292418049982916,0.07945646520550106,0.1897290929124888
A_pR25_cap100_d10_res0_e1,A,25.0,100.0,10.0,False,1.0,False,vs_B3,B3,0.08181676214341153,0.05059395231198245,0.1023694504085337,1.0,608.0831234667747,562.0943811796511,0.13119742255339936,0.018895670301419205,-0.04166875842347674
A_pR25_cap100_d10_res0_e1,A,25.0,100.0,10.0,False,1.0,False,vs_B7,B7,0.19138351205573279,0.13039349527946553,0.22417629007490383,1.0,669.6699779566065,562.0943811796511,0.21482406544799648,0.14212894227675327,0.046740876375116834
A_pR25_cap100_d10_res1_e1,A,25.0,100.0,10.0,True,1.0,False,VSS,B1,0.012154281424334733,-0.007944054350234597,0.025140509415794165,0.92,569.6724133875084,562.8315997298829,0.04869606321616292,0.06764650620421232,0.1304513453801
A_pR25_cap100_d10_res1_e1,A,25.0,100.0,10.0,True,1.0,False,VCI,B4,0.1418372244682989,0.09201127855985643,0.1640544510207105,1.0,642.662071678622,562.8315997298829,0.170832459026343,0.09495708047442146,0.014731642435043551
A_pR25_cap100_d10_res1_e1,A,25.0,100.0,10.0,True,1.0,False,vs_CSAA,CSAA,0.017439614422140443,-0.025144334852760557,0.09969479425680888,0.72,572.6471658137685,562.8315997298829,-0.082558387457501,0.0893773357932359,0.36452908965476216
A_pR25_cap100_d10_res1_e1,A,25.0,100.0,10.0,True,1.0,False,vs_B3,B3,0.08126922227387036,0.049552960967464275,0.10223769690730698,1.0,608.5724861110888,562.8315997298829,0.131615334166646,0.018749735666380687,-0.042669056975284
A_pR25_cap100_d10_res1_e1,A,25.0,100.0,10.0,True,1.0,False,vs_B7,B7,0.1922102838299296,0.13083558455359506,0.22521709819832084,1.0,671.013621262417,562.8315997298829,0.21535301175658975,0.14318818242211767,0.04748209411019542
A_pR25_cap100_d1_res0_e1,A,25.0,100.0,1.0,False,1.0,False,VSS,B1,0.0377221230402094,0.015781399483904775,0.0584421099089145,1.0,504.26847883044246,485.937870682654,0.0900871209216239,0.13795103044469748,0.24203348239639152
A_pR25_cap100_d1_res0_e1,A,25.0,100.0,1.0,False,1.0,False,VCI,B4,0.09388722250041615,0.06810737676732086,0.11555966835714991,1.0,531.5612276688148,485.937870682654,0.15976295812513452,0.0530615970068727,0.0049373181475322
A_pR25_cap100_d1_res0_e1,A,25.0,100.0,1.0,False,1.0,False,vs_CSAA,CSAA,-0.0006701961268613668,-0.001423469112471527,-0.0002566933037645539,0.0,485.61219700382725,485.937870682654,0.0,-0.004229843183578693,-0.007511936884493588
A_pR25_cap100_d1_res0_e1,A,25.0,100.0,1.0,False,1.0,False,vs_B3,B3,-0.0006698851519216198,-0.001423225305055772,-0.00025634805007774717,0.0,485.6123481183273,485.937870682654,4.882773064134384e-07,-0.004229643543511297,-0.007511876557251217
A_pR25_cap100_d1_res0_e1,A,25.0,100.0,1.0,False,1.0,False,vs_B7,B7,0.3526485323591174,0.28658614231452567,0.38207509943351053,1.0,657.3031475966065,485.937870682654,0.42170997474924166,0.2879026280507693,0.17120842998652078
A_pR25_cap100_d1_res1_e0.5,A,25.0,100.0,1.0,True,0.5,True,VCI,B4,0.09069200489326898,0.0657278719628246,0.11243159240947741,1.0,529.9693154531798,485.9018981302981,0.15677404953575474,0.04707786978961215,-0.001968955375232112
A_pR25_cap100_d1_res1_e1,A,25.0,100.0,1.0,True,1.0,True,VSS,B1,0.03772212304020855,0.01578139948390409,0.05844210990891395,1.0,504.2684788304425,485.9378706826545,0.09008712092162467,0.137951030444693,0.2420334823963859
A_pR25_cap100_d1_res1_e1,A,25.0,100.0,1.0,True,1.0,True,VCI,B4,0.09388722250041442,0.06810737676731947,0.11555966835714876,1.0,531.5612276688145,485.9378706826545,0.15976295812513452,0.05306159700686943,0.004937318147529827
A_pR25_cap100_d1_res1_e1,A,25.0,100.0,1.0,True,1.0,True,vs_CSAA,CSAA,-0.000670196126862185,-0.0014234691124727836,-0.0002566933037648322,0.0,485.6121970038273,485.9378706826545,-1.2898757039466563e-16,-0.004229843183582167,-0.00751193688449825
A_pR25_cap100_d1_res1_e1,A,25.0,100.0,1.0,True,1.0,True,vs_B3,B3,-0.0006701961268626529,-0.0014234691124730067,-0.0002566933037650054,0.0,485.6121970038271,485.9378706826545,-2.5797514078933125e-16,-0.004229843183582604,-0.00751193688449825
A_pR25_cap100_d1_res1_e1,A,25.0,100.0,1.0,True,1.0,True,vs_B7,B7,0.35264853235912597,0.2865861423145325,0.38207509943351703,1.0,657.3031475966113,485.9378706826545,0.4217099747492602,0.2879026280507708,0.17120842998651645
A_pR25_cap100_d1_res1_e2,A,25.0,100.0,1.0,True,2.0,True,VCI,B4,0.2673432378411303,0.2124508589292155,0.30384212508278435,1.0,618.3827376968671,487.93627427267296,0.3493852064472205,0.19153551557152448,0.09324466729122935
A_pR25_cap100_d3_res0_e1,A,25.0,100.0,3.0,False,1.0,False,VSS,B1,0.011284200017794588,-0.008505732117559079,0.02415228543337422,0.92,568.4371666057633,562.0943811796536,0.0479909416925269,0.06672093103579241,0.13013796777478875
A_pR25_cap100_d3_res0_e1,A,25.0,100.0,3.0,False,1.0,False,VCI,B4,0.15067871927685195,0.09938103801750617,0.17294451391694188,1.0,646.7900426485185,562.0943811796536,0.17967951909959418,0.1018459195310897,0.017873656956986377
A_pR25_cap100_d3_res0_e1,A,25.0,100.0,3.0,False,1.0,False,vs_CSAA,CSAA,-0.005141272559093415,-0.031689501596694813,0.02510768012879897,0.3,559.2045007620741,562.0943811796536,-0.08292418049982724,0.07726104405009976,0.18554144628205319
A_pR25_cap100_d3_res0_e1,A,25.0,100.0,3.0,False,1.0,False,vs_B3,B3,0.0817729190232452,0.05041807040715596,0.10235607093299864,1.0,608.0584794952786,562.0943811796536,0.1311997321964675,0.018896768381589706,-0.04166874962451256
A_pR25_cap100_d3_res0_e1,A,25.0,100.0,3.0,False,1.0,False,vs_B7,B7,0.19138351205572182,0.13039349527945376,0.22417629007489107,1.0,669.6699779566034,562.0943811796536,0.2148240654479927,0.14212894227673653,0.046740876375105676
A_pR25_cap100_d3_res1_e1,A,25.0,100.0,3.0,True,1.0,True,VSS,B1,0.01215428142434291,-0.007944054350212455,0.025140509415800837,0.92,569.6724133875085,562.8315997298785,0.04869606321616347,0.06764650620421907,0.13045134538009764
A_pR25_cap100_d3_res1_e1,A,25.0,100.0,3.0,True,1.0,True,VCI,B4,0.14183722446833233,0.0920112785598958,0.16405445102074792,1.0,642.6620716786358,562.8315997298785,0.17083245902636623,0.0949570804744522,0.014731642435054697
A_pR25_cap100_d3_res1_e1,A,25.0,100.0,3.0,True,1.0,True,vs_CSAA,CSAA,-0.0016624416751670657,-0.03233545603477163,0.036985210234337026,0.32,561.8959250223866,562.8315997298785,-0.08359597475832528,0.0731781493365999,0.20404395435544942
A_pR25_cap100_d3_res1_e1,A,25.0,100.0,3.0,True,1.0,True,vs_B3,B3,0.08126922227392937,0.0495529609675121,0.10223769690736723,1.0,608.5724861111172,562.8315997298785,0.131615334166702,0.018749735666414868,-0.04266905697528716
A_pR25_cap100_d3_res1_e1,A,25.0,100.0,3.0,True,1.0,True,vs_B7,B7,0.19221028382993233,0.13083558455361338,0.22521709819832447,1.0,671.0136212624133,562.8315997298785,0.21535301175658084,0.14318818242211415,0.04748209411017867
A_pR25_cap200_d10_res0_e1,A,25.0,200.0,10.0,False,1.0,False,VSS,B1,0.011284200017796845,-0.008505732117555644,0.024152285433375314,0.92,568.437166605763,562.094381179652,0.04799094169252343,0.06672093103579048,0.13013796777477418
A_pR25_cap200_d10_res0_e1,A,25.0,200.0,10.0,False,1.0,False,VCI,B4,0.15067871927685986,0.09938103801751186,0.17294451391694904,1.0,646.7900426485211,562.094381179652,0.17967951909959531,0.10184591953110929,0.017873656957005057
A_pR25_cap200_d10_res0_e1,A,25.0,200.0,10.0,False,1.0,False,vs_CSAA,CSAA,-0.0049389645292169165,-0.03167611447663195,0.025563317122169645,0.3,559.3182169689336,562.094381179652,-0.08292418049983195,0.07945646520550066,0.18972909291249063
A_pR25_cap200_d10_res0_e1,A,25.0,200.0,10.0,False,1.0,False,vs_B3,B3,0.0818167621433932,0.05059395231191808,0.10236945040852562,1.0,608.0831234667654,562.094381179652,0.13119742255339592,0.01889567030141844,-0.04166875842347526
A_pR25_cap200_d10_res0_e1,A,25.0,200.0,10.0,False,1.0,False,vs_B7,B7,0.19138351205573087,0.1303934952794648,0.2241762900749017,1.0,669.6699779566065,562.094381179652,0.214824065447993,0.14212894227675282,0.046740876375118964
A_pR25_cap200_d10_res1_e1,A,25.0,200.0,10.0,True,1.0,False,VSS,B1,0.01215428142435169,-0.007944054350201697,0.025140509415808608,0.92,569.672413387509,562.831599729874,0.048696063216163266,0.06764650620423136,0.13045134538009753
A_pR25_cap200_d10_res1_e1,A,25.0,200.0,10.0,True,1.0,False,VCI,B4,0.14183722446833164,0.09201127855990156,0.16405445102074417,1.0,642.6620716786304,562.831599729874,0.17083245902635721,0.09495708047445438,0.014731642435050997
A_pR25_cap200_d10_res1_e1,A,25.0,200.0,10.0,True,1.0,False,vs_CSAA,CSAA,0.017439614422165763,-0.025144334852746357,0.09969479425684691,0.72,572.6471658137738,562.831599729874,-0.08255838745750001,0.0893773357932621,0.3645290896548307
A_pR25_cap200_d10_res1_e1,A,25.0,200.0,10.0,True,1.0,False,vs_B3,B3,0.08126922227388779,0.04955296096748643,0.10223769690731592,1.0,608.572486111089,562.831599729874,0.13161533416664406,0.01874973566639613,-0.04266905697529026
A_pR25_cap200_d10_res1_e1,A,25.0,200.0,10.0,True,1.0,False,vs_B7,B7,0.19221028382994637,0.13083558455363034,0.2252170981983414,1.0,671.0136212624159,562.831599729874,0.21535301175658592,0.14318818242213316,0.04748209411018624
A_pR25_cap200_d1_res0_e1,A,25.0,200.0,1.0,False,1.0,False,VSS,B1,0.03772212304020952,0.015781399483904893,0.0584421099089145,1.0,504.26847883044246,485.93787068265397,0.09008712092162405,0.1379510304446982,0.24203348239639177
A_pR25_cap200_d1_res0_e1,A,25.0,200.0,1.0,False,1.0,False,VCI,B4,0.09388722250041534,0.06810737676732004,0.11555966835714934,1.0,531.5612276688144,485.93787068265397,0.1597629581251347,0.05306159700687164,0.004937318147532004
A_pR25_cap200_d1_res0_e1,A,25.0,200.0,1.0,False,1.0,False,vs_CSAA,CSAA,-0.0006701046305624609,-0.0014233974241776588,-0.00025659168066514623,0.0,485.61224146534386,485.93787068265397,1.4384367357074928e-07,-0.0042297845672346355,-0.0075119194142316955
A_pR25_cap200_d1_res0_e1,A,25.0,200.0,1.0,False,1.0,False,vs_B3,B3,-0.000669885148167018,-0.0014232253087481021,-0.00025634806322044694,0.0,485.61234812015175,485.93787068265397,4.882656372949076e-07,-0.004229643523175964,-0.007511876541147211
A_pR25_cap200_d1_res0_e1,A,25.0,200.0,1.0,False,1.0,False,vs_B7,B7,0.3526485323591251,0.28658614231453194,0.382075099433516,1.0,657.3031475966102,485.93787068265397,0.4217099747492555,0.287902628050775,0.1712084299865218
A_pR25_cap200_d1_res1_e1,A,25.0,200.0,1.0,True,1.0,True,VSS,B1,0.03772212304020843,0.01578139948390409,0.05844210990891386,1.0,504.26847883044246,485.9378706826545,0.09008712092162467,0.13795103044469323,0.24203348239638636
A_pR25_cap200_d1_res1_e1,A,25.0,200.0,1.0,True,1.0,True,VCI,B4,0.09388722250041887,0.06810737676732286,0.11555966835715133,1.0,531.5612276688166,485.9378706826545,0.15976295812513452,0.053061597006889734,0.004937318147551947
A_pR25_cap200_d1_res1_e1,A,25.0,200.0,1.0,True,1.0,True,vs_CSAA,CSAA,-0.000670196126862419,-0.0014234691124729274,-0.0002566933037650054,0.0,485.6121970038272,485.9378706826545,1.2898757039466563e-16,-0.0042298431835826045,-0.0075119368844978615
A_pR25_cap200_d1_res1_e1,A,25.0,200.0,1.0,True,1.0,True,vs_B3,B3,-0.0006701961268627699,-0.0014234691124730067,-0.0002566933037650054,0.0,485.612197003827,485.9378706826545,3.869627111839969e-16,-0.004229843183582823,-0.007511936884498645
A_pR25_cap200_d1_res1_e1,A,25.0,200.0,1.0,True,1.0,True,vs_B7,B7,0.35264853235913063,0.28658614231453644,0.3820750994335202,1.0,657.3031475966136,485.9378706826545,0.42170997474926847,0.28790262805077416,0.1712084299865171
A_pR25_cap200_d3_res0_e1,A,25.0,200.0,3.0,False,1.0,False,VSS,B1,0.011284200017792758,-0.008505732117560241,0.024152285433373,0.92,568.4371666057627,562.0943811796541,0.04799094169252292,0.06672093103579275,0.13013796777479208
A_pR25_cap200_d3_res0_e1,A,25.0,200.0,3.0,False,1.0,False,VCI,B4,0.1506787192768599,0.09938103801751298,0.17294451391695256,1.0,646.7900426485235,562.0943811796541,0.17967951909960106,0.10184591953109687,0.017873656956991873
A_pR25_cap200_d3_res0_e1,A,25.0,200.0,3.0,False,1.0,False,vs_CSAA,CSAA,-0.00514127255909422,-0.03168950159669602,0.02510768012879852,0.3,559.2045007620741,562.0943811796541,-0.08292418049982862,0.07726104405009934,0.1855414462820538
A_pR25_cap200_d3_res0_e1,A,25.0,200.0,3.0,False,1.0,False,vs_B3,B3,0.08177291902323239,0.050418070407147346,0.10235607093298375,1.0,608.0584794952719,562.0943811796541,0.13119973219645148,0.01889676838158268,-0.041668749624511725
A_pR25_cap200_d3_res0_e1,A,25.0,200.0,3.0,False,1.0,False,vs_B7,B7,0.19138351205571966,0.1303934952794523,0.22417629007488885,1.0,669.6699779566027,562.0943811796541,0.21482406544799,0.14212894227673475,0.0467408763751045
A_pR25_cap200_d3_res1_e1,A,25.0,200.0,3.0,True,1.0,True,VSS,B1,0.012154281424345562,-0.007944054350207258,0.025140509415803168,0.92,569.6724133875088,562.8315997298772,0.0486960632161639,0.06764650620422144,0.130451345380096
A_pR25_cap200_d3_res1_e1,A,25.0,200.0,3.0,True,1.0,True,VCI,B4,0.14183722446835023,0.09201127855991106,0.16405445102076918,1.0,642.6620716786445,562.8315997298772,0.17083245902638314,0.0949570804744709,0.014731642435066307
A_pR25_cap200_d3_res1_e1,A,25.0,200.0,3.0,True,1.0,True,vs_CSAA,CSAA,-0.0016624416751644434,-0.03233545603476976,0.036985210234340204,0.32,561.8959250223868,562.8315997298772,-0.08359597475832647,0.07317814933660513,0.2040439543554555
A_pR25_cap200_d3_res1_e1,A,25.0,200.0,3.0,True,1.0,True,vs_B3,B3,0.08126922227393299,0.049552960967515894,0.10223769690736946,1.0,608.5724861111179,562.8315997298772,0.1316153341667035,0.0187497356664166,-0.04266905697528947
A_pR25_cap200_d3_res1_e1,A,25.0,200.0,3.0,True,1.0,True,vs_B7,B7,0.19221028382994104,0.13083558455362426,0.22521709819833455,1.0,671.0136212624167,562.8315997298772,0.21535301175658605,0.14318818242212383,0.04748209411018593
A_pR25_cap50_d10_res0_e1,A,25.0,50.0,10.0,False,1.0,False,VSS,B1,0.010672805822780655,-0.009102444372103953,0.023572242624619787,0.9,568.2314958056297,562.2309144283713,0.04447635198664599,0.06766020772695737,0.13153854596445502
A_pR25_cap50_d10_res0_e1,A,25.0,50.0,10.0,False,1.0,False,VCI,B4,0.14720076171273833,0.09647964148926431,0.16917821568217686,1.0,644.991733290677,562.2309144283713,0.17346961430227623,0.10062793770587529,0.018022804352621925
A_pR25_cap50_d10_res0_e1,A,25.0,50.0,10.0,False,1.0,False,vs_CSAA,CSAA,0.0007729447837406269,-0.03185789746245372,0.042849804838057115,0.38,562.6654878809364,562.2309144283713,-0.0853234892517968,0.08106133625200379,0.2376099902630524
A_pR25_cap50_d10_res0_e1,A,25.0,50.0,10.0,False,1.0,False,vs_B3,B3,0.08155405165689393,0.0505198377768568,0.10153332227962453,1.0,608.0831234667654,562.2309144283713,0.1282878682000272,0.020087654887063728,-0.04047540952083816
A_pR25_cap50_d10_res0_e1,A,25.0,50.0,10.0,False,1.0,False,vs_B7,B7,0.18761395754213242,0.12697737129004133,0.22034925355283025,1.0,667.71328133681,562.2309144283713,0.2087722001774315,0.14082352565590528,0.047086681106706156
A_pR25_cap50_d10_res1_e1,A,25.0,50.0,10.0,True,1.0,False,VSS,B1,0.011470626463023301,-0.008518768669804638,0.024397671472425036,0.92,569.5380101728811,563.0791396923496,0.04645026394190606,0.06767634907555554,0.1308499954764382
A_pR25_cap50_d10_res1_e1,A,25.0,50.0,10.0,True,1.0,False,VCI,B4,0.1413352517903359,0.09161183120699581,0.1635867876168784,1.0,642.6620716786535,563.0791396923496,0.1689565464431203,0.09521864191219576,0.01513182738860764
A_pR25_cap50_d10_res1_e1,A,25.0,50.0,10.0,True,1.0,False,vs_CSAA,CSAA,0.016992329225076406,-0.025810526609299816,0.09945355782338726,0.72,572.6471658137748,563.0791396923496,-0.08402831618396203,0.0896375643512865,0.3650672260324825
A_pR25_cap50_d10_res1_e1,A,25.0,50.0,10.0,True,1.0,False,vs_B3,B3,0.08079387640536638,0.04928854061064057,0.10146752103170964,1.0,608.5724861110933,563.0791396923496,0.12980225542218252,0.01899309282648109,-0.04229150943176511
A_pR25_cap50_d10_res1_e1,A,25.0,50.0,10.0,True,1.0,False,vs_B7,B7,0.18814859852324686,0.1272615376572184,0.22076556169334843,1.0,669.0216906831407,563.0791396923496,0.21069495815354758,0.14068999734751175,0.04662464225630098
A_pR25_cap50_d1_res0_e1,A,25.0,50.0,1.0,False,1.0,False,VSS,B1,0.037722123040209034,0.015781399483904418,0.05844210990891411,1.0,504.26847883044246,485.9378706826542,0.0900871209216239,0.13795103044469573,0.24203348239638933
A_pR25_cap50_d1_res0_e1,A,25.0,50.0,1.0,False,1.0,False,VCI,B4,0.09388722250041015,0.06810737676731626,0.11555966835714644,1.0,531.5612276688121,485.9378706826542,0.15976295812513452,0.05306159700685189,0.00493731814751164
A_pR25_cap50_d1_res0_e1,A,25.0,50.0,1.0,False,1.0,False,vs_CSAA,CSAA,-0.0006701044885206694,-0.001423397301133401,-0.00025659157395215525,0.0,485.61224153436757,485.9378706826542,1.4403467578523829e-07,-0.00422978443063924,-0.007511919236448545
A_pR25_cap50_d1_res0_e1,A,25.0,50.0,1.0,False,1.0,False,vs_B3,B3,-0.0006698851445297436,-0.0014232253000497793,-0.0002563480412740082,0.0,485.61234812191947,485.9378706826542,4.882901411926429e-07,-0.004229643540600725,-0.007511876558852464
A_pR25_cap50_d1_res0_e1,A,25.0,50.0,1.0,False,1.0,False,vs_B7,B7,0.35264853235911997,0.2865861423145276,0.3820750994335123,1.0,657.303147596608,485.9378706826542,0.42170997474924754,0.2879026280507693,0.1712084299865191
A_pR25_cap50_d1_res1_e1,A,25.0,50.0,1.0,True,1.0,True,VSS,B1,0.03772212304020782,0.0157813994839035,0.058442109908913326,1.0,504.26847883044246,485.93787068265476,0.09008712092162442,0.13795103044469,0.24203348239638273
A_pR25_cap50_d1_res1_e1,A,25.0,50.0,1.0,True,1.0,True,VCI,B4,0.09388722250041776,0.06810737676732194,0.11555966835715067,1.0,531.5612276688164,485.93787068265476,0.15976295812513452,0.053061597006884564,0.004937318147546452
A_pR25_cap50_d1_res1_e1,A,25.0,50.0,1.0,True,1.0,True,vs_CSAA,CSAA,-0.0006701961268632374,-0.0014234691124740142,-0.0002566933037653373,0.0,485.6121970038271,485.93787068265476,-1.2898757039466563e-16,-0.004229843183585211,-0.007511936884500776
A_pR25_cap50_d1_res1_e1,A,25.0,50.0,1.0,True,1.0,True,vs_B3,B3,-0.0006701961268630035,-0.0014234691124740406,-0.0002566933037652445,0.0,485.6121970038272,485.93787068265476,1.2898757039466563e-16,-0.004229843183585211,-0.007511936884501167
A_pR25_cap50_d1_res1_e1,A,25.0,50.0,1.0,True,1.0,True,vs_B7,B7,0.35264853235912913,0.2865861423145352,0.38207509943351936,1.0,657.3031475966133,485.93787068265476,0.4217099747492674,0.2879026280507705,0.17120842998651387
A_pR25_cap50_d3_res0_e1,A,25.0,50.0,3.0,False,1.0,False,VSS,B1,0.010672805822779229,-0.009102444372109931,0.023572242624619436,0.9,568.2314958056295,562.2309144283719,0.044476351986639726,0.06766020772697105,0.131538545964475
A_pR25_cap50_d3_res0_e1,A,25.0,50.0,3.0,False,1.0,False,VCI,B4,0.14720076171272403,0.09647964148924942,0.1691782156821609,1.0,644.9917332906696,562.2309144283719,0.173469614302259,0.10062793770586846,0.018022804352619035
A_pR25_cap50_d3_res0_e1,A,25.0,50.0,3.0,False,1.0,False,vs_CSAA,CSAA,-0.004180155431659291,-0.032206768929891126,0.027560515473058586,0.32,559.8807018175773,562.2309144283719,-0.08532348925181239,0.07202898158406501,0.18117498040114383
A_pR25_cap50_d3_res0_e1,A,25.0,50.0,3.0,False,1.0,False,vs_B3,B3,0.08151021918369566,0.050344022024672495,0.10151995137581704,1.0,608.0584794952781,562.2309144283719,0.12829017190245148,0.020088754251875608,-0.04047540071089891
A_pR25_cap50_d3_res0_e1,A,25.0,50.0,3.0,False,1.0,False,vs_B7,B7,0.1876139575421219,0.1269773712900248,0.22034925355282095,1.0,667.7132813368048,562.2309144283719,0.20877220017742013,0.1408235256559082,0.04708668110671063
A_pR25_cap50_d3_res1_e1,A,25.0,50.0,3.0,True,1.0,True,VSS,B1,0.011470626463036177,-0.00851876866979916,0.024397671472441363,0.92,569.5380101728806,563.079139692342,0.04645026394190014,0.06767634907559711,0.13084999547648038
A_pR25_cap50_d3_res1_e1,A,25.0,50.0,3.0,True,1.0,True,VCI,B4,0.14133525179028492,0.0916118312069566,0.16358678761681392,1.0,642.6620716786161,563.079139692342,0.16895654644304567,0.0952186419121571,0.015131827388566292
A_pR25_cap50_d3_res1_e1,A,25.0,50.0,3.0,True,1.0,True,vs_CSAA,CSAA,-0.0021013292564908055,-0.03299986201576174,0.036772630158315396,0.32,561.8959250223868,563.079139692342,-0.08506424105814507,0.07343450826126019,0.20451879938224932
A_pR25_cap50_d3_res1_e1,A,25.0,50.0,3.0,True,1.0,True,vs_B3,B3,0.08079387640542461,0.049288540610682705,0.10146752103176772,1.0,608.5724861111179,563.079139692342,0.12980225542223114,0.018993092826539108,-0.042291509431741696
A_pR25_cap50_d3_res1_e1,A,25.0,50.0,3.0,True,1.0,True,vs_B7,B7,0.18814859852325505,0.12726153765721773,0.22076556169336223,1.0,669.0216906831363,563.079139692342,0.21069495815354117,0.1406899973475384,0.04662464225631293
A_pR40_cap100_d10_res0_e1,A,40.0,100.0,10.0,False,1.0,False,VSS,B1,0.005167935000415903,-0.014009762344169157,0.01639152802491933,0.84,565.9836699565763,563.0737414602686,0.03373071672360471,0.061084531481293294,0.1277603967824291
A_pR40_cap100_d10_res0_e1,A,40.0,100.0,10.0,False,1.0,False,VCI,B4,0.1386695493505808,0.08936308289616161,0.16063324785764913,1.0,641.1549234397095,563.0737414602686,0.1683442044496761,0.09140397394396788,0.01184138927058264
A_pR40_cap100_d10_res0_e1,A,40.0,100.0,10.0,False,1.0,False,vs_CSAA,CSAA,-0.0061100255831579514,-0.03242501467431028,0.023887704654505466,0.28,559.6333464947419,563.0737414602686,-0.08260494701500609,0.07492995872148737,0.18342191412822692
A_pR40_cap100_d10_res0_e1,A,40.0,100.0,10.0,False,1.0,False,vs_B3,B3,0.08055278938496013,0.04849581703895684,0.10185589146005684,1.0,608.4309019643191,563.0737414602686,0.13109062589238565,0.017878877673398557,-0.04382714302147067
A_pR40_cap100_d10_res0_e1,A,40.0,100.0,10.0,False,1.0,False,vs_B7,B7,0.19166074598020202,0.12990593614786267,0.22506947009288214,1.0,670.9928747904071,563.0737414602686,0.21392425573027862,0.1428845016456347,0.04690507202060529
A_pR40_cap100_d10_res1_e1,A,40.0,100.0,10.0,True,1.0,False,VSS,B1,0.0032299074349233154,-0.015615855707299807,0.014347275944880656,0.78,565.8416458627507,564.0199137498852,0.027902146934076957,0.06027603942870051,0.12768927824796927
A_pR40_cap100_d10_res1_e1,A,40.0,100.0,10.0,True,1.0,False,VCI,B4,0.14121872449298623,0.09211809375040732,0.1639722068703544,1.0,643.6700865582881,564.0199137498852,0.16741227183176136,0.0952716427615504,0.015561547848293878
A_pR40_cap100_d10_res1_e1,A,40.0,100.0,10.0,True,1.0,False,vs_CSAA,CSAA,0.01536851688555063,-0.027972146797151373,0.09804827038577274,0.66,572.6880633181371,564.0199137498852,-0.08764351549757231,0.08839230822349449,0.3634696339797549
A_pR40_cap100_d10_res1_e1,A,40.0,100.0,10.0,True,1.0,False,vs_B3,B3,0.07846757399640594,0.046231582353263384,0.09899883266768353,1.0,608.2771880675008,564.0199137498852,0.12534310028359197,0.02330210084334737,-0.03332048319350467
A_pR40_cap100_d10_res1_e1,A,40.0,100.0,10.0,True,1.0,False,vs_B7,B7,0.19405535423265974,0.1327301448959979,0.22780514417936593,1.0,673.4709979068933,564.0199137498852,0.21201592156342036,0.14647915758653443,0.05093887057453
A_pR40_cap100_d1_res0_e1,A,40.0,100.0,1.0,False,1.0,False,VSS,B1,0.0377221230402104,0.015781399483905553,0.05844210990891543,1.0,504.26847883044206,485.93787068265317,0.09008712092162391,0.13795103044470483,0.2420334823964006
A_pR40_cap100_d1_res0_e1,A,40.0,100.0,1.0,False,1.0,False,VCI,B4,0.09388722250042134,0.06810737676732496,0.11555966835715298,1.0,531.5612276688164,485.93787068265317,0.15976295812513455,0.05306159700690038,0.004937318147563358
A_pR40_cap100_d1_res0_e1,A,40.0,100.0,1.0,False,1.0,False,vs_CSAA,CSAA,-0.0006701961268601982,-0.0014234691124689232,-0.00025669330376389,0.0,485.61219700382696,485.93787068265317,0.0,-0.0042298431835717425,-0.007511936884486012
A_pR40_cap100_d1_res0_e1,A,40.0,100.0,1.0,False,1.0,False,vs_B3,B3,-0.0006698851446007498,-0.0014232253000625306,-0.0002563480413594895,0.0,485.61234812188394,485.93787068265317,4.882900173645754e-07,-0.00422964354064244,-0.007511876558858798
A_pR40_cap100_d1_res0_e1,A,40.0,100.0,1.0,False,1.0,False,vs_B7,B7,0.3526485323590969,0.2865861423145083,0.3820750994334949,1.0,657.3031475965954,485.93787068265317,0.4217099747491995,0.2879026280507626,0.17120842998652697
A_pR40_cap100_d1_res1_e1,A,40.0,100.0,1.0,True,1.0,True,VSS,B1,0.037722123040208826,0.015781399483904366,0.05844210990891372,1.0,504.26847883044206,485.9378706826539,0.09008712092162469,0.1379510304446905,0.2420334823963787
A_pR40_cap100_d1_res1_e1,A,40.0,100.0,1.0,True,1.0,True,VCI,B4,0.09388722250041921,0.06810737676732331,0.11555966835715165,1.0,531.5612276688162,485.9378706826539,0.15976295812513455,0.05306159700688951,0.004937318147551771
A_pR40_cap100_d1_res1_e1,A,40.0,100.0,1.0,True,1.0,True,vs_CSAA,CSAA,-0.0006701961268616009,-0.0014234691124715274,-0.0002566933037645539,0.0,485.612197003827,485.9378706826539,0.0,-0.004229843183578912,-0.007511936884493977
A_pR40_cap100_d1_res1_e1,A,40.0,100.0,1.0,True,1.0,True,vs_B3,B3,-0.0006701961268616009,-0.0014234691124713572,-0.0002566933037645003,0.0,485.612197003827,485.9378706826539,0.0,-0.004229843183578257,-0.0075119368844935855
A_pR40_cap100_d1_res1_e1,A,40.0,100.0,1.0,True,1.0,True,vs_B7,B7,0.3526485323591198,0.2865861423145276,0.3820750994335124,1.0,657.3031475966076,485.9378706826539,0.4217099747492465,0.2879026280507705,0.17120842998652033
A_pR40_cap100_d3_res0_e1,A,40.0,100.0,3.0,False,1.0,False,VSS,B1,0.005167935000412451,-0.01400976234417279,0.016391528024917484,0.84,565.9836699565765,563.0737414602708,0.03373071672359223,0.0610845314813095,0.12776039678246545
A_pR40_cap100_d3_res0_e1,A,40.0,100.0,3.0,False,1.0,False,VCI,B4,0.1386695493508183,0.08936308289620377,0.16063324785810515,1.0,641.1549234398457,563.0737414602708,0.16834420445034912,0.09140397394421684,0.011841389270893296
A_pR40_cap100_d3_res0_e1,A,40.0,100.0,3.0,False,1.0,False,vs_CSAA,CSAA,-0.006110025583160754,-0.03242501467431532,0.02388770465450467,0.28,559.6333464947425,563.0737414602708,-0.0826049470150159,0.07492995872149072,0.18342191412823713
A_pR40_cap100_d3_res0_e1,A,40.0,100.0,3.0,False,1.0,False,vs_B3,B3,0.08055278938504745,0.04849581703901659,0.10185589146015417,1.0,608.4309019643706,563.0737414602708,0.13109062589248097,0.01787887767345426,-0.043827143021457654
A_pR40_cap100_d3_res0_e1,A,40.0,100.0,3.0,False,1.0,False,vs_B7,B7,0.19166074598019908,0.12990593614785934,0.22506947009287898,1.0,670.992874790408,563.0737414602708,0.21392425573026677,0.1428845016456397,0.04690507202061742
A_pR40_cap100_d3_res1_e1,A,40.0,100.0,3.0,True,1.0,True,VSS,B1,0.003229907434922715,-0.015615855707319116,0.014347275944882136,0.78,565.8416458627496,564.0199137498844,0.027902146934077894,0.06027603942871919,0.1276892782479929
A_pR40_cap100_d3_res1_e1,A,40.0,100.0,3.0,True,1.0,True,VCI,B4,0.14121872449296002,0.0921180937503668,0.16397220687032513,1.0,643.6700865582724,564.0199137498844,0.16741227183173235,0.09527164276153731,0.01556154784827887
A_pR40_cap100_d3_res1_e1,A,40.0,100.0,3.0,True,1.0,True,vs_CSAA,CSAA,-0.0036818622617350023,-0.03506225717822232,0.035587000852530616,0.3,561.9432701145817,564.0199137498844,-0.08867535173502383,0.07220776925367292,0.20310910347971206
A_pR40_cap100_d3_res1_e1,A,40.0,100.0,3.0,True,1.0,True,vs_B3,B3,0.07846757399644697,0.04623158235328393,0.09899883266773113,1.0,608.2771880675231,564.0199137498844,0.12534310028364096,0.023302100843384164,-0.03332048319349279
A_pR40_cap100_d3_res1_e1,A,40.0,100.0,3.0,True,1.0,True,vs_B7,B7,0.19405535423265152,0.13273014489596796,0.22780514417936157,1.0,673.4709979068878,564.0199137498844,0.21201592156341495,0.14647915758653612,0.050938870574525175
A_pR40_cap200_d10_res0_e1,A,40.0,200.0,10.0,False,1.0,False,VSS,B1,0.0051679350004130604,-0.014009762344171773,0.016391528024916058,0.84,565.9836699565764,563.0737414602703,0.03373071672358458,0.0610845314812993,0.12776039678243967
A_pR40_cap200_d10_res0_e1,A,40.0,200.0,10.0,False,1.0,False,VCI,B4,0.13866954935059128,0.089363082896162,0.16063324785767275,1.0,641.1549234397173,563.0737414602703,0.16834420444969403,0.09140397394398825,0.011841389270615076
A_pR40_cap200_d10_res0_e1,A,40.0,200.0,10.0,False,1.0,False,vs_CSAA,CSAA,-0.006110025583160961,-0.03242501467431766,0.02388770465450573,0.28,559.6333464947419,563.0737414602703,-0.08260494701502395,0.07492995872149308,0.18342191412823766
A_pR40_cap200_d10_res0_e1,A,40.0,200.0,10.0,False,1.0,False,vs_B3,B3,0.08055278938495827,0.04849581703895802,0.10185589146004914,1.0,608.4309019643199,563.0737414602703,0.13109062589236492,0.017878877673404712,-0.04382714302146184
A_pR40_cap200_d10_res0_e1,A,40.0,200.0,10.0,False,1.0,False,vs_B7,B7,0.19166074598019842,0.12990593614786072,0.22506947009287873,1.0,670.9928747904071,563.0737414602703,0.21392425573025498,0.14288450164564095,0.04690507202061477
A_pR40_cap200_d10_res1_e1,A,40.0,200.0,10.0,True,1.0,False,VSS,B1,0.0032299074349245328,-0.01561585570731458,0.014347275944882117,0.78,565.84164586275,564.0199137498838,0.027902146934078075,0.06027603942871021,0.12768927824797283
A_pR40_cap200_d10_res1_e1,A,40.0,200.0,10.0,True,1.0,False,VCI,B4,0.14121872449298112,0.0921180937503854,0.16397220687034955,1.0,643.6700865582836,564.0199137498838,0.16741227183175453,0.0952716427615578,0.015561547848296503
A_pR40_cap200_d10_res1_e1,A,40.0,200.0,10.0,True,1.0,False,vs_CSAA,CSAA,0.015368516885552682,-0.027972146797147702,0.09804827038576834,0.66,572.6880633181369,564.0199137498838,-0.0876435154975705,0.08839230822350391,0.3634696339797554
A_pR40_cap200_d10_res1_e1,A,40.0,200.0,10.0,True,1.0,False,vs_B3,B3,0.07846757399640532,0.04623158235325699,0.098998832667683,1.0,608.277188067499,564.0199137498838,0.12534310028358978,0.023302100843355933,-0.03332048319350137
A_pR40_cap200_d10_res1_e1,A,40.0,200.0,10.0,True,1.0,False,vs_B7,B7,0.19405535423266201,0.13273014489598156,0.22780514417937206,1.0,673.470997906893,564.0199137498838,0.21201592156342133,0.14647915758654556,0.050938870574532925
A_pR40_cap200_d1_res0_e1,A,40.0,200.0,1.0,False,1.0,False,VSS,B1,0.037722123040211254,0.015781399483906142,0.05844210990891606,1.0,504.26847883044206,485.9378706826528,0.09008712092162391,0.13795103044470808,0.2420334823964047
A_pR40_cap200_d1_res0_e1,A,40.0,200.0,1.0,False,1.0,False,VCI,B4,0.09388722250041802,0.06810737676732208,0.11555966835715077,1.0,531.5612276688144,485.9378706826528,0.15976295812513455,0.0530615970068846,0.004937318147545758
A_pR40_cap200_d1_res0_e1,A,40.0,200.0,1.0,False,1.0,False,vs_CSAA,CSAA,-0.000670196126859263,-0.001423469112467889,-0.0002566933037634384,0.0,485.612197003827,485.9378706826528,1.2898757039466563e-16,-0.0042298431835687,-0.007511936884482904
A_pR40_cap200_d1_res0_e1,A,40.0,200.0,1.0,False,1.0,False,vs_B3,B3,-0.0006698851569632012,-0.001423225307618888,-0.0002563480560094077,0.0,485.61234811587616,485.9378706826528,4.882688232878963e-07,-0.004229643546969805,-0.0075118765582888585
A_pR40_cap200_d1_res0_e1,A,40.0,200.0,1.0,False,1.0,False,vs_B7,B7,0.3526485323591164,0.28658614231452473,0.38207509943350887,1.0,657.3031475966044,485.9378706826528,0.4217099747492346,0.2879026280507791,0.1712084299865326
A_pR40_cap200_d1_res1_e1,A,40.0,200.0,1.0,True,1.0,True,VSS,B1,0.03772212304020675,0.015781399483902624,0.05844210990891253,1.0,504.2684788304422,485.937870682655,0.09008712092162456,0.13795103044468396,0.2420334823963762
A_pR40_cap200_d1_res1_e1,A,40.0,200.0,1.0,True,1.0,True,VCI,B4,0.09388722250041631,0.06810737676732083,0.11555966835714973,1.0,531.561227668816,485.937870682655,0.15976295812513455,0.053061597006876265,0.004937318147537815
A_pR40_cap200_d1_res1_e1,A,40.0,200.0,1.0,True,1.0,True,vs_CSAA,CSAA,-0.0006701961268634711,-0.0014234691124752185,-0.0002566933037642895,0.0,485.6121970038272,485.937870682655,1.805825985525319e-15,-0.004229843183589993,-0.007511936884506805
A_pR40_cap200_d1_res1_e1,A,40.0,200.0,1.0,True,1.0,True,vs_B3,B3,-0.0006701961268642899,-0.0014234691124756116,-0.000256693303766121,0.0,485.6121970038268,485.937870682655,-5.159502815786625e-16,-0.004229843183589993,-0.007511936884504261
A_pR40_cap200_d1_res1_e1,A,40.0,200.0,1.0,True,1.0,True,vs_B7,B7,0.3526485323591187,0.2865861423145267,0.3820750994335121,1.0,657.3031475966085,485.937870682655,0.4217099747492506,0.28790262805075745,0.17120842998650654
A_pR40_cap200_d3_res0_e1,A,40.0,200.0,3.0,False,1.0,False,VSS,B1,0.005167935000408603,-0.014009762344176009,0.016391528024913816,0.84,565.9836699565756,563.073741460272,0.03373071672357449,0.061084531481314264,0.12776039678247578
A_pR40_cap200_d3_res0_e1,A,40.0,200.0,3.0,False,1.0,False,VCI,B4,0.13866954935058723,0.08936308289615918,0.16063324785766653,1.0,641.154923439717,563.073741460272,0.1683442044496819,0.09140397394398901,0.011841389270616958
A_pR40_cap200_d3_res0_e1,A,40.0,200.0,3.0,False,1.0,False,vs_CSAA,CSAA,-0.006110025583162961,-0.03242501467432021,0.023887704654504845,0.28,559.6333464947425,563.073741460272,-0.08260494701502742,0.07492995872149459,0.18342191412824402
A_pR40_cap200_d3_res0_e1,A,40.0,200.0,3.0,False,1.0,False,vs_B3,B3,0.08055278938504545,0.048495817039016884,0.1018558914601486,1.0,608.4309019643708,563.073741460272,0.1310906258924672,0.01787887767345811,-0.04382714302145226
A_pR40_cap200_d3_res0_e1,A,40.0,200.0,3.0,False,1.0,False,vs_B7,B7,0.19166074598019642,0.1299059361478581,0.22506947009287687,1.0,670.992874790408,563.073741460272,0.21392425573025153,0.14288450164564362,0.046905072020623335
A_pR40_cap200_d3_res1_e1,A,40.0,200.0,3.0,True,1.0,True,VSS,B1,0.0032299074349259513,-0.015615855707330142,0.014347275944885447,0.78,565.8416458627495,564.0199137498824,0.027902146934079025,0.060276039428731686,0.12768927824799997
A_pR40_cap200_d3_res1_e1,A,40.0,200.0,3.0,True,1.0,True,VCI,B4,0.14121872449297662,0.09211809375036577,0.16397220687034575,1.0,643.6700865582795,564.0199137498824,0.16741227183174773,0.09527164276156065,0.01556154784829215
A_pR40_cap200_d3_res1_e1,A,40.0,200.0,3.0,True,1.0,True,vs_CSAA,CSAA,-0.003681862260662486,-0.03506225717783352,0.03558700085418394,0.3,561.9432701151846,564.0199137498824,-0.08867535173565032,0.0722077692583743,0.20310910348995928
A_pR40_cap200_d3_res1_e1,A,40.0,200.0,3.0,True,1.0,True,vs_B3,B3,0.07846757399644926,0.04623158235328104,0.09899883266773339,1.0,608.2771880675223,564.0199137498824,0.12534310028364165,0.023302100843396192,-0.03332048319348584
A_pR40_cap200_d3_res1_e1,A,40.0,200.0,3.0,True,1.0,True,vs_B7,B7,0.1940553542326516,0.13273014489595225,0.22780514417936507,1.0,673.4709979068855,564.0199137498824,0.21201592156341342,0.14647915758654478,0.05093887057452588
A_pR40_cap50_d10_res0_e1,A,40.0,50.0,10.0,False,1.0,False,VSS,B1,0.004918772013031794,-0.014220851090041123,0.016219303528749528,0.84,565.9836699565763,563.2133518839636,0.03248799588126266,0.06145658406591329,0.12834838667315573
A_pR40_cap50_d10_res0_e1,A,40.0,50.0,10.0,False,1.0,False,VCI,B4,0.13838729372278097,0.08920514232675665,0.1603688840572644,1.0,641.1549234397216,563.2133518839636,0.16693965520842127,0.0917866575637425,0.012368941496789698
A_pR40_cap50_d10_res0_e1,A,40.0,50.0,10.0,False,1.0,False,vs_CSAA,CSAA,-0.002228038320944565,-0.033049723730302426,0.03649032621758193,0.34,561.9584909530985,563.2133518839636,-0.08496993602840779,0.07222365143948144,0.21201341329552711
A_pR40_cap50_d10_res0_e1,A,40.0,50.0,10.0,False,1.0,False,vs_B3,B3,0.08028493985290534,0.04844330412972346,0.10128385896678697,1.0,608.4309019643208,563.2133518839636,0.12973086181395552,0.018235780875767743,-0.04332861516458274
A_pR40_cap50_d10_res0_e1,A,40.0,50.0,10.0,False,1.0,False,vs_B7,B7,0.18898769793985368,0.1276484094683825,0.2218419419504961,1.0,669.6537467055026,563.2133518839636,0.21155398886541035,0.14154861181152162,0.047018527904286025
A_pR40_cap50_d10_res1_e1,A,40.0,50.0,10.0,True,1.0,False,VSS,B1,0.0032299074349239265,-0.015615855707309077,0.014347275944881992,0.78,565.8416458627499,564.019913749884,0.027902146934077422,0.060276039428708184,0.12768927824797668
A_pR40_cap50_d10_res1_e1,A,40.0,50.0,10.0,True,1.0,False,VCI,B4,0.14121872449298267,0.0921180937503943,0.16397220687035086,1.0,643.6700865582848,564.019913749884,0.16741227183175642,0.09527164276155589,0.015561547848296513
A_pR40_cap50_d10_res1_e1,A,40.0,50.0,10.0,True,1.0,False,vs_CSAA,CSAA,0.015368516885552675,-0.0279721467971486,0.0980482703857734,0.66,572.6880633181371,564.019913749884,-0.08764351549757221,0.08839230822350447,0.3634696339797726
A_pR40_cap50_d10_res1_e1,A,40.0,50.0,10.0,True,1.0,False,vs_B3,B3,0.07846757399640811,0.04623158235326161,0.09899883266768607,1.0,608.2771880675008,564.019913749884,0.1253431002835934,0.023302100843355503,-0.03332048319350037
A_pR40_cap50_d10_res1_e1,A,40.0,50.0,10.0,True,1.0,False,vs_B7,B7,0.1904677138231124,0.12949626600385306,0.22366618273470226,1.0,671.4474972725335,564.019913749884,0.2099421981675743,0.14363359245627055,0.049288990993364826
A_pR40_cap50_d1_res0_e1,A,40.0,50.0,1.0,False,1.0,False,VSS,B1,0.0377221230402087,0.015781399483904338,0.05844210990891403,1.0,504.26847883044206,485.93787068265397,0.09008712092162391,0.1379510304446959,0.24203348239639016
A_pR40_cap50_d1_res0_e1,A,40.0,50.0,1.0,False,1.0,False,VCI,B4,0.09388722250041534,0.06810737676732032,0.11555966835714927,1.0,531.5612276688144,485.93787068265397,0.15976295812513455,0.05306159700687181,0.004937318147532587
A_pR40_cap50_d1_res0_e1,A,40.0,50.0,1.0,False,1.0,False,vs_CSAA,CSAA,-0.0006701961268618348,-0.0014234691124715803,-0.0002566933037645539,0.0,485.61219700382696,485.93787068265397,0.0,-0.004229843183579564,-0.007511936884494365
A_pR40_cap50_d1_res0_e1,A,40.0,50.0,1.0,False,1.0,False,vs_B3,B3,-0.0006698853226339376,-0.0014232254706560861,-0.0002563482246325051,0.0,485.61234803537167,485.93787068265397,4.881472416678434e-07,-0.004229643736091915,-0.007511876746503292
A_pR40_cap50_d1_res0_e1,A,40.0,50.0,1.0,False,1.0,False,vs_B7,B7,0.352648532359115,0.2865861423145235,0.38207509943350876,1.0,657.3031475966053,485.93787068265397,0.42170997474923744,0.28790262805076666,0.17120842998651947
A_pR40_cap50_d1_res1_e1,A,40.0,50.0,1.0,True,1.0,True,VSS,B1,0.037722123040208215,0.015781399483903984,0.058442109908913215,1.0,504.26847883044206,485.9378706826542,0.09008712092162469,0.13795103044468804,0.24203348239637554
A_pR40_cap50_d1_res1_e1,A,40.0,50.0,1.0,True,1.0,True,VCI,B4,0.09388722250042067,0.06810737676732416,0.11555966835715224,1.0,531.5612276688172,485.9378706826542,0.15976295812513455,0.05306159700689681,0.0049373181475597825
A_pR40_cap50_d1_res1_e1,A,40.0,50.0,1.0,True,1.0,True,vs_CSAA,CSAA,-0.0006701961268623024,-0.0014234691124723653,-0.00025669330376479305,0.0,485.61219700382696,485.9378706826542,0.0,-0.0042298431835813026,-0.007511936884496502
A_pR40_cap50_d1_res1_e1,A,40.0,50.0,1.0,True,1.0,True,vs_B3,B3,-0.0006701961268521254,-0.0014234691124645942,-0.0002566933037536033,0.0,485.6121970038319,485.9378706826542,1.2382806757887902e-14,-0.004229843183574539,-0.0075119368844939576
A_pR40_cap50_d1_res1_e1,A,40.0,50.0,1.0,True,1.0,True,vs_B7,B7,0.35264853235911925,0.2865861423145273,0.38207509943351203,1.0,657.3031475966077,485.9378706826542,0.421709974749247,0.2879026280507681,0.17120842998651772
A_pR40_cap50_d3_res0_e1,A,40.0,50.0,3.0,False,1.0,False,VSS,B1,0.004918772013034842,-0.014220851090044178,0.016219303528753948,0.84,565.9836699565756,563.2133518839612,0.032487995881261014,0.061456584065939256,0.12834838667319742
A_pR40_cap50_d3_res0_e1,A,40.0,50.0,3.0,False,1.0,False,VCI,B4,0.1383872937230704,0.0892051423268072,0.16036888405777974,1.0,641.1549234398819,563.2133518839612,0.16693965520923643,0.09178665756404474,0.012368941497143815
A_pR40_cap50_d3_res0_e1,A,40.0,50.0,3.0,False,1.0,False,vs_CSAA,CSAA,-0.005529848532726824,-0.033278934029892446,0.026363817982669978,0.28,560.0988673564335,563.2133518839612,-0.08496993602840519,0.06799783189841828,0.1743894460522863
A_pR40_cap50_d3_res0_e1,A,40.0,50.0,3.0,False,1.0,False,vs_B3,B3,0.08028493985299874,0.048443304129785064,0.10128385896689217,1.0,608.4309019643708,563.2133518839612,0.12973086181406304,0.018235780875830235,-0.04332861516456972
A_pR40_cap50_d3_res0_e1,A,40.0,50.0,3.0,False,1.0,False,vs_B7,B7,0.18898769793986356,0.12764840946838446,0.22184194195050996,1.0,669.6537467055053,563.2133518839612,0.21155398886541607,0.14154861181153963,0.047018527904304504
A_pR40_cap50_d3_res1_e1,A,40.0,50.0,3.0,True,1.0,True,VSS,B1,0.0032299074349261543,-0.0156158557073316,0.014347275944885895,0.78,565.8416458627494,564.0199137498822,0.027902146934078158,0.06027603942873308,0.1276892782480018
A_pR40_cap50_d3_res1_e1,A,40.0,50.0,3.0,True,1.0,True,VCI,B4,0.1412187244929803,0.092118093750367,0.16397220687034972,1.0,643.6700865582814,564.0199137498822,0.16741227183175092,0.09527164276156418,0.015561547848295587
A_pR40_cap50_d3_res1_e1,A,40.0,50.0,3.0,True,1.0,True,vs_CSAA,CSAA,-0.003681862260661883,-0.03506225717783308,0.03558700085418366,0.3,561.9432701151848,564.0199137498822,-0.08867535173565096,0.07220776925837666,0.20310910348996222
A_pR40_cap50_d3_res1_e1,A,40.0,50.0,3.0,True,1.0,True,vs_B3,B3,0.0784675739964525,0.046231582353282695,0.09899883266773667,1.0,608.2771880675239,564.0199137498822,0.12534310028364443,0.023302100843398867,-0.033320483193485025
A_pR40_cap50_d3_res1_e1,A,40.0,50.0,3.0,True,1.0,True,vs_B7,B7,0.19046771382311625,0.12949626600382697,0.22366618273471214,1.0,671.4474972725335,564.0199137498822,0.2099421981675778,0.14363359245629254,0.04928899099337935
B_pR15_cap100_d10_res0_e1,B,15.0,100.0,10.0,False,1.0,False,VSS,B1,0.01490649666756675,-0.006781327201484294,0.03535185146336206,0.88,808.0640650701812,796.1955783349991,-0.0033481621528099665,0.03977295901394025,0.06685084151324364
B_pR15_cap100_d10_res0_e1,B,15.0,100.0,10.0,False,1.0,False,VCI,B4,0.004162928166926494,-0.002376560932876519,0.010463349608377094,0.86,799.5100833344322,796.1955783349991,-0.0004544986787507327,0.009734954130278884,0.015441170532363414
B_pR15_cap100_d10_res0_e1,B,15.0,100.0,10.0,False,1.0,False,vs_CSAA,CSAA,-0.0015364320081052158,-0.006303332979514808,0.003135276337021176,0.28,794.9722779637334,796.1955783349991,0.0018304702181698013,-0.006347311808645982,-0.011564657802735148
B_pR15_cap100_d10_res0_e1,B,15.0,100.0,10.0,False,1.0,False,vs_B3,B3,0.009901988906574276,-0.014854408759320736,0.038830493270322244,0.7,804.0794981191358,796.1955783349991,-0.011264141260896216,0.04290471595867034,0.0776991199426006
B_pR15_cap100_d10_res0_e1,B,15.0,100.0,10.0,False,1.0,False,vs_B7,B7,-0.00027838869687411464,-0.005328197542304125,0.004003494048784948,0.44,795.9739264854895,796.1955783349991,0.00312331851413474,-0.005338010141346616,-0.011036646736269829
B_pR15_cap100_d10_res1_e1,B,15.0,100.0,10.0,True,1.0,False,VSS,B1,0.011103282527407417,-0.011628872331146041,0.0332359954366675,0.78,809.8795083319387,800.9859351930111,-0.008308489140983503,0.0369493096101935,0.06389621761781257
B_pR15_cap100_d10_res1_e1,B,15.0,100.0,10.0,True,1.0,False,VCI,B4,0.003214496728712746,-0.007296410180974255,0.013715630962258727,0.72,803.5607018614339,800.9859351930111,-0.004725110027608495,0.012885815684476578,0.022644103739025905
B_pR15_cap100_d10_res1_e1,B,15.0,100.0,10.0,True,1.0,False,vs_CSAA,CSAA,-0.0008006782778643524,-0.004432118879053238,0.002389687566242662,0.42,800.3446031538272,800.9859351930111,0.001557532653392651,-0.004260604180679683,-0.008341861771210574
B_pR15_cap100_d10_res1_e1,B,15.0,100.0,10.0,True,1.0,False,vs_B3,B3,0.005901182339383258,-0.018247389582999003,0.034359257562543565,0.66,805.7126992478665,800.9859351930111,-0.014714714906779683,0.033943342680732215,0.06348716339940377
B_pR15_cap100_d10_res1_e1,B,15.0,100.0,10.0,True,1.0,False,vs_B7,B7,0.0009561134390361008,-0.003258411430438015,0.0045595149699576044,0.64,801.751768610128,800.9859351930111,0.0036043291996008713,-0.0030348179303495175,-0.007747116510464934
B_pR15_cap100_d1_res0_e1,B,15.0,100.0,1.0,False,1.0,False,VSS,B1,-0.007495274791285189,-0.03417601215036077,0.019283438597046273,0.3,749.817315668665,755.4798447039989,-0.027252020932793875,0.01814203753096874,0.04219234010619374
B_pR15_cap100_d1_res0_e1,B,15.0,100.0,1.0,False,1.0,False,VCI,B4,-0.02072901183115416,-0.0430325927721039,0.0032173119866923798,0.06,739.8194940649312,755.4798447039989,-0.04037957661952575,0.004680676353597564,0.029672984481606445
B_pR15_cap100_d1_res0_e1,B,15.0,100.0,1.0,False,1.0,False,vs_CSAA,CSAA,-0.02307364473533707,-0.044572283800192784,0.0007100811340989534,0.04,738.0481711625912,755.4798447039989,-0.041969115811869406,0.0012077243499367366,0.025310061716052868
B_pR15_cap100_d1_res0_e1,B,15.0,100.0,1.0,False,1.0,False,vs_B3,B3,-0.0016243200894015596,-0.04507611586389352,0.04587400760370325,0.54,754.2527036151082,755.4798447039989,-0.045396523111819145,0.049193407342380625,0.09778874780007649
B_pR15_cap100_d1_res0_e1,B,15.0,100.0,1.0,False,1.0,False,vs_B7,B7,0.038019419468119535,0.02476687028404575,0.050304484639406975,1.0,784.20274981951,755.4798447039989,0.04562105295941421,0.026770777744079738,0.014223370529834882
B_pR15_cap100_d1_res1_e1,B,15.0,100.0,1.0,True,1.0,True,VSS,B1,-0.007472970601517441,-0.03419034159836657,0.019317768984725057,0.3,749.817315668665,755.4628674677898,-0.02723378849910578,0.01816794041459121,0.042217885340777014
B_pR15_cap100_d1_res1_e1,B,15.0,100.0,1.0,True,1.0,True,VCI,B4,-0.020707005038240727,-0.043047530442957484,0.0032376004185060226,0.06,739.8194940649305,755.4628674677898,-0.04036159023856076,0.004706236762339138,0.02969822285356447
B_pR15_cap100_d1_res1_e1,B,15.0,100.0,1.0,True,1.0,True,vs_CSAA,CSAA,-0.02305169063248632,-0.044580081774370825,0.00073031552685344,0.04,738.0481711625913,755.4628674677898,-0.04195115922399043,0.0012331964021716664,0.025335193148162582
B_pR15_cap100_d1_res1_e1,B,15.0,100.0,1.0,True,1.0,True,vs_B3,B3,-0.0016018601141780107,-0.045063222664208154,0.04589524293360573,0.54,754.2527216326506,755.4628674677898,-0.045378670522667426,0.04922019130465955,0.09781581061256195
B_pR15_cap100_d1_res1_e1,B,15.0,100.0,1.0,True,1.0,True,vs_B7,B7,0.03725721258372199,0.02358599064200605,0.050207148730140275,1.0,783.6093081201454,755.4628674677898,0.0452686954218726,0.02564072099453146,0.012827970827132936
B_pR15_cap100_d3_res0_e1,B,15.0,100.0,3.0,False,1.0,False,VSS,B1,0.014906496667553273,-0.006781327201491259,0.03535185146334084,0.88,808.0640650701657,796.1955783349945,-0.003348162152821803,0.039772959013920015,0.06685084151322024
B_pR15_cap100_d3_res0_e1,B,15.0,100.0,3.0,False,1.0,False,VCI,B4,0.004162928166933658,-0.002376560932877569,0.01046334960839322,0.86,799.5100833344333,796.1955783349945,-0.0004544986787514559,0.009734954130293568,0.015441170532388446
B_pR15_cap100_d3_res0_e1,B,15.0,100.0,3.0,False,1.0,False,vs_CSAA,CSAA,-0.001536814890538923,-0.006305976289541015,0.0031294224928097225,0.28,794.971973114428,796.1955783349945,0.001831120671601886,-0.006346105802482499,-0.0115629812971668
B_pR15_cap100_d3_res0_e1,B,15.0,100.0,3.0,False,1.0,False,vs_B3,B3,0.009851948998847393,-0.014874235009896614,0.038814438617615146,0.7,804.0396565658586,796.1955783349945,-0.011264141260896568,0.038262302094154516,0.06842467815927179
B_pR15_cap100_d3_res0_e1,B,15.0,100.0,3.0,False,1.0,False,vs_B7,B7,-0.00027838869687554416,-0.0053281975423090525,0.004003494048785425,0.44,795.9739264854837,796.1955783349945,0.003123318514134902,-0.005338010141352892,-0.01103664673627979
B_pR15_cap100_d3_res1_e1,B,15.0,100.0,3.0,True,1.0,True,VSS,B1,0.01110328252740109,-0.011628872331150912,0.03323599543664332,0.78,809.8795083319293,800.9859351930068,-0.008308489140980252,0.036949309610172676,0.06389621761777332
B_pR15_cap100_d3_res1_e1,B,15.0,100.0,3.0,True,1.0,True,VCI,B4,0.0032144967287089307,-0.007296410180978104,0.013715630962256772,0.72,803.5607018614265,800.9859351930068,-0.004725110027614388,0.0128858156844768,0.02264410373903069
B_pR15_cap100_d3_res1_e1,B,15.0,100.0,3.0,True,1.0,True,vs_CSAA,CSAA,-0.0008006782778669115,-0.00443211887904507,0.002389687566249485,0.42,800.3446031538208,800.9859351930068,0.0015575326533724756,-0.004260604180670241,-0.008341861771175098
B_pR15_cap100_d3_res1_e1,B,15.0,100.0,3.0,True,1.0,True,vs_B3,B3,0.005890906537704437,-0.018251458419269607,0.03435595889668973,0.66,805.7044684752445,800.9859351930068,-0.014714714906780614,0.0329907965550706,0.06158704164164921
B_pR15_cap100_d3_res1_e1,B,15.0,100.0,3.0,True,1.0,True,vs_B7,B7,0.02021244076611031,0.015350781689376385,0.024778864391703646,1.0,817.1758159625829,800.9859351930068,0.022097031651397075,0.015371624847931082,0.00834418822868151
B_pR15_cap200_d10_res0_e1,B,15.0,200.0,10.0,False,1.0,False,VSS,B1,0.01490649666756732,-0.006781327201480366,0.03535185146335887,0.88,808.0640650701816,796.1955783349991,-0.003348162152806507,0.03977295901393587,0.06685084151323274
B_pR15_cap200_d10_res0_e1,B,15.0,200.0,10.0,False,1.0,False,VCI,B4,0.0041629281669329195,-0.0023765609328777375,0.01046334960839127,0.86,799.5100833344374,796.1955783349991,-0.00045449867875058846,0.00973495413029312,0.015441170532385744
B_pR15_cap200_d10_res0_e1,B,15.0,200.0,10.0,False,1.0,False,vs_CSAA,CSAA,-0.0015364320081055014,-0.00630333297952111,0.003135276337005332,0.28,794.9722779637332,796.1955783349991,0.0018304702181718183,-0.006347311808646129,-0.011564657802738427
B_pR15_cap200_d10_res0_e1,B,15.0,200.0,10.0,False,1.0,False,vs_B3,B3,0.009901988906574276,-0.014854408759319955,0.03883049327032304,0.7,804.0794981191358,796.1955783349991,-0.0112641412608965,0.042904715958633655,0.07769911994252676
B_pR15_cap200_d10_res0_e1,B,15.0,200.0,10.0,False,1.0,False,vs_B7,B7,-0.00027838869687411464,-0.0053281975423037,0.004003494048784948,0.44,795.9739264854895,796.1955783349991,0.003123318514134451,-0.005338010141346192,-0.01103664673626927
B_pR15_cap200_d10_res1_e1,B,15.0,200.0,10.0,True,1.0,False,VSS,B1,0.011103282527408415,-0.011628872331145687,0.03323599543667076,0.78,809.8795083319393,800.9859351930108,-0.008308489140983366,0.036949309610194915,0.0638962176178152
B_pR15_cap200_d10_res1_e1,B,15.0,200.0,10.0,True,1.0,False,VCI,B4,0.0032144967287131725,-0.007296410180974724,0.01371563096226003,0.72,803.560701861434,800.9859351930108,-0.004725110027607926,0.01288581568447686,0.02264410373902575
B_pR15_cap200_d10_res1_e1,B,15.0,200.0,10.0,True,1.0,False,vs_CSAA,CSAA,-0.0008006782778640688,-0.004432118879052175,0.0023896875662428358,0.42,800.3446031538272,800.9859351930108,0.0015575326533935109,-0.0042606041806794006,-0.008341861771210568
B_pR15_cap200_d10_res1_e1,B,15.0,200.0,10.0,True,1.0,False,vs_B3,B3,0.005901182339384395,-0.018247389582995835,0.034359257562547076,0.66,805.7126992478671,800.9859351930108,-0.014714714906778835,0.03394334268056728,0.06348716339907147
B_pR15_cap200_d10_res1_e1,B,15.0,200.0,10.0,True,1.0,False,vs_B7,B7,0.0009561134390366689,-0.003258411430436668,0.0045595149699577,0.64,801.7517686101282,800.9859351930108,0.003604329199601876,-0.003034817930349659,-0.007747116510465775
B_pR15_cap200_d1_res0_e1,B,15.0,200.0,1.0,False,1.0,False,VSS,B1,-0.007495274791257269,-0.03417601215032249,0.019283438597066226,0.3,749.817315668664,755.4798447039767,-0.02725202093275798,0.0181420375309849,0.042192340106195096
B_pR15_cap200_d1_res0_e1,B,15.0,200.0,1.0,False,1.0,False,VCI,B4,-0.020729011831115494,-0.04303259277206036,0.0032173119867165987,0.06,739.8194940649387,755.4798447039767,-0.040379576619480426,0.004680676353627194,0.029672984481625028
B_pR15_cap200_d1_res0_e1,B,15.0,200.0,1.0,False,1.0,False,vs_CSAA,CSAA,-0.023073644735308253,-0.04457228380015317,0.000710081134115746,0.04,738.0481711625913,755.4798447039767,-0.04196911581183374,0.0012077243499552595,0.025310061716058683
B_pR15_cap200_d1_res0_e1,B,15.0,200.0,1.0,False,1.0,False,vs_B3,B3,-0.0016243201416495893,-0.045076115931358365,0.0458740075614031,0.54,754.2527035756137,755.4798447039767,-0.04539652317643409,0.049193407303697485,0.09778874777023393
B_pR15_cap200_d1_res0_e1,B,15.0,200.0,1.0,False,1.0,False,vs_B7,B7,0.03801941946815,0.024766870284062874,0.05030448463944835,1.0,784.20274981951,755.4798447039767,0.04562105295945197,0.0267707777440992,0.01422337052984254
B_pR15_cap200_d1_res1_e1,B,15.0,200.0,1.0,True,1.0,True,VSS,B1,-0.007472970601457543,-0.034190341598291686,0.019317768984774424,0.3,749.8173156686653,755.4628674677446,-0.027233788499033008,0.018167940414634626,0.0422178853407965
B_pR15_cap200_d1_res1_e1,B,15.0,200.0,1.0,True,1.0,True,VCI,B4,-0.020707005038172143,-0.04304753044287588,0.003237600418550429,0.06,739.819494064938,755.4628674677446,-0.040361590238478004,0.004706236762390803,0.02969822285359204
B_pR15_cap200_d1_res1_e1,B,15.0,200.0,1.0,True,1.0,True,vs_CSAA,CSAA,-0.023051690632427353,-0.04458008177429185,0.0007303155268899906,0.04,738.0481711625916,755.4628674677446,-0.041951159223917706,0.0012331964022122982,0.025335193148178534
B_pR15_cap200_d1_res1_e1,B,15.0,200.0,1.0,True,1.0,True,vs_B3,B3,-0.0016018601141320578,-0.045063222664156015,0.04589524293362907,0.54,754.2527216326401,755.4628674677446,-0.04537867052260745,0.04922019130468738,0.09781581061256336
B_pR15_cap200_d1_res1_e1,B,15.0,200.0,1.0,True,1.0,True,vs_B7,B7,0.03725721258378351,0.02358599064204082,0.0502071487302242,1.0,783.609308120145,755.4628674677446,0.04526869542195038,0.025640720994572794,0.012827970827148984
B_pR15_cap200_d3_res0_e1,B,15.0,200.0,3.0,False,1.0,False,VSS,B1,0.014906496667555561,-0.00678132720149048,0.035351851463344575,0.88,808.0640650701673,796.1955783349943,-0.0033481621528193553,0.03977295901392362,0.06685084151322551
B_pR15_cap200_d3_res0_e1,B,15.0,200.0,3.0,False,1.0,False,VCI,B4,0.0041629281669336585,-0.002376560932877551,0.010463349608392777,0.86,799.510083334433,796.1955783349943,-0.0004544986787507356,0.00973495413029415,0.015441170532389335
B_pR15_cap200_d3_res0_e1,B,15.0,200.0,3.0,False,1.0,False,vs_CSAA,CSAA,-0.001536814890539209,-0.006305976289542486,0.00312942249280487,0.28,794.9719731144276,796.1955783349943,0.0018311206716033282,-0.0063461058024810845,-0.011562981297165547
B_pR15_cap200_d3_res0_e1,B,15.0,200.0,3.0,False,1.0,False,vs_B3,B3,0.009851948998847681,-0.014874235009897176,0.038814438617615465,0.7,804.0396565658586,796.1955783349943,-0.011264141260896,0.0382623020941567,0.06842467815927508
B_pR15_cap200_d3_res0_e1,B,15.0,200.0,3.0,False,1.0,False,vs_B7,B7,-0.00027838869687525864,-0.005328197542308502,0.004003494048785361,0.44,795.9739264854837,796.1955783349943,0.0031233185141356246,-0.00533801014135176,-0.011036646736277397
B_pR15_cap200_d3_res1_e1,B,15.0,200.0,3.0,True,1.0,True,VSS,B1,0.011103282527398948,-0.011628872331157378,0.03323599543664142,0.78,809.8795083319285,800.9859351930077,-0.008308489140983666,0.03694930961017056,0.06389621761777202
B_pR15_cap200_d3_res1_e1,B,15.0,200.0,3.0,True,1.0,True,VCI,B4,0.003214496728704669,-0.007296410180989645,0.01371563096225808,0.72,803.560701861424,800.9859351930077,-0.004725110027622392,0.012885815684478639,0.022644103739039464
B_pR15_cap200_d3_res1_e1,B,15.0,200.0,3.0,True,1.0,True,vs_CSAA,CSAA,-0.0008006782778679042,-0.0044321188790453865,0.002389687566246901,0.42,800.3446031538209,800.9859351930077,0.001557532653369895,-0.004260604180669959,-0.008341861771173562
B_pR15_cap200_d3_res1_e1,B,15.0,200.0,3.0,True,1.0,True,vs_B3,B3,0.005890906537703437,-0.018251458419275137,0.03435595889668941,0.66,805.7044684752447,800.9859351930077,-0.014714714906783154,0.03299079655506821,0.06158704164164507
B_pR15_cap200_d3_res1_e1,B,15.0,200.0,3.0,True,1.0,True,vs_B7,B7,0.020212440765329225,0.015350781688686426,0.02477886439076954,1.0,817.1758159619582,800.9859351930077,0.02209703165063063,0.01537162484717042,0.00834418822800136
B_pR15_cap50_d10_res0_e1,B,15.0,50.0,10.0,False,1.0,False,VSS,B1,0.014922897183713322,-0.006807302089540113,0.03553631312375564,0.88,808.3123305127688,796.4273273918013,-0.0035291770257913405,0.04001242527489241,0.0671619614086794
B_pR15_cap50_d10_res0_e1,B,15.0,50.0,10.0,False,1.0,False,VCI,B4,0.006219397085239997,-0.0032391360694121606,0.015208293602292124,0.88,801.3806251903874,796.4273273918013,-0.0005210004019666438,0.014604839459973082,0.02287187493394077
B_pR15_cap50_d10_res0_e1,B,15.0,50.0,10.0,False,1.0,False,vs_CSAA,CSAA,-0.0014791165457287555,-0.006106875588546876,0.0025409186425262723,0.28,795.2493185543856,796.4273273918013,0.0016819829011412233,-0.006072403358556021,-0.011235687343686282
B_pR15_cap50_d10_res0_e1,B,15.0,50.0,10.0,False,1.0,False,vs_B3,B3,0.009787522449688413,-0.014737404514219015,0.03830935565234875,0.7,804.2223777381939,796.4273273918013,-0.010895877244502323,0.041022760960825466,0.07404007388929874
B_pR15_cap50_d10_res0_e1,B,15.0,50.0,10.0,False,1.0,False,vs_B7,B7,-0.0006841939842649091,-0.005913852071553279,0.003665294443047781,0.44,795.8824166054957,796.4273273918013,0.002805465871382743,-0.005799108406385388,-0.011594143541262118
B_pR15_cap50_d10_res1_e1,B,15.0,50.0,10.0,True,1.0,False,VSS,B1,0.011103282527406845,-0.011628872331148916,0.03323599543666853,0.78,809.8795083319386,800.9859351930114,-0.008308489140984783,0.03694930961019323,0.06389621761781289
B_pR15_cap50_d10_res1_e1,B,15.0,50.0,10.0,True,1.0,False,VCI,B4,0.003214496728710615,-0.007296410180980078,0.013715630962259773,0.72,803.5607018614326,800.9859351930114,-0.004725110027612642,0.01288581568447771,0.022644103739030287
B_pR15_cap50_d10_res1_e1,B,15.0,50.0,10.0,True,1.0,False,vs_CSAA,CSAA,-0.0008006782778647779,-0.004432118879052535,0.0023896875662415933,0.42,800.3446031538272,800.9859351930114,0.0015575326533919336,-0.0042606041806791195,-0.008341861771209592
B_pR15_cap50_d10_res1_e1,B,15.0,50.0,10.0,True,1.0,False,vs_B3,B3,0.00590118233938354,-0.01824738958299884,0.034359257562546194,0.66,805.712699247867,800.9859351930114,-0.01471471490678024,0.03394334268061364,0.06348716339916557
B_pR15_cap50_d10_res1_e1,B,15.0,50.0,10.0,True,1.0,False,vs_B7,B7,0.0009561134390356746,-0.0032584114304373118,0.00455951496995652,0.64,801.751768610128,800.9859351930114,0.0036043291995998656,-0.003034817930349377,-0.007747116510463952
B_pR15_cap50_d1_res0_e1,B,15.0,50.0,1.0,False,1.0,False,VSS,B1,-0.007495274791352255,-0.03417601215044514,0.019283438596991026,0.3,749.8173156686644,755.4798447040494,-0.027252020932875688,0.018142037530920776,0.042192340106172
B_pR15_cap50_d1_res0_e1,B,15.0,50.0,1.0,False,1.0,False,VCI,B4,-0.02072901183121372,-0.04303259277218464,0.0032173119866549123,0.06,739.8194940649356,755.4798447040494,-0.04037957661960052,0.004680676353558414,0.029672984481595426
B_pR15_cap50_d1_res0_e1,B,15.0,50.0,1.0,False,1.0,False,vs_CSAA,CSAA,-0.02307364473540219,-0.04457228380028022,0.000710081134056453,0.04,738.0481711625913,755.4798447040494,-0.04196911581194937,0.001207724349890134,0.02531006171603304
B_pR15_cap50_d1_res0_e1,B,15.0,50.0,1.0,False,1.0,False,vs_B3,B3,-0.0016243201307297882,-0.04507611591780561,0.04587400757072401,0.54,754.252703583936,755.4798447040494,-0.04539652316404008,0.049193407310206834,0.09778874777624307
B_pR15_cap50_d1_res0_e1,B,15.0,50.0,1.0,False,1.0,False,vs_B7,B7,0.03801941946805018,0.024766870284005607,0.05030448463931221,1.0,784.20274981951,755.4798447040494,0.045621052959325926,0.026770777744033174,0.014223370529817612
B_pR15_cap50_d1_res1_e1,B,15.0,50.0,1.0,True,1.0,True,VSS,B1,-0.007472970601506387,-0.03419034159835332,0.01931776898473516,0.3,749.8173156686651,755.4628674677815,-0.027233788499092144,0.01816794041460076,0.04221788534078283
B_pR15_cap50_d1_res1_e1,B,15.0,50.0,1.0,True,1.0,True,VCI,B4,-0.02070700503822696,-0.04304753044294204,0.0032376004185155297,0.06,739.8194940649328,755.4628674677815,-0.04036159023854396,0.0047062367623509635,0.029698222853572747
B_pR15_cap50_d1_res1_e1,B,15.0,50.0,1.0,True,1.0,True,vs_CSAA,CSAA,-0.023051690632475134,-0.04458008177435684,0.0007303155268604917,0.04,738.0481711625916,755.4628674677815,-0.0419511592239767,0.0012331964021804792,0.02533519314816758
B_pR15_cap50_d1_res1_e1,B,15.0,50.0,1.0,True,1.0,True,vs_B3,B3,-0.0016018601141702031,-0.04506322266420005,0.04589524293360951,0.54,754.2527216326482,755.4628674677815,-0.045378670522656636,0.04922019130466534,0.09781581061256356
B_pR15_cap50_d1_res1_e1,B,15.0,50.0,1.0,True,1.0,True,vs_B7,B7,0.03725721258373263,0.023585990642011383,0.050207148730155166,1.0,783.6093081201449,755.4628674677815,0.04526869542188619,0.025640720994539432,0.012827970827137287
B_pR15_cap50_d3_res0_e1,B,15.0,50.0,3.0,False,1.0,False,VSS,B1,0.014922897183702537,-0.006807302089553476,0.03553631312374568,0.88,808.3123305127567,796.4273273917979,-0.0035291770258074847,0.040012425274889366,0.06716196140868712
B_pR15_cap50_d3_res0_e1,B,15.0,50.0,3.0,False,1.0,False,VCI,B4,0.006219397086692892,-0.0032391360717755418,0.015208293607307188,0.88,801.3806251915411,796.4273273917979,-0.0005210004031530621,0.014604839464946513,0.022871874942518695
B_pR15_cap50_d3_res0_e1,B,15.0,50.0,3.0,False,1.0,False,vs_CSAA,CSAA,-0.0014794993167535273,-0.0061095184070527045,0.0025350681468111307,0.28,795.2490137050779,796.4273273917979,0.0016826330784393913,-0.006071197725699049,-0.011234011699647417
B_pR15_cap50_d3_res0_e1,B,15.0,50.0,3.0,False,1.0,False,vs_B3,B3,0.009753432507963495,-0.014750908050742667,0.03829841705000886,0.7,804.1952275770116,796.4273273917979,-0.010895877244505235,0.037860151592923226,0.06772322196651469
B_pR15_cap50_d3_res0_e1,B,15.0,50.0,3.0,False,1.0,False,vs_B7,B7,-0.0006841939842607724,-0.005913852071548876,0.003665294443050638,0.44,795.8824166054956,796.4273273917979,0.0028054658713906736,-0.005799108406388693,-0.011594143541271435
B_pR15_cap50_d3_res1_e1,B,15.0,50.0,3.0,True,1.0,True,VSS,B1,0.011103282527407103,-0.011628872331141231,0.03323599543665271,0.78,809.8795083319303,800.985935193003,-0.00830848914097301,0.03694930961017421,0.06389621761777145
B_pR15_cap50_d3_res1_e1,B,15.0,50.0,3.0,True,1.0,True,VCI,B4,0.0032144967287157586,-0.007296410180969801,0.013715630962261317,0.72,803.5607018614282,800.985935193003,-0.004725110027603399,0.012885815684475097,0.022644103739019438
B_pR15_cap50_d3_res1_e1,B,15.0,50.0,3.0,True,1.0,True,vs_CSAA,CSAA,-0.0008006782778622315,-0.004432118879038949,0.0023896875662509838,0.42,800.3446031538208,800.985935193003,0.0015575326533797868,-0.004260604180670804,-0.008341861771180835
B_pR15_cap50_d3_res1_e1,B,15.0,50.0,3.0,True,1.0,True,vs_B3,B3,0.005890906537709858,-0.018251458419260333,0.03435595889669705,0.66,805.7044684752451,800.985935193003,-0.014714714906773705,0.032990796555058856,0.06158704164162084
B_pR15_cap50_d3_res1_e1,B,15.0,50.0,3.0,True,1.0,True,vs_B7,B7,0.020212440765582554,0.015350781688910612,0.02477886439106935,1.0,817.1758159621563,800.985935193003,0.022097031650882774,0.015371624847410961,0.00834418822821078
B_pR25_cap100_d10_res0_e1,B,25.0,100.0,10.0,False,1.0,False,VSS,B1,0.014717354271913381,-0.006813090875529002,0.035292791109040954,0.88,809.6495721949724,797.9064995650118,-0.0034186191851030196,0.039409205169052004,0.06636564756854886
B_pR25_cap100_d10_res0_e1,B,25.0,100.0,10.0,False,1.0,False,VCI,B4,0.004436439924975096,-0.0023851506717777688,0.011034092129616497,0.86,801.4463638160792,797.9064995650118,-0.00039611445481790923,0.01025580965954306,0.016223374843151856
B_pR25_cap100_d10_res0_e1,B,25.0,100.0,10.0,False,1.0,False,vs_CSAA,CSAA,-0.0016106191740504223,-0.0064233249645155935,0.0031389238219570307,0.28,796.621376057713,797.9064995650118,0.0017481022599099797,-0.0064956437379487504,-0.011748408605732256
B_pR25_cap100_d10_res0_e1,B,25.0,100.0,10.0,False,1.0,False,vs_B3,B3,0.008955616628035002,-0.0155813768094387,0.03671485825886677,0.7,805.0522442801334,797.9064995650118,-0.010553466540305267,0.036786199967382006,0.06685993860619241
B_pR25_cap100_d10_res0_e1,B,25.0,100.0,10.0,False,1.0,False,vs_B7,B7,-0.0006188915801308101,-0.005898452138468908,0.004223170895189651,0.44,797.4126819506994,797.9064995650118,0.0030214937039580968,-0.006018556464794012,-0.011977391657790234
B_pR25_cap100_d10_res1_e1,B,25.0,100.0,10.0,True,1.0,False,VSS,B1,0.011103282527407696,-0.011628872331146492,0.033235995436668955,0.78,809.8795083319393,800.9859351930114,-0.008308489140983213,0.03694930961019334,0.06389621761781224
B_pR25_cap100_d10_res1_e1,B,25.0,100.0,10.0,True,1.0,False,VCI,B4,0.0032144967287096216,-0.007296410180980534,0.013715630962259159,0.72,803.5607018614318,800.9859351930114,-0.00472511002761379,0.012885815684477418,0.02264410373903153
B_pR25_cap100_d10_res1_e1,B,25.0,100.0,10.0,True,1.0,False,vs_CSAA,CSAA,-0.0008006782778650618,-0.004432118879057513,0.0023896875662398924,0.42,800.3446031538269,800.9859351930114,0.0015575326533976606,-0.004260604180684628,-0.008341861771223254
B_pR25_cap100_d10_res1_e1,B,25.0,100.0,10.0,True,1.0,False,vs_B3,B3,0.005163132098075514,-0.018882772409349075,0.03333758967287574,0.62,805.1215313851135,800.9859351930114,-0.014866741916360561,0.03194155519987004,0.06012902162612338
B_pR25_cap100_d10_res1_e1,B,25.0,100.0,10.0,True,1.0,False,vs_B7,B7,0.0009561134390382295,-0.003258411430433112,0.004559514969957664,0.64,801.7517686101301,800.9859351930114,0.0036043291996038763,-0.0030348179303493743,-0.00774711651046648
B_pR25_cap100_d1_res0_e1,B,25.0,100.0,1.0,False,1.0,False,VSS,B1,-0.0074729706014916115,-0.03419034159833082,0.019317768984743387,0.3,749.8173156686639,755.4628674677691,-0.027233788499071054,0.018167940414606634,0.04221788534077707
B_pR25_cap100_d1_res0_e1,B,25.0,100.0,1.0,False,1.0,False,VCI,B4,-0.020707005038211046,-0.04304753044292192,0.003237600418525525,0.06,739.8194940649327,755.4628674677691,-0.04036159023852496,0.0047062367623616095,0.02969822285357597
B_pR25_cap100_d1_res0_e1,B,25.0,100.0,1.0,False,1.0,False,vs_CSAA,CSAA,-0.023051690632459564,-0.04458008177433683,0.0007303155268717686,0.04,738.0481711625913,755.4628674677691,-0.041951159223958645,0.0012331964021921303,0.02533519314817345
B_pR25_cap100_d1_res0_e1,B,25.0,100.0,1.0,False,1.0,False,vs_B3,B3,-0.0016018840090671468,-0.04506318504377276,0.04589515776692169,0.54,754.2527035809285,755.4628674677691,-0.04537863082573309,0.04922010018631262,0.09781565574635304
B_pR25_cap100_d1_res0_e1,B,25.0,100.0,1.0,False,1.0,False,vs_B7,B7,0.0372572125837507,0.023585990642023318,0.05020714873017843,1.0,783.6093081201457,755.4628674677691,0.045268695421908894,0.025640720994551357,0.012827970827141037
B_pR25_cap100_d1_res1_e0.5,B,25.0,100.0,1.0,True,0.5,True,VCI,B4,0.008243582281943366,-0.03481977695990024,0.05312890874282212,0.64,755.5226701415072,749.3453798451595,-0.034454451168856724,0.05728185047002493,0.1034618929686402
B_pR25_cap100_d1_res1_e1,B,25.0,100.0,1.0,True,1.0,True,VSS,B1,-0.0074729706015162515,-0.03419034159836347,0.019317768984724662,0.3,749.8173156686644,755.4628674677883,-0.0272337884991028,0.01816794041459095,0.042217885340774274
B_pR25_cap100_d1_res1_e1,B,25.0,100.0,1.0,True,1.0,True,VCI,B4,-0.020707005038233695,-0.04304753044295143,0.0032376004185118456,0.06,739.8194940649344,755.4628674677883,-0.04036159023855263,0.004706236762346757,0.02969822285357207
B_pR25_cap100_d1_res1_e1,B,25.0,100.0,1.0,True,1.0,True,vs_CSAA,CSAA,-0.02305169063248441,-0.04458008177436882,0.0007303155268551966,0.04,738.0481711625913,755.4628674677883,-0.041951159223988246,0.001233196402173907,0.025335193148164105
B_pR25_cap100_d1_res1_e1,B,25.0,100.0,1.0,True,1.0,True,vs_B3,B3,-0.0016018601141787664,-0.045063222664209875,0.045895242933604995,0.54,754.2527216326486,755.4628674677883,-0.04537867052266754,0.04922019130465936,0.09781581061256166
B_pR25_cap100_d1_res1_e1,B,25.0,100.0,1.0,True,1.0,True,vs_B7,B7,0.03725721258372417,0.023585990642007844,0.05020714873014297,1.0,783.6093081201456,755.4628674677883,0.04526869542187545,0.025640720994533454,0.012827970827134142
B_pR25_cap100_d1_res1_e2,B,25.0,100.0,1.0,True,2.0,True,VCI,B4,-0.019840611415826426,-0.028241170976833607,-0.011295907451495784,0.0,755.7706539804027,771.0691371044283,-0.025209958537486504,-0.012264796138685537,-0.00419789262260145
B_pR25_cap100_d3_res0_e1,B,25.0,100.0,3.0,False,1.0,False,VSS,B1,0.014717354271906027,-0.00681309087552859,0.03529279110901933,0.88,809.6495721949635,797.9064995650089,-0.0034186191851056174,0.039409205169036274,0.06636564756852459
B_pR25_cap100_d3_res0_e1,B,25.0,100.0,3.0,False,1.0,False,VCI,B4,0.004436439924465884,-0.0023851506718389546,0.011034092128687993,0.86,801.4463638156699,797.9064995650089,-0.0003961144549447508,0.010255809658414362,0.016223374841349142
B_pR25_cap100_d3_res0_e1,B,25.0,100.0,3.0,False,1.0,False,vs_CSAA,CSAA,-0.001610619174049146,-0.006423324964536625,0.00313892382197102,0.28,796.621376057711,797.9064995650089,0.0017481022599240776,-0.0064956437379652485,-0.011748408605768486
B_pR25_cap100_d3_res0_e1,B,25.0,100.0,3.0,False,1.0,False,vs_B3,B3,0.008953638669013676,-0.01558137680977962,0.03671422364585633,0.7,805.0506660537715,797.9064995650089,-0.010553466540308601,0.036602717967761836,0.06649341904102672
B_pR25_cap100_d3_res0_e1,B,25.0,100.0,3.0,False,1.0,False,vs_B7,B7,-0.0006188915801288177,-0.005898452138471111,0.00422317089519507,0.44,797.412681950698,797.9064995650089,0.0030214937039606932,-0.006018556464793613,-0.011977391657790448
B_pR25_cap100_d3_res1_e1,B,25.0,100.0,3.0,True,1.0,True,VSS,B1,0.011103282527400235,-0.011628872331154014,0.03323599543664163,0.78,809.8795083319288,800.985935193007,-0.008308489140981538,0.03694930961017167,0.06389621761777332
B_pR25_cap100_d3_res1_e1,B,25.0,100.0,3.0,True,1.0,True,VCI,B4,0.003214496728720001,-0.0072964101809651054,0.013715630962262906,0.72,803.5607018614356,800.985935193007,-0.004725110027600787,0.012885815684481881,0.02264410373902801
B_pR25_cap100_d3_res1_e1,B,25.0,100.0,3.0,True,1.0,True,vs_CSAA,CSAA,-0.0008006782778669113,-0.00443211887904587,0.0023896875662489715,0.42,800.344603153821,800.985935193007,0.0015575326533719023,-0.004260604180670521,-0.008341861771174817
B_pR25_cap100_d3_res1_e1,B,25.0,100.0,3.0,True,1.0,True,vs_B3,B3,0.0051631320980400595,-0.01888277240935461,0.033337589672811405,0.62,805.1215313850806,800.985935193007,-0.014866741916371226,0.0319415551998041,0.06012902162602636
B_pR25_cap100_d3_res1_e1,B,25.0,100.0,3.0,True,1.0,True,vs_B7,B7,0.020212440766162253,0.015350781689421696,0.024778864391765555,1.0,817.1758159626247,800.985935193007,0.02209703165144788,0.015371624847981814,0.008344188228726901
B_pR25_cap200_d10_res0_e1,B,25.0,200.0,10.0,False,1.0,False,VSS,B1,0.014717354271913233,-0.0068130908755291274,0.03529279110904142,0.88,809.6495721949726,797.9064995650122,-0.0034186191851037382,0.03940920516905183,0.06636564756854899
B_pR25_cap200_d10_res0_e1,B,25.0,200.0,10.0,False,1.0,False,VCI,B4,0.0044364399249900545,-0.0023851506717765146,0.011034092129644162,0.86,801.4463638160914,797.9064995650122,-0.00039611445481517677,0.010255809659576986,0.01622337484320744
B_pR25_cap200_d10_res0_e1,B,25.0,200.0,10.0,False,1.0,False,vs_CSAA,CSAA,-0.001610619174050849,-0.0064233249645171695,0.003138923821957185,0.28,796.621376057713,797.9064995650122,0.0017481022599106985,-0.006495643737950166,-0.011748408605734945
B_pR25_cap200_d10_res0_e1,B,25.0,200.0,10.0,False,1.0,False,vs_B3,B3,0.00895561662803457,-0.0155813768094385,0.036714858258865925,0.7,805.0522442801334,797.9064995650122,-0.010553466540305409,0.036786199967389216,0.0668599386062077
B_pR25_cap200_d10_res0_e1,B,25.0,200.0,10.0,False,1.0,False,vs_B7,B7,-0.000618891580130525,-0.005898452138468369,0.004223170895189506,0.44,797.4126819507,797.9064995650122,0.00302149370395824,-0.006018556464793866,-0.011977391657789377
B_pR25_cap200_d10_res1_e1,B,25.0,200.0,10.0,True,1.0,False,VSS,B1,0.011103282527408127,-0.011628872331145639,0.033235995436668914,0.78,809.8795083319393,800.9859351930111,-0.008308489140982788,0.036949309610193486,0.0638962176178121
B_pR25_cap200_d10_res1_e1,B,25.0,200.0,10.0,True,1.0,False,VCI,B4,0.003214496728713881,-0.007296410180972388,0.013715630962257913,0.72,803.5607018614348,800.9859351930111,-0.004725110027606635,0.012885815684475017,0.022644103739021374
B_pR25_cap200_d10_res1_e1,B,25.0,200.0,10.0,True,1.0,False,vs_CSAA,CSAA,-0.0008006782778649202,-0.004432118879055078,0.002389687566241063,0.42,800.3446031538267,800.9859351930111,0.0015575326533956572,-0.004260604180682367,-0.008341861771217615
B_pR25_cap200_d10_res1_e1,B,25.0,200.0,10.0,True,1.0,False,vs_B3,B3,0.005163132098066149,-0.01888277240933036,0.03333758967284581,0.62,805.1215313851056,800.9859351930111,-0.014866741916350547,0.031941555199838385,0.060129021626069236
B_pR25_cap200_d10_res1_e1,B,25.0,200.0,10.0,True,1.0,False,vs_B7,B7,0.0009561134390386557,-0.003258411430433031,0.004559514969957919,0.64,801.7517686101301,800.9859351930111,0.0036043291996043073,-0.0030348179303492334,-0.00774711651046662
B_pR25_cap200_d1_res0_e1,B,25.0,200.0,1.0,False,1.0,False,VSS,B1,-0.007472970601519537,-0.034190341598367036,0.019317768984722265,0.3,749.8173156686644,755.4628674677908,-0.027233788499106352,0.018167940414588676,0.04221788534077351
B_pR25_cap200_d1_res0_e1,B,25.0,200.0,1.0,False,1.0,False,VCI,B4,-0.02070700503823122,-0.04304753044295155,0.0032376004185138973,0.06,739.8194940649387,755.4628674677908,-0.040361590238550495,0.004706236762350627,0.029698222853577833
B_pR25_cap200_d1_res0_e1,B,25.0,200.0,1.0,False,1.0,False,vs_CSAA,CSAA,-0.023051690632487642,-0.04458008177437299,0.0007303155268536038,0.04,738.0481711625913,755.4628674677908,-0.04195115922399205,0.0012331964021721142,0.02533519314816439
B_pR25_cap200_d1_res0_e1,B,25.0,200.0,1.0,False,1.0,False,vs_B3,B3,-0.0016018842605878534,-0.04506318531045411,0.045895157534519254,0.54,754.2527033909356,755.4628674677908,-0.04537863108716487,0.049220099950539505,0.09781565553270263
B_pR25_cap200_d1_res0_e1,B,25.0,200.0,1.0,False,1.0,False,vs_B7,B7,0.037257212583720584,0.023585990642005943,0.05020714873013868,1.0,783.6093081201454,755.4628674677908,0.04526869542187131,0.025640720994531314,0.01282797082713384
B_pR25_cap200_d1_res1_e1,B,25.0,200.0,1.0,True,1.0,True,VSS,B1,-0.007472970601456507,-0.03419034159828882,0.019317768984773574,0.3,749.8173156686644,755.4628674677429,-0.027233788499029722,0.018167940414633463,0.042217885340792564
B_pR25_cap200_d1_res1_e1,B,25.0,200.0,1.0,True,1.0,True,VCI,B4,-0.020707005038165416,-0.043047530442870054,0.0032376004185564024,0.06,739.8194940649414,755.4628674677429,-0.040361590238470635,0.0047062367623970786,0.029698222853598456
B_pR25_cap200_d1_res1_e1,B,25.0,200.0,1.0,True,1.0,True,vs_CSAA,CSAA,-0.02305169063242515,-0.04458008177428937,0.0007303155268930197,0.04,738.0481711625916,755.4628674677429,-0.04195115922391537,0.0012331964022140908,0.025335193148179908
B_pR25_cap200_d1_res1_e1,B,25.0,200.0,1.0,True,1.0,True,vs_B3,B3,-0.0016018601141191196,-0.04506322266414503,0.045895242933644394,0.54,754.2527216326482,755.4628674677429,-0.045378670522596136,0.0492201913047015,0.09781581061257892
B_pR25_cap200_d1_res1_e1,B,25.0,200.0,1.0,True,1.0,True,vs_B7,B7,0.037257212583786455,0.0235859906420449,0.050207148730227406,1.0,783.6093081201454,755.4628674677429,0.04526869542195415,0.02564072099457523,0.012827970827150337
B_pR25_cap200_d3_res0_e1,B,25.0,200.0,3.0,False,1.0,False,VSS,B1,0.014717354271905885,-0.0068130908755279955,0.03529279110901888,0.88,809.6495721949634,797.9064995650089,-0.0034186191851049,0.039409205169035726,0.06636564756852359
B_pR25_cap200_d3_res0_e1,B,25.0,200.0,3.0,False,1.0,False,VCI,B4,0.0044364399249333655,-0.0023851506717834127,0.011034092129541331,0.86,801.4463638160429,797.9064995650089,-0.0003961144548309972,0.010255809659455651,0.016223374843015816
B_pR25_cap200_d3_res0_e1,B,25.0,200.0,3.0,False,1.0,False,vs_CSAA,CSAA,-0.0016106191740495733,-0.006423324964536166,0.0031389238219709575,0.28,796.6213760577107,797.9064995650089,0.0017481022599236471,-0.006495643737964684,-0.011748408605766784
B_pR25_cap200_d3_res0_e1,B,25.0,200.0,3.0,False,1.0,False,vs_B3,B3,0.008953638669013676,-0.015581376809778667,0.03671422364585617,0.7,805.0506660537715,797.9064995650089,-0.010553466540308032,0.03660271796776057,0.0664934190410236
B_pR25_cap200_d3_res0_e1,B,25.0,200.0,3.0,False,1.0,False,vs_B7,B7,-0.0006188915801282478,-0.005898452138470761,0.00422317089519658,0.44,797.4126819506985,797.9064995650089,0.0030214937039617015,-0.006018556464792763,-0.01197739165779002
B_pR25_cap200_d3_res1_e1,B,25.0,200.0,3.0,True,1.0,True,VSS,B1,0.011103282527399231,-0.011628872331154495,0.03323599543663944,0.78,809.8795083319288,800.9859351930078,-0.008308489140981963,0.036949309610170344,0.06389621761777063
B_pR25_cap200_d3_res1_e1,B,25.0,200.0,3.0,True,1.0,True,VCI,B4,0.0032144967287058043,-0.007296410180984053,0.013715630962254907,0.72,803.5607018614251,800.9859351930078,-0.004725110027618105,0.01288581568447593,0.02264410373903162
B_pR25_cap200_d3_res1_e1,B,25.0,200.0,3.0,True,1.0,True,vs_CSAA,CSAA,-0.000800678277868046,-0.004432118879050355,0.0023896875662483275,0.42,800.3446031538209,800.9859351930078,0.0015575326533744781,-0.0042606041806739076,-0.008341861771183536
B_pR25_cap200_d3_res1_e1,B,25.0,200.0,3.0,True,1.0,True,vs_B3,B3,0.005163132098039203,-0.01888277240935487,0.03333758967281026,0.62,805.1215313850807,800.9859351930078,-0.014866741916371936,0.03194155519980406,0.06012902162602592
B_pR25_cap200_d3_res1_e1,B,25.0,200.0,3.0,True,1.0,True,vs_B7,B7,0.020212440768500588,0.015350781691489982,0.02477886439455863,1.0,817.1758159644985,800.9859351930078,0.022097031653737442,0.015371624850262517,0.008344188230769621
B_pR25_cap50_d10_res0_e1,B,25.0,50.0,10.0,False,1.0,False,VSS,B1,0.014732738620008467,-0.00693498902028517,0.035381923788090595,0.88,809.5871620180862,797.8328984625931,-0.003585080795968986,0.03966210781195868,0.06675045437800677
B_pR25_cap50_d10_res0_e1,B,25.0,50.0,10.0,False,1.0,False,VCI,B4,0.004286170399059493,-0.002519020431257543,0.010880181204544091,0.86,801.2525462153793,797.8328984625931,-0.0005995551956244968,0.010229558198905503,0.016274718275933495
B_pR25_cap50_d10_res0_e1,B,25.0,50.0,10.0,False,1.0,False,vs_CSAA,CSAA,-0.0014982577300999406,-0.00610645066669339,0.0025143085876004607,0.28,796.6375391551435,797.8328984625931,0.0016404424739016154,-0.0061217094261432166,-0.011295526821801483
B_pR25_cap50_d10_res0_e1,B,25.0,50.0,10.0,False,1.0,False,vs_B3,B3,0.009048694070464805,-0.015508891583282546,0.03687987858489227,0.7,805.0522442801333,797.8328984625931,-0.010580376051009933,0.03689242898064608,0.06680577595619362
B_pR25_cap50_d10_res0_e1,B,25.0,50.0,10.0,False,1.0,False,vs_B7,B7,-0.0006693487559471466,-0.005877909603810131,0.0037038206323015623,0.44,797.2988700045535,797.8328984625931,0.0027940747792676354,-0.00581387404682207,-0.011621002955044098
B_pR25_cap50_d10_res1_e1,B,25.0,50.0,10.0,True,1.0,False,VSS,B1,0.011103282527406978,-0.011628872331147892,0.03323599543666704,0.78,809.8795083319393,800.985935193012,-0.008308489140984634,0.036949309610193486,0.06389621761781285
B_pR25_cap50_d10_res1_e1,B,25.0,50.0,10.0,True,1.0,False,VCI,B4,0.0032144967287131678,-0.007296410180971859,0.013715630962256477,0.72,803.5607018614352,800.985935193012,-0.004725110027607199,0.012885815684475017,0.02264410373902111
B_pR25_cap50_d10_res1_e1,B,25.0,50.0,10.0,True,1.0,False,vs_CSAA,CSAA,-0.0008006782778657708,-0.004432118879058102,0.002389687566240968,0.42,800.3446031538269,800.985935193012,0.0015575326533946523,-0.004260604180682508,-0.008341861771218326
B_pR25_cap50_d10_res1_e1,B,25.0,50.0,10.0,True,1.0,False,vs_B3,B3,0.005163132098087149,-0.018882772409337945,0.033337589672888045,0.62,805.1215313851234,800.985935193012,-0.014866741916349804,0.031941555199883474,0.06012902162613624
B_pR25_cap50_d10_res1_e1,B,25.0,50.0,10.0,True,1.0,False,vs_B7,B7,0.0009561134390375191,-0.0032584114304351325,0.004559514969958015,0.64,801.7517686101301,800.985935193012,0.003604329199602583,-0.0030348179303492334,-0.0077471165104659205
B_pR25_cap50_d1_res0_e1,B,25.0,50.0,1.0,False,1.0,False,VSS,B1,-0.00747297060150042,-0.03419034159834361,0.019317768984737624,0.3,749.8173156686644,755.4628674677763,-0.027233788499082777,0.01816794041460159,0.042217885340778756
B_pR25_cap50_d1_res0_e1,B,25.0,50.0,1.0,False,1.0,False,VCI,B4,-0.020707005038208746,-0.04304753044292576,0.003237600418528345,0.06,739.8194940649414,755.4628674677763,-0.040361590238523426,0.004706236762366801,0.02969822285358657
B_pR25_cap50_d1_res0_e1,B,25.0,50.0,1.0,False,1.0,False,vs_CSAA,CSAA,-0.023051690632468674,-0.04458008177434995,0.0007303155268673525,0.04,738.0481711625914,755.4628674677763,-0.041951159223970504,0.0012331964021864527,0.02533519314817266
B_pR25_cap50_d1_res0_e1,B,25.0,50.0,1.0,False,1.0,False,vs_B3,B3,-0.0016018839629475846,-0.04506318499294174,0.04589515781049718,0.54,754.2527036157772,755.4628674677763,-0.04537863077065018,0.04922010022730677,0.09781565577706763
B_pR25_cap50_d1_res0_e1,B,25.0,50.0,1.0,False,1.0,False,vs_B7,B7,0.037257212583740866,0.02358599064201783,0.05020714873016526,1.0,783.6093081201457,755.4628674677763,0.045268695421896786,0.025640720994544623,0.012827970827138938
B_pR25_cap50_d1_res1_e1,B,25.0,50.0,1.0,True,1.0,True,VSS,B1,-0.0074729706015388055,-0.0341903415983921,0.019317768984707193,0.3,749.8173156686644,755.4628674678055,-0.027233788499130225,0.018167940414575746,0.04221788534076928
B_pR25_cap50_d1_res1_e1,B,25.0,50.0,1.0,True,1.0,True,VCI,B4,-0.0207070050382567,-0.043047530442980354,0.003237600418496582,0.06,739.8194940649338,755.4628674678055,-0.040361590238580596,0.004706236762330273,0.02969822285356508
B_pR25_cap50_d1_res1_e1,B,25.0,50.0,1.0,True,1.0,True,vs_CSAA,CSAA,-0.023051690632506457,-0.04458008177439822,0.0007303155268407974,0.04,738.0481711625914,755.4628674678055,-0.04195115922401511,0.0012331964021582223,0.025335193148157877
B_pR25_cap50_d1_res1_e1,B,25.0,50.0,1.0,True,1.0,True,vs_B3,B3,-0.0016018601142008513,-0.045063222664234036,0.04589524293359042,0.54,754.252721632649,755.4628674678055,-0.04537867052269415,0.04922019130464382,0.09781581061255588
B_pR25_cap50_d1_res1_e1,B,25.0,50.0,1.0,True,1.0,True,vs_B7,B7,0.0372572125837012,0.023585990641994254,0.05020714873011128,1.0,783.609308120146,755.4628674678055,0.04526869542184644,0.02564072099451769,0.012827970827128141
B_pR25_cap50_d3_res0_e1,B,25.0,50.0,3.0,False,1.0,False,VSS,B1,0.014732738619997994,-0.0069349890202876924,0.03538192378806583,0.88,809.587162018074,797.8328984625892,-0.003585080795975761,0.039662107811942016,0.06675045437798423
B_pR25_cap50_d3_res0_e1,B,25.0,50.0,3.0,False,1.0,False,VCI,B4,0.004286170399049111,-0.002519020431260597,0.010880181204526648,0.86,801.2525462153671,797.8328984625892,-0.0005995551956278071,0.010229558198886251,0.016274718275905244
B_pR25_cap50_d3_res0_e1,B,25.0,50.0,3.0,False,1.0,False,vs_CSAA,CSAA,-0.001498257730122177,-0.006106450666857052,0.002514308587246885,0.28,796.6375391551219,797.8328984625892,0.001640442473940019,-0.0061217094261722185,-0.011295526821905499
B_pR25_cap50_d3_res0_e1,B,25.0,50.0,3.0,False,1.0,False,vs_B3,B3,0.00904671592897553,-0.015508891583621325,0.036879243881312654,0.7,805.0506660537715,797.8328984625892,-0.010580376051011274,0.0367089281814794,0.06643927499859877
B_pR25_cap50_d3_res0_e1,B,25.0,50.0,3.0,False,1.0,False,vs_B7,B7,-0.000669348755928198,-0.005877909603795655,0.0037038206323245807,0.44,797.2988700045647,797.8328984625892,0.002794074779287493,-0.005813874046804638,-0.011621002955029287
B_pR25_cap50_d3_res1_e1,B,25.0,50.0,3.0,True,1.0,True,VSS,B1,0.011103282527404392,-0.011628872331147101,0.03323599543664618,0.78,809.8795083319293,800.9859351930041,-0.00830848914097542,0.03694930961017056,0.06389621761776772
B_pR25_cap50_d3_res1_e1,B,25.0,50.0,3.0,True,1.0,True,VCI,B4,0.003214496728709367,-0.007296410180984002,0.013715630962262094,0.72,803.5607018614243,800.9859351930041,-0.004725110027614979,0.012885815684478639,0.02264410373903488
B_pR25_cap50_d3_res1_e1,B,25.0,50.0,3.0,True,1.0,True,vs_CSAA,CSAA,-0.0008006782778636497,-0.0044321188790405934,0.0023896875662494203,0.42,800.3446031538208,800.9859351930041,0.0015575326533770625,-0.004260604180670383,-0.008341861771177904
B_pR25_cap50_d3_res1_e1,B,25.0,50.0,3.0,True,1.0,True,vs_B3,B3,0.005163132098042632,-0.018882772409352707,0.03333758967281661,0.62,805.1215313850798,800.9859351930041,-0.014866741916367714,0.0319415551998037,0.06012902162602344
B_pR25_cap50_d3_res1_e1,B,25.0,50.0,3.0,True,1.0,True,vs_B7,B7,0.020212440765791734,0.015350781689095656,0.024778864391318472,1.0,817.175815962325,800.9859351930041,0.022097031651085685,0.01537162484761732,0.008344188228398294
B_pR40_cap100_d10_res0_e1,B,40.0,100.0,10.0,False,1.0,False,VSS,B1,0.015380174856680797,-0.0062848756474035705,0.03607243131523513,0.88,811.8091765377749,799.5125339652809,-0.003078262348134768,0.040136544187418806,0.0668438777099998
B_pR40_cap100_d10_res0_e1,B,40.0,100.0,10.0,False,1.0,False,VCI,B4,0.004383750829442163,-0.006015421131908633,0.014654545212941272,0.8,803.0173976992006,799.5125339652809,-0.0032101828282840436,0.014410518175160114,0.024714848707504046
B_pR40_cap100_d10_res0_e1,B,40.0,100.0,10.0,False,1.0,False,vs_CSAA,CSAA,-0.0011872056547581184,-0.0056443354947899,0.0024031193504743583,0.42,798.5633481639073,799.5125339652809,0.001738846406664172,-0.0056421409493682875,-0.01084518108623095
B_pR40_cap100_d10_res0_e1,B,40.0,100.0,10.0,False,1.0,False,vs_B3,B3,0.006972133220845273,-0.017461670930058706,0.03483061890066956,0.68,805.0868418638224,799.5125339652809,-0.012699084916376393,0.03455409339479004,0.06401235911808689
B_pR40_cap100_d10_res0_e1,B,40.0,100.0,10.0,False,1.0,False,vs_B7,B7,9.376426283496993e-05,-0.004960030084555463,0.004538661401043104,0.48,799.5874996686555,799.5125339652809,0.003329278286965524,-0.005115397515488057,-0.011189180267406524
B_pR40_cap100_d10_res1_e1,B,40.0,100.0,10.0,True,1.0,False,VSS,B1,0.011103282527406978,-0.011628872331148305,0.03323599543666803,0.78,809.8795083319393,800.985935193012,-0.008308489140985064,0.03694930961019446,0.06389621761781593
B_pR40_cap100_d10_res1_e1,B,40.0,100.0,10.0,True,1.0,False,VCI,B4,0.003214496728708484,-0.00729641018098228,0.013715630962258156,0.72,803.5607018614314,800.985935193012,-0.004725110027615644,0.012885815684477274,0.022644103739032802
B_pR40_cap100_d10_res1_e1,B,40.0,100.0,10.0,True,1.0,False,vs_CSAA,CSAA,-0.0008006782778656289,-0.004432118879058904,0.002389687566239984,0.42,800.344603153827,800.985935193012,0.0015575326533959408,-0.0042606041806839195,-0.008341861771221003
B_pR40_cap100_d10_res1_e1,B,40.0,100.0,10.0,True,1.0,False,vs_B3,B3,0.0051631320980924005,-0.018882772409336033,0.03333758967289745,0.62,805.1215313851276,800.985935193012,-0.014866741916346944,0.03194155519989194,0.06012902162614877
B_pR40_cap100_d10_res1_e1,B,40.0,100.0,10.0,True,1.0,False,vs_B7,B7,0.0009561134390379449,-0.003258411430434693,0.004559514969956868,0.64,801.7517686101304,800.985935193012,0.003604329199603156,-0.0030348179303496562,-0.0077471165104667635
B_pR40_cap100_d1_res0_e1,B,40.0,100.0,1.0,False,1.0,False,VSS,B1,-0.007472970601517007,-0.034190341598361255,0.019317768984721886,0.3,749.8173156686635,755.462867467788,-0.02723378849910085,0.018167940414586765,0.04221788534076695
B_pR40_cap100_d1_res0_e1,B,40.0,100.0,1.0,False,1.0,False,VCI,B4,-0.020707005038242434,-0.04304753044295687,0.003237600418505542,0.06,739.8194940649274,755.462867467788,-0.040361590238561514,0.004706236762336908,0.02969822285356107
B_pR40_cap100_d1_res0_e1,B,40.0,100.0,1.0,False,1.0,False,vs_CSAA,CSAA,-0.023051690632483968,-0.04458008177437011,0.0007303155268571339,0.04,738.0481711625913,755.462867467788,-0.041951159223988906,0.0012331964021755476,0.02533519314816747
B_pR40_cap100_d1_res0_e1,B,40.0,100.0,1.0,False,1.0,False,vs_B3,B3,-0.001601883854791075,-0.045063184899195585,0.04589515793258274,0.54,754.2527036974972,755.462867467788,-0.04537863068478963,0.04922010035265692,0.09781565592238572
B_pR40_cap100_d1_res0_e1,B,40.0,100.0,1.0,False,1.0,False,vs_B7,B7,0.03725721258372404,0.02358599064200678,0.05020714873014354,1.0,783.6093081201451,755.462867467788,0.04526869542187581,0.02564072099453329,0.012827970827133975
B_pR40_cap100_d1_res1_e1,B,40.0,100.0,1.0,True,1.0,True,VSS,B1,-0.007472970601565238,-0.03419034159842578,0.019317768984685818,0.3,749.8173156686647,755.462867467826,-0.027233788499163452,0.018167940414557646,0.042217885340761464
B_pR40_cap100_d1_res1_e1,B,40.0,100.0,1.0,True,1.0,True,VCI,B4,-0.020707005038279467,-0.043047530443011,0.0032376004184815413,0.06,739.8194940649366,755.462867467826,-0.04036159023860897,0.004706236762315114,0.02969822285355902
B_pR40_cap100_d1_res1_e1,B,40.0,100.0,1.0,True,1.0,True,vs_CSAA,CSAA,-0.02305169063253307,-0.04458008177443257,0.0007303155268228152,0.04,738.0481711625913,755.462867467826,-0.04195115922404662,0.0012331964021386542,0.025335193148147566
B_pR40_cap100_d1_res1_e1,B,40.0,100.0,1.0,True,1.0,True,vs_B3,B3,-0.0016018601142292498,-0.04506322266426404,0.0458952429335713,0.54,754.252721632648,755.462867467826,-0.04537867052272707,0.049220191304622296,0.09781581061254399
B_pR40_cap100_d1_res1_e1,B,40.0,100.0,1.0,True,1.0,True,vs_B7,B7,0.0372572125836716,0.0235859906419759,0.0502071487300733,1.0,783.6093081201449,755.462867467826,0.045268695421809876,0.02564072099449795,0.012827970827119577
B_pR40_cap100_d3_res0_e1,B,40.0,100.0,3.0,False,1.0,False,VSS,B1,0.015380174856675454,-0.006284875647411072,0.03607243131522744,0.88,811.8091765377674,799.5125339652777,-0.0030782623481416626,0.04013654418741508,0.06684387770999681
B_pR40_cap100_d3_res0_e1,B,40.0,100.0,3.0,False,1.0,False,VCI,B4,0.004383750829439905,-0.006015421131908847,0.014654545212936286,0.8,803.0173976991956,799.5125339652777,-0.003210182828286777,0.01441051817515751,0.024714848707500656
B_pR40_cap100_d3_res0_e1,B,40.0,100.0,3.0,False,1.0,False,vs_CSAA,CSAA,-0.0011872056547622468,-0.005644335494780057,0.002403119350454482,0.42,798.5633481639009,799.5125339652777,0.0017388464066373447,-0.005642140949357127,-0.010845181086189417
B_pR40_cap100_d3_res0_e1,B,40.0,100.0,3.0,False,1.0,False,vs_B3,B3,0.0069721332208113156,-0.01746167093007895,0.03483061890061575,0.68,805.0868418637921,799.5125339652777,-0.012699084916394788,0.034554093394736266,0.06401235911801215
B_pR40_cap100_d3_res0_e1,B,40.0,100.0,3.0,False,1.0,False,vs_B7,B7,9.376426282970908e-05,-0.00496003008456459,0.00453866140103862,0.48,799.5874996686481,799.5125339652777,0.003329278286961227,-0.005115397515493755,-0.011189180267413664
B_pR40_cap100_d3_res1_e1,B,40.0,100.0,3.0,True,1.0,True,VSS,B1,0.011103282527402095,-0.011628872331148968,0.03323599543664346,0.78,809.8795083319293,800.985935193006,-0.008308489140978115,0.03694930961017011,0.06389621761776741
B_pR40_cap100_d3_res1_e1,B,40.0,100.0,3.0,True,1.0,True,VCI,B4,0.0032144967287079406,-0.007296410180983382,0.013715630962258524,0.72,803.560701861425,800.985935193006,-0.0047251100276168275,0.012885815684477499,0.02264410373903304
B_pR40_cap100_d3_res1_e1,B,40.0,100.0,3.0,True,1.0,True,vs_CSAA,CSAA,-0.0008006782778660608,-0.004432118879044745,0.0023896875662483726,0.42,800.3446031538207,800.985935193006,0.0015575326533747678,-0.00426060418067137,-0.008341861771180155
B_pR40_cap100_d3_res1_e1,B,40.0,100.0,3.0,True,1.0,True,vs_B3,B3,0.005163132098044182,-0.018882772409352502,0.033337589672819155,0.62,805.1215313850829,800.985935193006,-0.014866741916368819,0.031941555199809894,0.06012902162603244
B_pR40_cap100_d3_res1_e1,B,40.0,100.0,3.0,True,1.0,True,vs_B7,B7,0.020212440765794103,0.015350781689096905,0.024778864391324037,1.0,817.1758159623288,800.985935193006,0.02209703165108777,0.01537162484762141,0.008344188228402237
B_pR40_cap200_d10_res0_e1,B,40.0,200.0,10.0,False,1.0,False,VSS,B1,0.015380174856682065,-0.006284875647411223,0.03607243131524649,0.88,811.8091765377765,799.5125339652815,-0.0030782623481397874,0.04013654418743042,0.06684387771002301
B_pR40_cap200_d10_res0_e1,B,40.0,200.0,10.0,False,1.0,False,VCI,B4,0.004383750829438036,-0.006015421131906733,0.014654545212931896,0.8,803.0173976991979,799.5125339652815,-0.003210182828284471,0.014410518175151188,0.024714848707491313
B_pR40_cap200_d10_res0_e1,B,40.0,200.0,10.0,False,1.0,False,vs_CSAA,CSAA,-0.0011872056547591128,-0.005644335494790622,0.0024031193504730915,0.42,798.5633481639071,799.5125339652815,0.0017388464066625923,-0.0056421409493687125,-0.010845181086231233
B_pR40_cap200_d10_res0_e1,B,40.0,200.0,10.0,False,1.0,False,vs_B3,B3,0.00697213322084214,-0.017461670930062723,0.0348306189006652,0.68,805.0868418638205,799.5125339652815,-0.012699084916378821,0.03455409339478621,0.06401235911808095
B_pR40_cap200_d10_res0_e1,B,40.0,200.0,10.0,False,1.0,False,vs_B7,B7,9.376426283397449e-05,-0.004960030084556501,0.004538661401041696,0.48,799.5874996686553,799.5125339652815,0.003329278286964373,-0.005115397515488482,-0.011189180267406664
B_pR40_cap200_d10_res1_e1,B,40.0,200.0,10.0,True,1.0,False,VSS,B1,0.011103282527406262,-0.011628872331149703,0.03323599543666722,0.78,809.8795083319393,800.9859351930126,-0.008308489140985774,0.036949309610194166,0.06389621761781608
B_pR40_cap200_d10_res1_e1,B,40.0,200.0,10.0,True,1.0,False,VCI,B4,0.0032144967287045076,-0.007296410180987218,0.013715630962255407,0.72,803.5607018614288,800.9859351930126,-0.0047251100276203654,0.01288581568447529,0.022644103739033795
B_pR40_cap200_d10_res1_e1,B,40.0,200.0,10.0,True,1.0,False,vs_CSAA,CSAA,-0.0008006782778661961,-0.004432118879059105,0.0023896875662401426,0.42,800.3446031538272,800.9859351930126,0.0015575326533950808,-0.004260604180683636,-0.008341861771220439
B_pR40_cap200_d10_res1_e1,B,40.0,200.0,10.0,True,1.0,False,vs_B3,B3,0.005163132098089132,-0.018882772409337837,0.03333758967289182,0.62,805.1215313851255,800.9859351930126,-0.014866741916349223,0.03194155519988727,0.06012902162614286
B_pR40_cap200_d10_res1_e1,B,40.0,200.0,10.0,True,1.0,False,vs_B7,B7,0.0009561134390375184,-0.003258411430435069,0.004559514969957838,0.64,801.7517686101306,800.9859351930126,0.003604329199602581,-0.0030348179303497968,-0.007747116510465919
B_pR40_cap200_d1_res0_e1,B,40.0,200.0,1.0,False,1.0,False,VSS,B1,-0.007472970601590788,-0.03419034159845583,0.01931776898466363,0.3,749.8173156686638,755.4628674678445,-0.027233788499192328,0.018167940414537804,0.042217885340750425
B_pR40_cap200_d1_res0_e1,B,40.0,200.0,1.0,False,1.0,False,VCI,B4,-0.020707005038302733,-0.04304753044304101,0.003237600418467595,0.06,739.8194940649372,755.4628674678445,-0.04036159023863759,0.004706236762299371,0.029698222853554706
B_pR40_cap200_d1_res0_e1,B,40.0,200.0,1.0,False,1.0,False,vs_CSAA,CSAA,-0.023051690632557183,-0.04458008177446658,0.0007303155268096535,0.04,738.0481711625912,755.4628674678445,-0.041951159224077945,0.0012331964021235651,0.025335193148144905
B_pR40_cap200_d1_res0_e1,B,40.0,200.0,1.0,False,1.0,False,vs_B3,B3,-0.0016018838608027337,-0.045063184905444066,0.045895157920463996,0.54,754.252703693012,755.4628674678445,-0.04537863068519807,0.04922010034145149,0.09781565590401868
B_pR40_cap200_d1_res0_e1,B,40.0,200.0,1.0,False,1.0,False,vs_B7,B7,0.03725721258364616,0.023585990641961072,0.05020714873003886,1.0,783.6093081201449,755.4628674678445,0.045268695421777395,0.02564072099448112,0.012827970827114028
B_pR40_cap200_d1_res1_e1,B,40.0,200.0,1.0,True,1.0,True,VSS,B1,-0.007472970601510129,-0.03419034159835525,0.01931776898472965,0.3,749.8173156686643,755.4628674677836,-0.027233788499094653,0.018167940414594286,0.04221788534077408
B_pR40_cap200_d1_res1_e1,B,40.0,200.0,1.0,True,1.0,True,VCI,B4,-0.020707005038220132,-0.04304753044293837,0.0032376004185199034,0.06,739.8194940649399,755.4628674677836,-0.04036159023853698,0.004706236762357364,0.029698222853579443
B_pR40_cap200_d1_res1_e1,B,40.0,200.0,1.0,True,1.0,True,vs_CSAA,CSAA,-0.023051690632478233,-0.04458008177435989,0.000730315526858284,0.04,738.0481711625913,755.4628674677836,-0.041951159223979774,0.0012331964021768944,0.025335193148163484
B_pR40_cap200_d1_res1_e1,B,40.0,200.0,1.0,True,1.0,True,vs_B3,B3,-0.0016018601141732083,-0.045063222664201895,0.045895242933606854,0.54,754.252721632648,755.4628674677836,-0.04537867052265879,0.049220191304660696,0.09781581061255801
B_pR40_cap200_d1_res1_e1,B,40.0,200.0,1.0,True,1.0,True,vs_B7,B7,0.03725721258372982,0.023585990642009527,0.050207148730151835,1.0,783.6093081201449,755.4628674677836,0.045268695421883005,0.025640720994536514,0.012827970827134572
B_pR40_cap200_d3_res0_e1,B,40.0,200.0,3.0,False,1.0,False,VSS,B1,0.01538017485666867,-0.006284875647426604,0.03607243131522293,0.88,811.8091765377674,799.5125339652831,-0.0030782623481516755,0.04013654418741597,0.0668438777099965
B_pR40_cap200_d3_res0_e1,B,40.0,200.0,3.0,False,1.0,False,VCI,B4,0.0043837508294347575,-0.006015421131931501,0.014654545212945212,0.8,803.0173976991969,799.5125339652831,-0.0032101828283032452,0.014410518175170984,0.024714848707523288
B_pR40_cap200_d3_res0_e1,B,40.0,200.0,3.0,False,1.0,False,vs_CSAA,CSAA,-0.001187205654769775,-0.005644335494785829,0.0024031193504417832,0.42,798.5633481639002,799.5125339652831,0.0017388464066280009,-0.005642140949357557,-0.010845181086192385
B_pR40_cap200_d3_res0_e1,B,40.0,200.0,3.0,False,1.0,False,vs_B3,B3,0.006972133220804444,-0.017461670930111813,0.034830618900610885,0.68,805.086841863792,799.5125339652831,-0.012699084916405277,0.03455409339473686,0.06401235911801142
B_pR40_cap200_d3_res0_e1,B,40.0,200.0,3.0,False,1.0,False,vs_B7,B7,9.376426282316748e-05,-0.004960030084568884,0.004538661401025113,0.48,799.5874996686482,799.5125339652831,0.003329278286951293,-0.0051153975154929095,-0.011189180267413943
B_pR40_cap200_d3_res1_e1,B,40.0,200.0,3.0,True,1.0,True,VSS,B1,0.01110328252739981,-0.011628872331149861,0.03323599543663564,0.78,809.8795083319284,800.9859351930069,-0.008308489140979257,0.03694930961016956,0.06389621761776755
B_pR40_cap200_d3_res1_e1,B,40.0,200.0,3.0,True,1.0,True,VCI,B4,0.0032144967287055237,-0.007296410180983402,0.013715630962254154,0.72,803.5607018614239,800.9859351930069,-0.004725110027619687,0.012885815684478493,0.02264410373903816
B_pR40_cap200_d3_res1_e1,B,40.0,200.0,3.0,True,1.0,True,vs_CSAA,CSAA,-0.0008006782778671953,-0.00443211887904994,0.002389687566250954,0.42,800.3446031538207,800.9859351930069,0.0015575326533741943,-0.004260604180671229,-0.008341861771177777
B_pR40_cap200_d3_res1_e1,B,40.0,200.0,3.0,True,1.0,True,vs_B3,B3,0.005163132098033957,-0.018882772409354112,0.03333758967279904,0.62,805.1215313850756,800.9859351930069,-0.014866741916373247,0.031941555199795066,0.06012902162601339
B_pR40_cap200_d3_res1_e1,B,40.0,200.0,3.0,True,1.0,True,vs_B7,B7,0.020212440765787123,0.015350781689086466,0.024778864391321383,1.0,817.1758159623241,800.9859351930069,0.02209703165108146,0.01537162484761576,0.008344188228399014
B_pR40_cap50_d10_res0_e1,B,40.0,50.0,10.0,False,1.0,False,VSS,B1,0.015101016164938634,-0.006560059252283786,0.035852943430034666,0.88,811.5859856647617,799.5125339652809,-0.0034052274227982593,0.040029403450462464,0.06689092237474338
B_pR40_cap50_d10_res0_e1,B,40.0,50.0,10.0,False,1.0,False,VCI,B4,0.004383750829446571,-0.006015421131910038,0.01465454521295181,0.8,803.0173976992041,799.5125339652809,-0.003210182828285621,0.014410518175171598,0.024714848707522736
B_pR40_cap50_d10_res0_e1,B,40.0,50.0,10.0,False,1.0,False,vs_CSAA,CSAA,-0.001187205654763664,-0.005644335494798773,0.0024031193504715355,0.42,798.5633481639029,799.5125339652809,0.0017388464066625932,-0.005642140949376933,-0.010845181086245386
B_pR40_cap50_d10_res0_e1,B,40.0,50.0,10.0,False,1.0,False,vs_B3,B3,0.006972133220844277,-0.0174616709300602,0.03483061890066762,0.68,805.0868418638216,799.5125339652809,-0.012699084916377393,0.034554093394788356,0.06401235911808438
B_pR40_cap50_d10_res0_e1,B,40.0,50.0,10.0,False,1.0,False,vs_B7,B7,-0.00016903558736523097,-0.005190681929000137,0.003849748294730936,0.46,799.3773878944962,799.5125339652809,0.003029373867674643,-0.005217494178358911,-0.01113468088123261
B_pR40_cap50_d10_res1_e1,B,40.0,50.0,10.0,True,1.0,False,VSS,B1,0.011103282527407703,-0.011628872331146001,0.033235995436668726,0.78,809.8795083319388,800.985935193011,-0.008308489140982936,0.03694930961019307,0.06389621761781222
B_pR40_cap50_d10_res1_e1,B,40.0,50.0,10.0,True,1.0,False,VCI,B4,0.0032144967287143075,-0.007296410180972325,0.01371563096225913,0.72,803.5607018614351,800.985935193011,-0.004725110027606064,0.012885815684476432,0.022644103739023907
B_pR40_cap50_d10_res1_e1,B,40.0,50.0,10.0,True,1.0,False,vs_CSAA,CSAA,-0.0008006782778647784,-0.00443211887905577,0.0023896875662412073,0.42,800.3446031538267,800.985935193011,0.0015575326533965167,-0.004260604180682933,-0.008341861771220151
B_pR40_cap50_d10_res1_e1,B,40.0,50.0,10.0,True,1.0,False,vs_B3,B3,0.005163132098089285,-0.018882772409336217,0.03333758967289253,0.62,805.1215313851241,800.985935193011,-0.014866741916347119,0.031941555199885174,0.06012902162613815
B_pR40_cap50_d10_res1_e1,B,40.0,50.0,10.0,True,1.0,False,vs_B7,B7,0.0009561134390392235,-0.0032584114304326233,0.0045595149699578725,0.64,801.7517686101304,800.985935193011,0.003604329199605311,-0.0030348179303490925,-0.007747116510467322
B_pR40_cap50_d1_res0_e1,B,40.0,50.0,1.0,False,1.0,False,VSS,B1,-0.007472970601482949,-0.034190341598319615,0.019317768984750825,0.3,749.8173156686638,755.4628674677624,-0.027233788499060694,0.018167940414612095,0.042217885340779776
B_pR40_cap50_d1_res0_e1,B,40.0,50.0,1.0,False,1.0,False,VCI,B4,-0.02070700503819483,-0.043047530442905095,0.0032376004185361573,0.06,739.8194940649383,755.4628674677624,-0.040361590238505905,0.004706236762374911,0.02969822285358607
B_pR40_cap50_d1_res0_e1,B,40.0,50.0,1.0,False,1.0,False,vs_CSAA,CSAA,-0.02305169063245104,-0.04458008177432584,0.0007303155268779882,0.04,738.0481711625912,755.4628674677624,-0.04195115922394876,0.001233196402198552,0.025335193148176883
B_pR40_cap50_d1_res0_e1,B,40.0,50.0,1.0,False,1.0,False,vs_B3,B3,-0.0016018840128085522,-0.04506318504536023,0.045895157760987265,0.54,754.2527035780953,755.4628674677624,-0.045378630826172495,0.04922010017904824,0.09781565573503768
B_pR40_cap50_d1_res0_e1,B,40.0,50.0,1.0,False,1.0,False,vs_B7,B7,0.03725721258375841,0.023585990642026523,0.0502071487301908,1.0,783.6093081201445,755.4628674677624,0.0452686954219187,0.02564072099455641,0.012827970827143272
B_pR40_cap50_d1_res1_e1,B,40.0,50.0,1.0,True,1.0,True,VSS,B1,-0.00747297060142036,-0.03419034159824301,0.019317768984802784,0.3,749.8173156686645,755.4628674677155,-0.027233788498985407,0.018167940414657763,0.04221788534080132
B_pR40_cap50_d1_res1_e1,B,40.0,50.0,1.0,True,1.0,True,VCI,B4,-0.020707005038137424,-0.04304753044283056,0.0032376004185725206,0.06,739.8194940649357,755.4628674677155,-0.040361590238434546,0.004706236762413452,0.029698222853599122
B_pR40_cap50_d1_res1_e1,B,40.0,50.0,1.0,True,1.0,True,vs_CSAA,CSAA,-0.02305169063239017,-0.04458008177424238,0.0007303155269142945,0.04,738.0481711625913,755.4628674677155,-0.041951159223872034,0.0012331964022384387,0.02533519314818883
B_pR40_cap50_d1_res1_e1,B,40.0,50.0,1.0,True,1.0,True,vs_B3,B3,-0.00160186011408276,-0.045063222664105396,0.04589524293366658,0.54,754.2527216326483,755.4628674677155,-0.045378670522552345,0.049220191304726525,0.09781581061258719
B_pR40_cap50_d1_res1_e1,B,40.0,50.0,1.0,True,1.0,True,vs_B7,B7,0.037257212583823175,0.023585990642063657,0.05020714873027785,1.0,783.6093081201448,755.4628674677155,0.045268695422000724,0.025640720994599256,0.012827970827159318
B_pR40_cap50_d3_res0_e1,B,40.0,50.0,3.0,False,1.0,False,VSS,B1,0.015101016164933347,-0.006560059252283696,0.03585294343002023,0.88,811.5859856647512,799.5125339652748,-0.0034052274228021547,0.04002940345045216,0.06689092237472558
B_pR40_cap50_d3_res0_e1,B,40.0,50.0,3.0,False,1.0,False,VCI,B4,0.00438375082944433,-0.006015421131907127,0.014654545212939987,0.8,803.0173976991962,799.5125339652748,-0.003210182828282341,0.014410518175160238,0.024714848707501673
B_pR40_cap50_d3_res0_e1,B,40.0,50.0,3.0,False,1.0,False,vs_CSAA,CSAA,-0.0011872056547594073,-0.005644335494778377,0.002403119350454202,0.42,798.5633481639002,799.5125339652748,0.0017388464066410818,-0.005642140949356291,-0.010845181086190703
B_pR40_cap50_d3_res0_e1,B,40.0,50.0,3.0,False,1.0,False,vs_B3,B3,0.006972133220815465,-0.017461670930076112,0.03483061890061924,0.68,805.0868418637924,799.5125339652748,-0.012699084916390817,0.03455409339473932,0.06401235911801406
B_pR40_cap50_d3_res0_e1,B,40.0,50.0,3.0,False,1.0,False,vs_B7,B7,-0.00016903558733409152,-0.005190681928974291,0.003849748294760347,0.46,799.377387894515,799.5125339652748,0.0030293738677059415,-0.005217494178330189,-0.011134680881209337
B_pR40_cap50_d3_res1_e1,B,40.0,50.0,3.0,True,1.0,True,VSS,B1,0.011103282527404248,-0.011628872331146841,0.03323599543664831,0.78,809.8795083319293,800.9859351930043,-0.008308489140976845,0.036949309610173585,0.06389621761777221
B_pR40_cap50_d3_res1_e1,B,40.0,50.0,3.0,True,1.0,True,VCI,B4,0.0032144967287122054,-0.0072964101809772485,0.01371563096226161,0.72,803.5607018614267,800.9859351930043,-0.004725110027610396,0.012885815684478517,0.022644103739030273
B_pR40_cap50_d3_res1_e1,B,40.0,50.0,3.0,True,1.0,True,vs_CSAA,CSAA,-0.0008006782778639334,-0.004432118879038914,0.0023896875662500205,0.42,800.3446031538207,800.9859351930043,0.0015575326533736262,-0.0042606041806674206,-0.008341861771171154
B_pR40_cap50_d3_res1_e1,B,40.0,50.0,3.0,True,1.0,True,vs_B3,B3,0.0051631320980341155,-0.018882772409354782,0.03333758967280312,0.62,805.1215313850731,800.9859351930043,-0.01486674191637157,0.031941555199791166,0.06012902162600537
B_pR40_cap50_d3_res1_e1,B,40.0,50.0,3.0,True,1.0,True,vs_B7,B7,0.02021244076532548,0.015350781688683954,0.024778864390762306,1.0,817.1758159619517,800.9859351930043,0.0220970316506289,0.01537162484716408,0.008344188227993174
